latitude,longitude,rsrp,rsrq,sinr,download_mbps,upload_mbps,latency_ms,quality_score,quality
14.756424433143305,-17.49179799411781,-99.40029346339506,-13.489102716115811,8.077428646334447,66.62048411200281,10.26901269924855,86.25265419073503,0.3926183238873474,Mauvaise
14.731075434662493,-17.472461461611058,-67.71071314745461,-12.3719007687497,6.651923368099114,104.17766477146841,27.0090397791982,69.68805446830028,0.6138222314912506,Moyenne
14.774485319086258,-17.43644958617436,-79.74033320037272,-7.036336495169476,1.1653869376001023,66.2281899566326,19.600567026895675,81.75962709787808,0.5123482371659871,Moyenne
14.76759025654059,-17.360588155258277,-87.07378336916298,-14.23993859516151,16.25433345355208,91.46738456774114,24.214348681396668,74.44656573887667,0.5546145449403646,Moyenne
14.669647835587021,-17.429976448006375,-111.41897477566599,-6.824904412629602,11.681845617802011,35.547162371366234,18.284898235436085,108.21422925786682,0.38364463587326697,Mauvaise
14.655531860698938,-17.520524361643922,-111.42030138150885,-17.76611796632632,25.299534731340128,62.250716234463994,24.177261202283837,75.03253983184364,0.43195784145780053,Moyenne
14.701882315445317,-17.5486007629047,-116.80540133074904,-8.12482187907917,-3.876164683127961,3.143960909643059,1.4527517779260295,101.23776094174414,0.17922984365818553,Mauvaise
14.717870332246424,-17.379802428898266,-72.36031198237856,-7.134333137233691,17.535377464429423,105.22838875857612,27.538518909769227,58.20457911590114,0.746570702971871,Bonne
14.717024179978432,-17.477134915326772,-86.93867435412352,-16.454552860277257,21.703210747904638,90.05924371386146,29.645906956454034,59.74659479752978,0.58671999551754,Moyenne
14.667433944810238,-17.487006812072035,-81.0560082212175,-12.975148546789194,21.582029921590745,111.52317291010328,30.388191900500875,55.68434164840157,0.6792200024289714,Moyenne
14.6662262661801,-17.389853775411524,-118.86785281373086,-16.68300315470882,26.012588848343377,55.77135960204484,21.16455071704764,69.9697587790244,0.40594735836630846,Moyenne
14.656091898251297,-17.360927140182035,-66.65495813109031,-9.107542194080951,20.516180999032294,136.46736979153056,31.978334496017006,60.22723664850498,0.8119895765391063,Bonne
14.760611790387202,-17.40039098232961,-74.2156547559768,-11.505131247136806,27.473352157669368,149.7818943380453,36.64016399885364,56.390200974033625,0.8205664029657067,Bonne
14.773206737948863,-17.515230537417715,-108.32134891269482,-10.105473146083506,6.642980993731202,35.97578112448779,7.287030075523781,104.17854154682215,0.32532063524927146,Mauvaise
14.665039052628337,-17.471724341281792,-109.99962680360946,-16.249182462613042,12.612329586304007,49.01067080915029,6.887365029251398,92.03619122517608,0.3226365702233911,Mauvaise
14.677705907911385,-17.398120289513052,-109.91275195806114,-16.035557931266126,-4.507211785098827,2.329634616181358,4.370402270844574,96.13763295763513,0.12924501055985155,Mauvaise
14.661682175015539,-17.368614837065888,-103.26667663722543,-18.41903744286131,-4.7564844443848076,27.077182136079447,0.2,100.67064600863968,0.15954796603565427,Mauvaise
14.764075282248308,-17.35027998721007,-91.13839626022693,-14.491054507259783,3.404431715803197,53.6624628683352,13.806222904330061,90.98132162010411,0.37078329435941926,Mauvaise
14.774632135359711,-17.447687818572366,-96.24302397468364,-11.163574741328551,-1.4717481001320158,40.014729703422525,9.283724327115435,102.54804697493229,0.3154367289878791,Mauvaise
14.684033554973716,-17.385495036331612,-103.9823972891077,-6.988911204037397,4.107397877751376,36.57393136346638,10.461028510827434,103.9330686302566,0.36140760848303327,Mauvaise
14.6894658978916,-17.540673671444523,-86.34809079026913,-9.66301573557847,1.1965153084939093,69.86507015284255,12.766491718556791,93.52699283346382,0.4442217154912352,Moyenne
14.697147058973682,-17.492835050049006,-112.3278376641377,-12.90445147240348,-4.001799130647312,0.5,1.6976318519386058,112.5557037626776,0.14117647831538466,Mauvaise
14.715320288719495,-17.475697319330504,-103.932044330563,-5.656318398482071,26.82564512421173,64.70090580954604,26.814637280606643,67.11589567996941,0.623359630997734,Moyenne
14.73871992722384,-17.354895230943622,-99.85009861884696,-8.930567191938355,-4.7121904013887965,25.12298996847919,6.958826649687363,105.48943703017582,0.2750589711061784,Mauvaise
14.715570775823101,-17.54932127035703,-94.91615086806303,-5.977687159924301,20.76287505179799,89.91654368312982,29.51368375058932,70.33932393713367,0.6401940800539929,Moyenne
14.773630205617911,-17.488395852447482,-76.81532212338425,-11.61376837418968,0.3251760421830783,77.28245948107293,17.044842940838286,99.1183059285606,0.47153893934661645,Moyenne
14.662986149607795,-17.36391754807742,-109.01794198129022,-15.375340152896046,26.928036769986,84.38320607108992,23.885492580591727,66.68753522332818,0.5123315117218965,Moyenne
14.753818716595758,-17.488664352991197,-91.71710588725136,-18.26042639089389,26.247857885646003,106.07561715640203,26.55232656336394,60.28399479508444,0.5959194036487699,Moyenne
14.693482801805752,-17.504986646837086,-87.41719871258766,-8.834812079226094,17.886540122924007,88.6530557795701,26.232397508339133,70.02790001043333,0.6247752313979154,Moyenne
14.699081199451252,-17.403982297712805,-117.44522730040012,-17.30175802792252,18.52819524302118,24.796142842244716,16.86605642439649,93.29306945527975,0.2964015816624026,Mauvaise
14.742147827682329,-17.40093222140003,-86.58503314542088,-14.761148204192459,-4.813130031060901,47.28068571710096,8.74913782451518,92.83722034428912,0.3146706728897081,Mauvaise
14.770819024283668,-17.4555644234705,-110.62117319719897,-11.545407289625437,29.47050481397607,85.10868721077628,26.54578026331572,78.7275963575026,0.5591129660952938,Moyenne
14.743106101211964,-17.36061650602692,-116.42216238580963,-11.098167771083531,25.724141125153505,56.39422393309373,19.381593371926055,62.96512066227531,0.4819452239602005,Moyenne
14.750861874799321,-17.509458584091632,-67.81129545106667,-10.591835242180096,26.328717900553222,143.6047956437152,39.70912707878069,44.421115801583426,0.8572757268857575,Bonne
14.747601301480643,-17.367316833204082,-66.89023818089923,-16.67242537510419,18.073558796780517,131.804594720486,34.97771473652086,66.75553102363449,0.6997021779614808,Moyenne
14.691727218777885,-17.39889838469494,-75.53814585359464,-13.683676332496917,7.067542502908779,83.59789806070813,24.204812303469478,88.34013969383466,0.5276203653526982,Moyenne
14.748400956313692,-17.476358331829193,-103.24624269546462,-10.359280820362466,26.27770271816683,88.02268002715435,25.611739937728068,54.44403327153762,0.6037845173928297,Moyenne
14.751987698828573,-17.388618276055325,-114.62803372964889,-5.422535895127014,5.203092485291732,34.63550195019399,3.4024484794759466,91.55667079295688,0.3358272637638966,Mauvaise
14.719342041684566,-17.52335956471725,-82.36718354183137,-8.813164072204358,14.694904016977102,93.98308919769363,22.62217941431753,74.71510944583095,0.6274010578450676,Moyenne
14.719778311026685,-17.523803501361357,-95.79161284432193,-6.083547400684591,-1.5094159679641161,31.102910854066067,10.201816298566627,119.974763237205,0.35147533875173476,Mauvaise
14.748763704398122,-17.36401255935052,-113.28789708353716,-8.329031183601522,27.26844705464626,67.41466085110355,29.783585876235055,78.7738300590764,0.5424287423854379,Moyenne
14.756214012089172,-17.53104389843092,-92.76526994388014,-10.715962435506395,-0.0730339780075333,30.357900270517742,9.45886942044043,95.86184264690212,0.3459917608711881,Mauvaise
14.693835407463988,-17.54918407863012,-118.10863133866299,-16.311672832091176,2.8713882005642546,13.653329237214358,5.039463807027352,85.77590751700234,0.1630584943166855,Mauvaise
14.754203088284788,-17.47219390168302,-69.98737788566699,-9.666400873504816,14.534695534487525,119.7090436845298,27.01054694171961,67.79888817563689,0.7147490007467481,Bonne
14.755847170867803,-17.529229805113577,-105.76710101199907,-10.272686076561302,21.743255007454355,83.08752864527479,18.27989201827107,76.05301287413593,0.532754349500403,Moyenne
14.680436333319415,-17.37739270135115,-83.561274360531,-10.56543161359827,16.67729570777046,95.74846666210522,23.398713378521386,67.19279834269787,0.6258857204226476,Moyenne
14.743203596891172,-17.365461297311416,-102.8558908150824,-12.14299784816463,3.124686948005465,40.66224221554261,2.9403031482169686,91.10479721520666,0.31654708760384437,Mauvaise
14.674249409838701,-17.45351472712872,-91.39625883522041,-11.59880754415014,-4.966993511537838,33.80206813796242,11.594719138319622,105.35542947457327,0.29916692486489527,Mauvaise
14.662096384688457,-17.464905693397995,-89.93093463611962,-14.317804620346543,21.50027031076037,93.26653477591677,19.883971336146548,58.83045260003763,0.5953708700054896,Moyenne
14.72469059156653,-17.442192144611184,-109.83300494609601,-11.729622303007755,29.482256406888283,66.04692091211575,24.404543062486294,79.12928254256941,0.542209504211068,Moyenne
14.768124785841842,-17.504761075031002,-66.67284547294928,-16.234217320501305,23.346959210713166,137.7917641471467,32.47299184591681,65.45099594809928,0.7576404771213802,Bonne
14.65460967305835,-17.490406827715933,-77.3676947151387,-7.727558436954725,11.107231635481536,94.24690902707877,21.04322834845192,80.52863938488036,0.6319391414965341,Moyenne
14.757445212887339,-17.5298045659032,-68.3275582139696,-16.39912263421809,26.63185414896873,145.50045746290033,41.857220508604755,50.18048994068463,0.7928932015962388,Bonne
14.715841257391455,-17.46070998177773,-70.78449572647932,-17.81047194154747,9.344668559142251,99.36691934060853,25.369895457225986,69.48917440120806,0.5571882536203561,Moyenne
14.761916408333759,-17.42766167549327,-87.11550116539033,-12.892555630999798,13.372692948521365,85.31579672367991,18.974271178533236,76.31390792536853,0.5367269809767069,Moyenne
14.759652001572235,-17.36395525312168,-69.29691707372857,-9.783695846915133,11.699541858848914,108.92728424749794,25.16720692789971,83.91863116244758,0.6714288467907489,Moyenne
14.763787284626117,-17.40218536587465,-115.13291238714443,-12.87196445093042,10.666835543293374,28.9557249220451,7.873821883478553,99.82547328109729,0.28889784555657816,Mauvaise
14.749953614124868,-17.405387253289366,-109.22094256694702,-15.125442152681678,22.1316769252867,65.2306500944677,20.134206933032594,75.79461468753645,0.4475661162760549,Moyenne
14.759589006091108,-17.48840020758118,-117.51249910992041,-11.18560342553383,13.43691175443222,33.426758560535816,11.795138593993487,97.46074281659985,0.323777466453711,Mauvaise
14.672883276936156,-17.372341340497993,-102.10683180802046,-14.141967304229201,6.085099270882562,50.67797678054345,17.20890267649631,97.79382064142024,0.3301466825013041,Mauvaise
14.689500909353743,-17.360608860664,-98.62274906707849,-5.939852338227137,4.0355358680467415,45.447254049021375,5.558010636162127,97.90070718401486,0.4141609066497279,Moyenne
14.681523202204948,-17.363547412691595,-105.07580325243572,-6.0829680455499915,-3.6788439061398313,17.214363865595594,3.5438411830757586,116.27899900412413,0.2708207067591141,Mauvaise
14.746515679484647,-17.542239394695123,-74.4194369966439,-11.966794520390664,15.41183066590661,108.8641588768208,26.794775439705695,72.04840487481856,0.659767463266582,Moyenne
14.669973605517727,-17.429129872739196,-100.37856703185258,-14.409624083744381,3.048649539036198,35.73642218919506,12.84120179932728,103.77065757051001,0.29175300553998085,Mauvaise
14.673689612749113,-17.421354978854943,-104.54860196719406,-8.680146204607052,0.1846872705734084,25.75746244838354,7.601724755418645,104.07940510351062,0.2956615839840015,Mauvaise
14.764265413693852,-17.4909869679567,-90.15171542629633,-18.48601879123707,17.88404873396872,104.75945094781952,25.73682033891922,69.49759712875631,0.5228924751468864,Moyenne
14.74176468507867,-17.351517563368414,-112.24916762638806,-12.353233915388882,18.84232402375421,45.559632997081785,17.937676705437372,75.74756876709755,0.41291664956445784,Moyenne
14.76379939712948,-17.491762508236288,-75.87916605852782,-14.29147248021533,21.32542122901831,117.42700948750486,28.574113363977464,54.95155816194422,0.6975467084236037,Moyenne
14.66811618357389,-17.50667766836379,-115.8997145976126,-6.112497608564235,12.6251913718507,31.12095862160246,14.906530340610118,77.63824010880242,0.39088077665329274,Mauvaise
14.70186745259297,-17.453170869911364,-65.72121848697155,-18.831957618182443,26.29191118213603,144.8803780384652,40.797426070902176,41.47035308965344,0.7833163926109198,Bonne
14.686809652109922,-17.485370524045933,-77.52653768868385,-11.260591739943113,27.771996368937977,127.09896419608626,38.05269864239147,44.47931880673711,0.7929445731578127,Bonne
14.651258541086355,-17.365194108026014,-109.07063751562052,-8.630709865067235,23.25798289273713,69.32980281868737,24.898015405970302,68.46184926432497,0.5366140935337965,Moyenne
14.686987984857032,-17.461984653737048,-119.69628355820187,-12.209748174663423,17.245771870286553,23.326460880495574,14.431366365785811,98.217200667896,0.3229357049700413,Mauvaise
14.699345822757124,-17.467970089065485,-75.14962143498411,-17.8043575777219,5.630233375691603,97.80348209216623,25.081773073092158,80.67450727534438,0.4925856463801517,Moyenne
14.661988552841553,-17.424827573978302,-81.12284608838107,-5.385540539609369,29.403072256707745,131.95796856030526,36.32207316412197,53.275114699455116,0.849251113571872,Bonne
14.723643382517487,-17.533777065749778,-79.9046057577457,-11.747853960734629,4.594765851717842,69.40872922676292,17.592548316917664,87.710957554676,0.489579322799938,Moyenne
14.699812446121442,-17.398653410636697,-77.580130932273,-10.40139257953384,2.0929922696650873,60.14714377084688,17.29223703101992,100.68151704473065,0.4773322496584578,Moyenne
14.656040016096082,-17.396320235639028,-115.92754415462502,-15.687463042094898,10.475393982530397,22.057385733067044,9.686604029244169,88.89715966327637,0.2531437096865442,Mauvaise
14.741517252432837,-17.455194833054467,-100.284384930065,-12.231026808504748,-3.010580025066404,27.554053877339708,4.234885290659137,103.56260861155772,0.25562891734598675,Mauvaise
14.744806378399343,-17.358860411799917,-113.62720172611786,-12.991907112583494,29.247306263512677,91.97070478215119,28.599260325428283,65.33641703364184,0.5410945744792144,Moyenne
14.758481287586026,-17.43413217784085,-72.52931157684236,-17.951458211972227,15.595174474574868,118.2365749883119,29.42024917681858,75.8972247913724,0.6143338961152999,Moyenne
14.713120277982707,-17.410952709151005,-85.71860302448431,-17.513755050335458,14.493323208246135,74.80430408141729,23.428030614701502,85.03556441950899,0.48811304638138464,Moyenne
14.775925643653485,-17.365131008899382,-101.8006086331043,-7.275384725337156,17.952869796490198,63.327460877495525,21.101618600735932,80.4729267273622,0.5313080124277809,Moyenne
14.768828338789218,-17.416730931315044,-116.5042907342687,-15.642520669107736,12.395827672202234,32.30866160596382,19.84014116375896,100.93604708183283,0.26916555580136625,Mauvaise
14.721675711263018,-17.46363479845489,-102.89597230563858,-16.270584199019172,-3.8777769016910444,25.3507617114171,0.8767932960437879,109.15336317165672,0.18473934529816832,Mauvaise
14.707843751039023,-17.54504576487337,-102.11491728852891,-11.93123968249805,16.430895109413886,54.74843994584524,16.226289990455776,77.56763364572399,0.4600217851296932,Moyenne
14.65039447562738,-17.40434013687364,-79.87166019140648,-8.23754016092482,20.066085693475074,109.27042723774264,24.949465866099295,73.27951980795278,0.7094635003251661,Bonne
14.7424292891261,-17.357026797679794,-84.93433907546327,-18.13274873989417,9.58621712184186,75.04294471451183,19.2855355935707,84.70069001525026,0.44415975541830643,Moyenne
14.72344408552646,-17.455952975292803,-71.20329915830203,-10.924689125064418,21.505345022491753,119.13501297505152,33.8691421403206,52.049756262486795,0.7643088578067212,Bonne
14.77188073891319,-17.482046272442346,-94.02817911609279,-17.331053800231974,2.9450454768447214,54.11895162992334,10.755701588135597,102.16898443965395,0.31365272911301767,Mauvaise
14.72725017628136,-17.446148114717246,-113.42231647339341,-18.48954528844134,2.744680687316441,24.862440757406667,3.604285320978505,101.52954840262178,0.16490648388084728,Mauvaise
14.779071292206055,-17.40431255886307,-80.77153670273528,-18.261584669728958,0.6495945690650888,76.71590695917315,15.611892952272612,88.79117093774612,0.3878319182981791,Mauvaise
14.760996505342227,-17.54986190510359,-78.15682232607064,-7.321702485081822,8.019816592620664,93.76812603999225,19.752660326220646,87.08686176266055,0.6006687769513025,Moyenne
14.773967731655944,-17.37255765545363,-89.12975413367771,-17.34838522920714,24.645421238617924,99.79130418486163,29.986908401793862,60.89414249933058,0.599377851617091,Moyenne
14.692596160267055,-17.372727428064337,-77.59680510249915,-18.367880898227913,23.97692217521725,127.755673767894,35.967666777005185,60.46253953914279,0.6738837913680635,Moyenne
14.669413679319744,-17.44174041327826,-92.84124219995851,-12.869401579999227,8.398847278722632,67.4400183223501,18.415849734522777,91.31568947233605,0.4352338163772645,Moyenne
14.753593374793367,-17.525524246764878,-91.24969438399033,-7.184091392811652,15.619155759308281,83.18536612944911,24.639056038614786,68.931999775585,0.5973851900123652,Moyenne
14.752205623385986,-17.41563884107728,-96.48524399027977,-15.326282729149773,20.228571076622046,77.5386823961541,26.64791959155767,74.17716480581264,0.5119556961157139,Moyenne
14.677488362122723,-17.522430867407337,-118.60194802907476,-13.096023354637172,3.4422371119808037,7.286153555802285,4.747368648566504,115.3475294984035,0.17363246359738954,Mauvaise
14.749416805037539,-17.448490569713464,-114.06597151536826,-18.441084544107483,0.8849380063161476,14.448819925502683,3.2204434959131083,98.43903682315623,0.13762092912770996,Mauvaise
14.725656536545383,-17.531274005603777,-118.27139478722961,-12.712900802111738,29.023359762430886,82.50434412245545,19.604604445521666,72.18869509749992,0.5027978781807337,Moyenne
14.664238268837218,-17.4321869323405,-84.99742738049207,-10.913416871080129,16.614505962336647,97.14332521856791,23.707520099556266,64.35279209730783,0.6170737432579525,Moyenne
14.715231867684126,-17.486386134976403,-102.71042104080203,-11.007301247469973,29.349550264178234,85.20187674099073,26.024981222613366,69.30150056923458,0.6133684452973198,Moyenne
14.771047940109028,-17.3838017170525,-92.02861198594135,-14.346026309558887,6.821459549628019,56.53516316340019,17.760024469522875,95.95807669419254,0.3963251193491728,Mauvaise
14.71583948090788,-17.39001077475832,-70.08384393406487,-14.582535470716103,19.606109499094604,122.13555140902929,33.23527893622611,57.25459774960395,0.7144752488454977,Bonne
14.752530868641951,-17.350305224905114,-106.28892739681189,-17.50726933488763,2.7911272789433204,48.30942556369895,9.842938094519067,117.59946835557159,0.22747208254084128,Mauvaise
14.653758298263455,-17.49849936505913,-97.42893923304037,-13.864823510952242,4.1420059945869525,45.46076212543758,8.318264896346282,102.8972167355447,0.3333572940248775,Mauvaise
14.744650583672136,-17.537639781444085,-78.44468738013232,-17.607074635778496,12.916574244436838,105.73214421953101,28.88120984078271,78.87233725993734,0.5483107643209859,Moyenne
14.773088860197872,-17.461399346970232,-107.41610089796076,-8.267656774031277,6.1866343927824925,32.75847129526084,8.454067646141192,100.88084442303594,0.34501885401995275,Mauvaise
14.714938612036082,-17.533319333006688,-115.76610495941638,-5.472159831525397,0.8667547344204563,13.020607368070092,0.2,114.75270587719852,0.2548403902129789,Mauvaise
14.693902288693327,-17.514300056986848,-104.06367008974276,-5.418957606666103,4.200824569626411,43.82737217875991,8.200639372863083,88.98235788495398,0.3958066152263915,Mauvaise
14.734064565635297,-17.43053997172769,-111.13282920102975,-6.889004608744486,-3.7488061936947377,5.001355172380557,8.930643421815796,112.8149625993242,0.21864294952843427,Mauvaise
14.769113957962118,-17.431573829731143,-68.86662912115848,-10.588909909245332,19.65482675171203,123.1074907642325,31.49190793431825,62.538748735143095,0.761770196154431,Bonne
14.672980054569335,-17.541334504454063,-75.55337912395706,-9.18788023858568,12.224082998005155,115.27837904092596,24.137885990805856,69.68421590215299,0.664023200687823,Moyenne
14.702480247302953,-17.461419049716344,-85.16279339192671,-15.007118762474203,-1.7014926758416031,65.69700904120776,11.4256633978475,100.42370892809699,0.35982278703235665,Mauvaise
14.67031773652764,-17.443956261426553,-72.06966753967552,-10.16921411758331,1.0092897594971921,91.82552325107181,18.036258042467235,96.87189913302997,0.534806195183141,Moyenne
14.714565050188586,-17.496395152436005,-75.79803577054871,-12.620906307841715,-1.4112911660574596,80.6189672029356,13.138355466663967,88.71077102710011,0.461687870104378,Moyenne
14.720254861693972,-17.375591363624903,-109.73864676126803,-12.251757243122945,16.440748289655676,56.00240099164422,16.529636685933554,81.92994903408223,0.4134338960840363,Moyenne
14.772746469913816,-17.517780270470716,-70.90925508305122,-8.391128154747788,-1.702637273562717,98.19119831708801,20.21669935403316,83.72817460352928,0.5520697079350836,Moyenne
14.703626969989791,-17.49921963899876,-90.3361766946392,-15.053143021638476,21.399881656232562,95.57952934659572,27.30512326267519,52.39553311537573,0.591024299761193,Moyenne
14.723704359760161,-17.51860111699345,-75.59079146597657,-14.547445436276721,-4.282117823786309,73.54951779787457,10.212244613557829,102.24227855715438,0.40147926285928565,Moyenne
14.76508413462704,-17.52669067322589,-70.71497850420786,-6.055014924199087,3.728152579856223,81.63353827380696,19.82642661462548,82.39645635638084,0.609038962414664,Moyenne
14.691782650022901,-17.374204163198577,-102.50980887654748,-18.212859872086387,26.17333365621675,77.48030672957286,23.788318252255216,65.86738221296521,0.5046034080743732,Moyenne
14.737641302965786,-17.494428166986005,-113.94714415097778,-12.201119822213235,20.14859613427861,42.980495213214674,17.381335245857205,71.17399133456175,0.416951285213818,Moyenne
14.748431040346873,-17.40549519610643,-107.4635660601932,-6.220788794289936,-2.44610834760093,28.612229670598893,7.666831050298679,106.29912818143872,0.2849373129177745,Mauvaise
14.69296867050931,-17.46440352805495,-96.5090716255559,-10.454917890545802,23.73941365698129,68.99308433435155,25.392766102879687,74.96665342518334,0.5850399344903837,Moyenne
14.671364354118984,-17.42282530385322,-75.00918787426288,-11.35030096103015,12.256229253907168,99.77835893954565,25.061680115131832,72.60198428218395,0.6266530634553855,Moyenne
14.715378240447295,-17.36436476076556,-72.6598179209011,-15.503581490789028,24.637405950909024,107.80346861500118,40.14818234977922,54.43801979757617,0.7212271654285722,Bonne
14.69638422491733,-17.38107842659135,-119.61763282078451,-14.194143153097723,16.02589210576377,28.051505252338757,14.980570961775042,89.05191204419113,0.3024824587436872,Mauvaise
14.684640116132988,-17.536202721515952,-91.90889835823388,-7.071322178734299,18.864156121150057,83.55559343544758,25.759038705742782,61.05812866434351,0.6284315370797166,Moyenne
14.776544770390233,-17.380959492944157,-97.04239482681716,-11.170946155241586,29.772554613849785,111.65200677246276,35.75034488621417,62.986864925496874,0.6768172523174131,Moyenne
14.7152798924312,-17.459635296943862,-107.78407042410984,-11.793609287405083,3.1317441073406354,32.2035920074662,8.937229991082038,90.07680502124589,0.28569672464191037,Mauvaise
14.761342100199645,-17.479970854624025,-113.40740479664744,-17.605884010439595,16.838095116648592,40.2184698923648,9.134493476894843,75.94307434495111,0.3276699933219231,Mauvaise
14.675391263370637,-17.415522414907677,-101.43116557280047,-18.775605809628278,11.111248652008943,64.3172255881117,17.77496337956718,77.69455824289037,0.3543060453327611,Mauvaise
14.772127559436887,-17.359958425380153,-68.13996628481144,-5.508407358381312,-3.6191816477058,83.06635205664702,11.841559275565984,90.3280394019089,0.5621089344756617,Moyenne
14.753276086493972,-17.531172900482375,-102.22383873885846,-13.722193657984217,-4.493527547399724,23.532953918799187,5.432203263967075,105.47204437054307,0.21106825482188282,Mauvaise
14.755129980304588,-17.396384593949954,-91.46651580411486,-10.55501713060694,-0.8269997763749464,39.2315515180789,5.266588902709616,98.30793149231057,0.3555806497064982,Mauvaise
14.70066943377547,-17.50929839384841,-81.33395726076522,-17.88398897537801,17.718210918849184,95.24858478317239,25.535296370726844,60.55273620274394,0.5724705647895536,Moyenne
14.713132809100099,-17.4739727754346,-100.00037186913883,-9.436399999877349,14.850708076968726,59.10000557683725,17.304011910849905,88.25313859580729,0.4819695297925619,Moyenne
14.727136062366828,-17.37523539674735,-66.55198545034716,-5.944066078116547,14.37003464073046,121.97338420110427,27.455472019194552,72.50256550544422,0.7710868400021086,Bonne
14.752669519706657,-17.44084016319753,-67.06539877818389,-10.940686458036124,-3.885013311510897,84.84188126991098,15.761045118004409,90.22793998316423,0.5093309264718592,Moyenne
14.760377377767856,-17.536508670409916,-106.15197372960498,-17.23438548674425,11.425604872600246,60.74559571306439,16.942417766540085,83.94560762397839,0.34002474330900173,Mauvaise
14.660145890215752,-17.448390289972654,-92.6513321759188,-10.855898615371325,27.3617986244885,106.29677389341772,27.58343403909171,54.75172145811797,0.6836152524961681,Moyenne
14.767528110379311,-17.392071619671718,-103.45169296007766,-8.271139016534867,8.915715425872632,26.30302727023637,14.668330900615281,87.59010027572783,0.3924027627903406,Mauvaise
14.771874564825554,-17.44422388244688,-104.33377280923928,-13.31016848796374,16.87228644259597,64.47829501245869,15.396831107761534,68.12703491451391,0.45295164147199607,Moyenne
14.727075362566382,-17.51662215220419,-117.9712178955007,-6.6822715288194505,22.293653646810025,38.436106021928595,16.747132560165387,70.19907444974656,0.46862407213995394,Moyenne
14.674277579723137,-17.460991784988494,-86.47396163110568,-9.918438652996898,22.437384769966066,96.1412673701602,29.411800567071605,70.3819071919248,0.6645693228490168,Moyenne
14.756393928251454,-17.365130926392073,-92.35265372241261,-6.410515143951166,13.174802883834499,68.85273866575692,16.909347965984054,81.52847002632434,0.5559754947454942,Moyenne
14.721316389891447,-17.41835920198118,-117.16866868125058,-10.270925642537279,25.028318089081772,51.56319283193914,15.575627325187465,86.76045146966054,0.4600778975349638,Moyenne
14.756235538983129,-17.404022698698284,-104.67444446698637,-17.16196839193246,8.698233267731144,34.448715805263035,13.928342175703232,88.53241223396569,0.29612767073011703,Mauvaise
14.755925056456611,-17.39281269851011,-70.04537627183404,-14.664316044527352,26.10426251746794,140.7592414004363,40.12634326510756,48.08234598101527,0.7942458309709733,Bonne
14.661274811039153,-17.531861315161333,-106.82409601331652,-16.174870724465602,3.407950823844086,19.928520144322412,7.759936913567961,96.03652065626153,0.2301101323967719,Mauvaise
14.728912785688186,-17.433692688146007,-112.03078203498274,-6.276429031963929,4.807574244669986,28.0161598878681,5.78258953935492,97.1299321074589,0.32712023019829634,Mauvaise
14.712808758904934,-17.47481696136294,-93.08009818473403,-8.354399057975243,-3.1407781530349617,59.37804539637526,8.690447091283778,97.00350149220647,0.3715410698376626,Mauvaise
14.772995531099937,-17.52216816726558,-65.78922502391697,-9.530422835259916,22.8453642789799,129.21417354582846,36.13196599321113,55.789546987688375,0.8278505847530687,Bonne
14.688563367950302,-17.509458088339198,-106.68696006686747,-14.786471525157296,9.596933268144696,41.54995198790091,13.106124886431425,90.80625799187507,0.3238905469279893,Mauvaise
14.676780013804821,-17.393767905255054,-83.03254489267668,-16.42337319129701,3.0190814868989655,50.695177756147814,8.467231027451293,85.05861510533977,0.39197179855530323,Mauvaise
14.76662129128249,-17.517702178942045,-78.11092115692054,-8.409684768155234,3.112659716580289,77.0292711226346,14.632726523186124,96.80138222155306,0.5239856473901918,Moyenne
14.669333023957014,-17.487516278555656,-106.92993508041802,-12.361788757692885,26.54899794302316,82.45884347038756,21.623130965659342,82.12253704584614,0.5405454228881752,Moyenne
14.739247529634179,-17.493025332347386,-79.94810082634773,-15.838946269891192,24.18708101613629,124.22750447833958,32.40172430760838,67.44734959385288,0.6817709222935675,Moyenne
14.689002575799435,-17.540273927217086,-99.77192770044107,-10.36729230568615,14.373580987501416,65.75379472652578,18.698965646963416,85.23934618736367,0.47781506608267227,Moyenne
14.723819948214672,-17.45756831015213,-85.22317931735313,-18.435326070061674,16.563878014550237,101.36245858767197,26.675143315163677,77.25515928254877,0.5304340861895307,Moyenne
14.730108526269364,-17.39681403156616,-85.15586590815079,-14.43361644220445,11.601394969260184,104.80625418220636,22.089168658260665,92.92951084431428,0.5241353694652573,Moyenne
14.704258006654536,-17.54556947345022,-90.53239237588828,-12.440202075724116,8.70832900075831,83.21002846200734,13.50728775780791,90.63047049416348,0.4713056320739721,Moyenne
14.776745447430821,-17.52748970990402,-115.03406264700754,-16.92858332246832,27.0416908426416,60.34530775009327,26.008275516151656,65.22547419066089,0.44078540378788544,Moyenne
14.667138311851048,-17.405962664080487,-74.05836274259191,-5.214837313728246,-0.6035553767894273,67.28484069228098,20.47283918660733,93.30942097487595,0.5410512914138517,Moyenne
14.700881881574778,-17.43128380186542,-102.35709642655453,-16.0726368957454,9.645637640067978,48.03500002240282,10.152370728672718,93.56675482436091,0.3387898245676601,Mauvaise
14.705951392493661,-17.406950477190264,-109.74148192800801,-17.175056179394282,7.059666779575636,25.982952156598863,10.53036395402269,87.54239518391037,0.246498450390134,Mauvaise
14.732036103369504,-17.503979209024575,-117.75736721448799,-16.150511765583452,12.435275208790195,34.29380653586788,8.703340965353293,89.3019834050679,0.2669671405572974,Mauvaise
14.702943768565287,-17.38924624334052,-87.5008881246467,-8.23314413576386,11.017115609081127,69.83317309082686,20.503262050332083,88.75457239582117,0.5405800734542631,Moyenne
14.66261468147838,-17.454025787977947,-82.73396009867446,-13.0429207701942,13.16113360778785,91.09195558710638,26.415838329841044,60.21675311310383,0.5737094704504894,Moyenne
14.773165899763507,-17.42793960516423,-119.08766940896791,-11.084176843464467,-0.10283579705520651,10.049402846934619,7.637643447885463,99.72999298958811,0.17532717366321163,Mauvaise
14.704090280613029,-17.531569316559832,-91.83488179353955,-18.70587180219095,12.959952552964698,74.99503907437474,22.183591274764275,77.7705068039156,0.43386977603015253,Moyenne
14.694547584538219,-17.508993683328036,-107.54273236411342,-18.517961679973595,3.48465848605238,22.576161371129576,8.684108818127376,102.34514444742335,0.20018513808438915,Mauvaise
14.70807387614262,-17.395328423677938,-84.51549652748025,-12.758442302421773,1.4515972145866938,74.6253627931425,13.416230760667705,81.1386777773535,0.4362579852349183,Moyenne
14.67815743867676,-17.505218311762246,-110.40984640472547,-7.56682659517727,-2.730802342483307,0.5,2.9913967316412995,108.49324014827556,0.2224296540520813,Mauvaise
14.663028819006925,-17.531494034495708,-81.99842440436437,-6.606655698094087,21.692839556464932,107.36599717849073,33.564854827982856,71.7594639156216,0.7283892754317931,Bonne
14.669315202284153,-17.430559343549582,-98.72955595347044,-17.78610805366104,9.9604672299796,57.74740915200878,15.28285620699231,87.03285771368452,0.3569846692960277,Mauvaise
14.671665127510463,-17.440412696767655,-68.4798506194796,-11.46291657058568,16.932528915911544,123.57658104590482,28.226484570277265,70.62310384553871,0.7262610787452469,Bonne
14.675697546968067,-17.428421214203343,-112.43634807197037,-6.214784392090213,20.465767015666017,57.23371075760706,13.1142454892267,73.20736983977423,0.5049475367082025,Moyenne
14.704594827589405,-17.426338900727384,-101.24135069223578,-13.56838143842959,18.776083285974373,76.32538895362386,22.247929160130287,68.79275635682853,0.49477436945123143,Moyenne
14.73110690497574,-17.4499605308271,-113.7589563317676,-7.3860783600028395,11.46752516813888,35.261565059910026,11.953497278461771,97.92798575618136,0.36960338803579246,Mauvaise
14.731755418943475,-17.45124521588627,-69.14185099467905,-17.128260838407893,8.576448513310543,102.66728407851727,22.86614159139282,78.06092930622033,0.5644586568700403,Moyenne
14.65001268404305,-17.36516688694211,-71.74633556404603,-5.9044771446508175,8.15859683742323,97.08770845869063,26.67784271590204,67.37904736923252,0.6684672959025322,Moyenne
14.769724496696792,-17.443223655024052,-105.81321047566644,-8.480073554561763,17.401707892551972,56.028831560164164,16.881241265140236,72.84682633517482,0.4895749056933066,Moyenne
14.756970133469201,-17.42653995951723,-83.70087746812015,-5.821318500983377,12.31780242296557,94.6444597447418,21.92322230675946,88.93712139696157,0.6229867246909517,Moyenne
14.775311945126685,-17.496606121612253,-75.05277898893313,-9.52735873026491,24.71962867959787,122.67730524219729,33.98527502969808,47.76982863782836,0.7922296723067723,Bonne
14.696798224814925,-17.375781359839564,-89.46395536202957,-13.912344952008022,25.614569451434924,111.91458365948554,28.564956012879833,67.87301265471238,0.6501473371341104,Moyenne
14.736423905969621,-17.54512638146817,-90.86921819041964,-5.865463584653886,0.9696132302281466,53.61354819482186,12.582098091761539,91.70819608549984,0.4432652135919545,Moyenne
14.671842697403292,-17.438554647540446,-106.69812400047516,-15.142065131671501,-0.2318221958996025,19.979506352543986,8.947926500502975,104.31330002033623,0.20519810551921644,Mauvaise
14.756214293538644,-17.47322994096038,-114.87934777067554,-14.349584691135744,17.064032411259983,49.78043133832463,11.30960527379028,86.162802088587,0.3592155497410961,Mauvaise
14.670977803984067,-17.429219160887907,-70.65313331256704,-9.188682147975635,5.542901182179779,91.15584433521065,23.61699458354941,63.22599865160669,0.6136588930724158,Moyenne
14.692378141105008,-17.477965590045724,-70.47700685601683,-8.285571806644592,-4.35002484322154,82.59451098415401,15.804506218958355,82.10294918229933,0.5183532892366245,Moyenne
14.713808531273108,-17.40646241765647,-85.17941984997026,-5.9883512261118454,26.10249342770343,115.1017820799917,31.920239940536923,58.47791228399912,0.7720502677922323,Bonne
14.727289116950857,-17.545933711405315,-101.35336149232145,-16.13276627321307,2.941526853533289,34.811741657384744,12.200925984783066,91.69641456632702,0.2741803274593509,Mauvaise
14.722752293157274,-17.468822112246173,-100.79347339630365,-7.828027506930864,27.524822809003318,93.9298193669669,27.137552553247517,70.79496145792898,0.6499799515674388,Moyenne
14.6632724815223,-17.38374728005152,-80.07243766213684,-8.660355252442512,20.110205780738877,114.46998534135425,30.49247865048643,51.029341807982156,0.7242493710701252,Bonne
14.7048178803723,-17.499959856444114,-70.65893570260826,-18.10687621244963,21.69287214690195,138.52571044584954,35.60197689563192,61.94854051057488,0.7047249918360577,Bonne
14.769978204346756,-17.539449824323935,-71.21024666541855,-13.578876023057102,2.0511523527606146,96.77406147358407,17.999124712894115,74.16322794233888,0.5319797567110391,Moyenne
14.763407908607741,-17.450695185086968,-77.10684497783069,-15.04128360115862,3.1968048965884517,85.242165496675,19.14791806781257,83.40571343164456,0.4762741665435911,Moyenne
14.726801858023103,-17.354693307894642,-84.68825946151418,-14.737134059043575,13.244371383842303,79.49797407344039,21.877806335527755,67.05257470639845,0.5294596412491186,Moyenne
14.724402194808969,-17.537168287692975,-115.37230192527231,-5.238743686234189,1.0234948427451753,31.502772317919877,2.9380953769166274,121.70408213029889,0.2746806947910657,Mauvaise
14.664517773744413,-17.53598870145004,-111.11042072479624,-10.00111621128101,5.690109243906129,17.263573567084165,7.1282450276206095,87.31759908092944,0.2955865749017476,Mauvaise
14.67603372880034,-17.430976687010666,-70.57951963101064,-8.952533790891007,6.251186728173156,106.11129547788669,24.086240051158146,78.03264485156019,0.6277459558550033,Moyenne
14.682843166538532,-17.499986457424374,-86.64640171872256,-5.327353077589871,0.587047663846743,63.325482940955524,13.329626890194586,80.3543248598785,0.48606627650532735,Moyenne
14.713465444708095,-17.467953753272557,-119.49416216108537,-13.719175045593058,2.181399168830626,0.5,3.8876547647515816,119.51497511269025,0.1417175827970561,Mauvaise
14.745076286252443,-17.383898569400124,-114.41906514236824,-7.774237641660717,22.59931447028898,55.69181068752396,18.720295240686156,79.05979838507876,0.4902683191610122,Moyenne
14.709894296228553,-17.510230263163496,-83.50740269905694,-12.916566513737065,0.851854909154393,65.11110213995487,9.55634445432717,93.48151905854881,0.4171790210265272,Moyenne
14.666387935438863,-17.406140012603714,-119.72161288845797,-6.8265285945902825,-4.003991285462713,4.909937245180215,0.2,127.27481711378769,0.1605458026486111,Mauvaise
14.70711535401148,-17.44910289734649,-111.15555717203758,-16.470794421641756,17.027422992012845,45.38391158932012,16.205364949666286,83.36098806997984,0.35395744895329345,Mauvaise
14.671142322987356,-17.369008461517147,-89.81964158483777,-5.732393521100086,29.15940917873575,109.52986761185247,32.70249968188218,57.352236712075566,0.7708630423244881,Bonne
14.747649155720074,-17.355407599941287,-81.94576412690188,-15.937196082247684,6.592483511809249,61.188611167715194,17.15253343279359,84.69991924509411,0.44447045829402876,Moyenne
14.671645111852596,-17.453007842869322,-84.14213072735697,-14.43291290226696,-0.8470503881311693,75.14237933221942,9.370909823736705,99.55890397423924,0.3888879415395221,Mauvaise
14.712729418640778,-17.433070588176907,-107.66518797966921,-8.413308722505073,14.963556387863576,44.33254726612891,17.665493613303113,79.56082457647204,0.4431178231129251,Moyenne
14.740143768345941,-17.40083149185249,-80.83014282588553,-13.487428018084305,26.722397388347616,124.64883888660322,32.594308513180884,53.247909469055166,0.7337735335416653,Bonne
14.679665748312877,-17.4862651716256,-106.951300187676,-10.485040725269746,22.44216229399676,68.2558516311694,21.79029068316612,79.1917349005183,0.5130863284100411,Moyenne
14.659883913992852,-17.504651929895353,-102.10301660124027,-12.775970985028001,16.78805539444506,65.21697483251494,18.17120272601256,80.6620635307981,0.46250296094399224,Moyenne
14.723228931889716,-17.3570629655114,-78.94297271850867,-8.606820880743054,6.0269773812659775,90.3297970200342,19.57065823808736,82.17261807673952,0.5653679127166955,Moyenne
14.657046346255571,-17.463476921756087,-84.2701905524032,-15.803362466839449,13.9658060646677,104.04238787267904,21.933641508118846,63.16527812980095,0.5536358120051337,Moyenne
14.726409923585862,-17.549681834696845,-73.29271242282022,-18.18158817868372,-1.8064305543510621,79.80147713203944,13.178798496505696,103.49512564265333,0.4017139003286654,Moyenne
14.747954809886206,-17.382456340294986,-83.8312909234811,-14.800988435377072,18.763089849823448,106.25360927077323,28.214406053963998,62.16412224620751,0.6107677657018988,Moyenne
14.6928110789174,-17.430067167741782,-88.74302681654906,-12.359678691841976,20.37836066141778,98.52470802851848,24.39543281252191,75.30255504881625,0.6074906910628423,Moyenne
14.71348542318049,-17.51628828745594,-114.84788776945491,-16.6477192693025,28.776106801847156,76.45105578706597,23.438368484668217,68.80102918717338,0.4733986280459222,Moyenne
14.770739038969243,-17.543972061364585,-99.77563083173115,-14.03283794481056,4.113907556077507,40.905911662321444,12.189645163854584,84.79195911393154,0.3260314809095103,Mauvaise
14.711244152342822,-17.491703513791656,-105.4138697775051,-13.400237743890042,-4.354025333494207,26.691495146584224,1.2968896976180253,119.5500806870141,0.1920865301167012,Mauvaise
14.77955202798114,-17.36442258090527,-106.5805696141504,-18.19651418836417,14.096296254950271,61.88962309102392,11.952551110393593,86.26276674063362,0.34986932082571276,Mauvaise
14.670410313476498,-17.36330176599288,-66.48441948861549,-10.833698525421136,19.737667653888504,141.11211824659395,40.82507737826569,68.9680169083294,0.7865698452801165,Bonne
14.742161407322827,-17.487799302739578,-98.37962514332818,-6.619192008401974,22.66426165590458,78.80197762945943,22.84879873113206,67.08159539034392,0.6217839883965144,Moyenne
14.734840417765643,-17.38281380143586,-70.93743946525876,-16.875599218657264,1.7808626558683711,87.62137714689932,21.28875152207077,91.06104988088717,0.47541109396317627,Moyenne
14.763399625758423,-17.46163093534858,-85.28737557015054,-10.630687812378804,4.161350416295829,71.24989827357922,21.88075449056476,74.45321153299348,0.47915307443876326,Moyenne
14.66201761755877,-17.419131050172684,-76.28537830520933,-9.693651131248153,12.940682384355373,91.22948529122282,27.72831850278717,68.20973799049662,0.637687876010202,Moyenne
14.686426856895237,-17.483111224825784,-92.35495987921443,-13.129314474129963,6.571028348950065,74.89798656792371,14.374155460057338,78.17634559926623,0.43565199582053094,Moyenne
14.667183299348844,-17.446805480745805,-88.27028634555025,-9.18463377690022,25.117902030560575,106.07810500566832,29.486582037844485,57.558295212405675,0.7040951576661796,Bonne
14.77130236589535,-17.491244110689937,-92.91152683996248,-13.24975839112583,11.581605380855208,73.48503823461198,16.09026771339523,85.37043346083499,0.4680645017183157,Moyenne
14.705462592203883,-17.53777712752871,-109.26163567110756,-11.935077968315912,22.985252543570105,61.60968892843975,23.493193576484654,68.1517417897671,0.4903172771685578,Moyenne
14.768308559919559,-17.522124362761694,-80.26513366061721,-18.897057376238024,15.321691616882383,89.57763553577932,27.33119947477771,77.57967863275267,0.5298823691869325,Moyenne
14.688272909266647,-17.491865101105354,-104.55752006575293,-9.315918402114356,22.05815495659892,67.53628671761969,20.30229899182049,65.31656594195024,0.5439086777605798,Moyenne
14.666427853177016,-17.354749243204775,-118.66262184627004,-9.741202494773859,6.643554528561335,19.314285419532307,2.9920461025030862,107.17909640003548,0.2541596422164173,Mauvaise
14.688549845488183,-17.356865569950003,-84.49902372510577,-18.462387717431177,24.099581767560892,115.9382537044715,26.331347720514525,70.76320352870464,0.6175895916355304,Moyenne
14.727632666712646,-17.384467331503096,-110.25891263261231,-13.844498496468137,4.610031044285755,29.07424293795235,10.595944320998322,107.27067630340336,0.24830287333237455,Mauvaise
14.759880236931997,-17.503498789780785,-68.27477786058972,-5.293554228916657,14.113458280115179,120.93358632716343,29.344367931740905,64.21129603046595,0.7709480494657978,Bonne
14.700100790119249,-17.461679571891636,-67.53392826485769,-13.109688124039366,2.490248961085598,93.4766088744621,21.751252989057978,65.90029039011299,0.563034273385951,Moyenne
14.768925125702953,-17.46204343230186,-69.68245853787533,-11.972764328154216,11.643428256916767,114.79666552940888,24.292693413998293,75.7136427562592,0.6567299880156715,Moyenne
14.68175016775813,-17.472605351036364,-99.64127148595055,-6.26097778576394,6.1361323328046105,60.74476607058053,8.030338302967314,91.24610918502886,0.4429037232670967,Moyenne
14.74016028934949,-17.54102393898205,-119.14988609091229,-8.95833373787941,4.334620072302499,17.752749329566,7.219614642927345,95.7218371186682,0.24617548678014184,Mauvaise
14.745642735562695,-17.44309452515514,-68.9424790576751,-10.85101816426087,28.844475630981314,150.0,39.18738238249232,42.19161717361668,0.8777738490709514,Bonne
14.68561517951298,-17.53543760157503,-96.44987184254771,-7.830734461224985,0.6025936920355717,45.592536446193094,12.386064419706063,110.03421369185509,0.3683845723273307,Mauvaise
14.65350608417907,-17.389616263856414,-66.83398495259817,-6.8988722696163745,22.556404311008833,125.46979364580396,34.23978890475012,45.39760558837558,0.851053860172269,Bonne
14.697480854466598,-17.411738571431044,-67.0009012600911,-12.603566995678264,29.44577358191252,142.63268277662021,39.4512725371963,48.67279595733316,0.8630528438707284,Bonne
14.655875499149799,-17.479452598671294,-73.0844799492952,-12.348482890954305,-4.303448069097276,76.78849435331435,16.547912899240487,96.65650867901827,0.44549035840264206,Moyenne
14.767097990802283,-17.42057272355751,-103.80531093617279,-13.5952869008743,19.465959491473324,68.37537797577221,22.49135705532242,72.60094531590924,0.47592527994644557,Moyenne
14.773958284181427,-17.50339259868818,-98.81962492689411,-5.4661140397415515,3.8519131944700487,49.22920710500274,13.50216737977396,100.23241424334866,0.4188163788596697,Moyenne
14.74559938907298,-17.496949987008673,-73.18748306657287,-9.239672439935095,-3.5829261485093444,87.82681383256002,13.990728863434867,107.0084260590618,0.48855015002361984,Moyenne
14.744468996090799,-17.48717329661492,-102.56928971640473,-17.83487707308699,9.101135263482078,55.64276600291079,15.315184996648403,87.04681897241763,0.32603848851971573,Mauvaise
14.681316047023525,-17.390597680012934,-110.67789893226491,-6.918565273617741,27.73262335598063,83.38390817305348,27.002870119323877,65.0339342365295,0.6008850625694102,Moyenne
14.659610324952551,-17.507861730630783,-89.37593056479074,-12.272160828292247,-4.588221697155081,45.64192576131143,8.192353079270083,107.61919837009455,0.31654969168762637,Mauvaise
14.754273602661918,-17.437443754502794,-68.51148742115706,-18.037445310085175,15.57599921754236,114.22474439924221,28.383713763552517,72.36971300644139,0.6335034948521564,Moyenne
14.722691051101938,-17.509906577115704,-81.71836118287649,-11.303958427713646,12.548876750836353,91.71361021706792,27.21103012152897,74.18317742393445,0.5839436294566974,Moyenne
14.738611579002333,-17.492992514987517,-88.64663564508493,-13.15970009434017,25.568445752986662,99.99959639957585,27.908252350657015,57.6521720973577,0.6571730571858164,Moyenne
14.75135333885121,-17.5029037414027,-114.65529284260774,-6.711508331923252,-2.059939991778102,19.432481838190228,3.317119002186052,92.73762560190474,0.24362327132039904,Mauvaise
14.703226454963795,-17.420999065785345,-86.17460253154567,-16.144075549468578,18.85341104603276,103.53312640072163,25.86100991462236,62.15972437581725,0.5816524776673309,Moyenne
14.66879105669718,-17.444654211108844,-65.54703824426552,-7.429495467109438,18.803839445164705,136.34181384810427,27.696527376668676,50.0562986101485,0.8279897040930949,Bonne
14.753354783917176,-17.40574017081889,-112.29537916199118,-11.192358323403662,18.417800590179915,61.821002222799656,19.97485990886477,86.22499976713928,0.4307401823521668,Moyenne
14.708989533099693,-17.506011312533403,-91.49186911999448,-18.235455755011433,27.981707322726294,90.26678582527617,22.291480045268237,56.045727263373976,0.5992937573213459,Moyenne
14.757500150011271,-17.548170292854792,-71.74448104396245,-5.394165781443215,23.808063515240814,136.35561286648672,28.60269189500888,52.68955470413454,0.8571442185430038,Bonne
14.7069008890788,-17.413898086573933,-79.25772602351876,-11.823386582555202,-3.53095458147729,53.71479032262855,14.370117923176347,96.53686301566779,0.4010715714603098,Moyenne
14.67821213309945,-17.527029208300984,-81.66413424526027,-14.927724040757845,11.487899774657961,90.08872574464817,24.040296452453823,69.70438896484276,0.5376802387460913,Moyenne
14.672230652164991,-17.50073895511521,-81.36337538070899,-12.428304212150387,8.928356967046671,83.04531504715035,18.859928920051917,92.53979666096373,0.521894285628096,Moyenne
14.746709828352692,-17.488862769507758,-100.22798668291347,-6.989991030755155,5.855152738178072,52.61662101217883,12.46227784861467,103.29093146743465,0.4133261792546795,Moyenne
14.72473558596322,-17.400639581541828,-103.85244856545286,-14.731356258609111,10.796785380393406,52.8699065112046,6.615102631032868,100.56295658628451,0.35504197493701833,Mauvaise
14.70259837706041,-17.424821637868515,-75.48513644868174,-16.302530449186197,8.446796472409211,105.32979837095377,24.613886167059636,83.61013419044502,0.5365577705050094,Moyenne
14.713975178304873,-17.513146912694836,-75.44376329264506,-17.19300254296766,10.131686495753286,93.19379810654905,24.436039855762317,75.52950746746018,0.5349356685352283,Moyenne
14.72145301868725,-17.430422437876054,-72.31102247809429,-14.829968422537043,29.274165296302485,147.29250749691096,38.04612928007735,60.47396312437404,0.8055556970958172,Bonne
14.681124137437354,-17.40837040097788,-69.77176960939408,-8.079326781439391,-1.8978458837646732,84.89008563169136,17.313912964490115,84.60654587419404,0.5460549929633841,Moyenne
14.699161525360699,-17.47222055944197,-91.87616806264842,-12.397230887266335,27.278080444355545,91.28435302163636,31.417760017701028,52.185291173829924,0.6573100942949394,Moyenne
14.688013490464266,-17.500809417194432,-92.41660379220403,-15.81525754829044,11.808284971485936,65.15941182804076,18.83328358227516,76.24378062825262,0.44297836774403787,Moyenne
14.700495100076932,-17.414203445417044,-76.09376515682737,-16.67341000546351,16.83097859248394,109.10353215018401,22.52670070165551,70.86179442640919,0.6134013131472684,Moyenne
14.715073087757327,-17.427821759971703,-84.25198380722291,-14.341787328854693,24.056403831619285,119.78277479009343,36.94028505317304,54.13758580188194,0.6776445416173668,Moyenne
14.672536480077067,-17.534417568305837,-81.39182175082632,-5.8410587796000755,7.616206020223943,86.57609952450005,23.4466090596529,80.72064745381435,0.5924799624102344,Moyenne
14.701156958144356,-17.41666407195325,-76.23140318101444,-14.197626023739659,10.064766783078841,87.1961415673874,19.509511648935646,63.39861558406791,0.5642487779903994,Moyenne
14.7001142776299,-17.45229641343294,-71.04970620003385,-5.166262936635105,9.33314680975499,102.75926325507514,23.63039390538687,78.75474357978419,0.6883318588906318,Moyenne
14.687180496189495,-17.399326208604457,-101.41026637316553,-12.206773619285013,8.115585788751595,65.97617033346603,12.479214251050058,78.13597282620738,0.4004879439636533,Moyenne
14.779804522224318,-17.511856491624034,-99.34293760480308,-16.49170514393789,27.393526257641327,92.79384526584428,30.64198891819474,54.89609672254063,0.5734047174803916,Moyenne
14.659571576169258,-17.498356716419725,-114.8309933087522,-6.524038714890869,24.012546191755423,56.19379915805294,13.140127870206221,83.79371939965407,0.5108758826374743,Moyenne
14.733583648107146,-17.4413374521805,-88.19459224521043,-12.555024776112424,-1.1850003547958368,57.63310959960036,9.805367672529895,106.78911354294775,0.3616777124656042,Mauvaise
14.672677018849736,-17.45365329442156,-118.02317494117918,-9.064601190936658,-1.2156826633016387,9.03638191004788,0.2,113.8068891685249,0.18283551187219474,Mauvaise
14.759138118607073,-17.472726925788702,-94.39210900271469,-5.228037835071875,9.975433019854691,61.834933955253945,16.090278415463125,86.71615147730688,0.5196211636807242,Moyenne
14.768845549681208,-17.40079333711404,-90.15454509108329,-18.297545095520363,-1.5469918143516832,53.66388791142653,8.945512268819954,94.48765665384576,0.29058902278897447,Mauvaise
14.702192137739164,-17.437049687274346,-104.24023113294436,-17.64627616297406,16.668258334489188,59.49700776960648,18.42278213976004,73.38931303160248,0.3967652872698278,Mauvaise
14.757052198424692,-17.407945629221178,-87.5041706687044,-8.913605619521414,0.029206254160686562,63.055943186159396,10.579361446838389,92.43805446303298,0.4298565451127742,Moyenne
14.682488228415508,-17.519349007536178,-118.32248625335228,-15.054449953863392,13.283064238838037,32.775447110747464,8.632204604341753,78.53959548393674,0.28855152145419893,Mauvaise
14.668208905952804,-17.404202340970894,-117.9458496187932,-16.419780442698613,-4.747301854869878,0.5,0.25481141030290755,117.74144336490409,0.0630213546917918,Mauvaise
14.69106417463234,-17.457694378379944,-74.7569691637188,-18.448933682523787,6.080872194442636,85.00142844122328,22.45568955163601,81.51806404992105,0.4783194071025935,Moyenne
14.694417621805837,-17.543246412863084,-100.18951472238054,-18.694146032193174,18.70167532854294,66.51088455645609,22.679037605481597,67.43556603142899,0.43604525685860923,Moyenne
14.701656480822125,-17.5031016892007,-113.01167180414633,-8.157201556322928,11.941362907974696,45.32686218617579,11.274168632658542,102.68679959143215,0.37637167212377626,Mauvaise
14.698484662454517,-17.544848721651885,-91.27662069698576,-17.117932016826302,29.23943200996458,108.67343778396943,29.805569416354622,60.994584181989566,0.6383292195842133,Moyenne
14.703448778870566,-17.458625095601793,-77.6503545795764,-12.451911376403888,25.593632862317378,127.46194087614975,33.38136145470811,60.6463079856359,0.7504183660308448,Bonne
14.742304337554666,-17.484824047888985,-108.12984348767363,-10.517444587487237,7.567477266510293,34.86305718728327,11.955275076076791,90.1652419880254,0.3381049601008538,Mauvaise
14.681925417272545,-17.35251008801735,-85.74102382995498,-13.003074792036152,-3.407971048470389,60.6141315842449,4.074722822670938,99.3439795671277,0.35915068714553583,Mauvaise
14.652414827449466,-17.37629917660863,-115.30588942534276,-18.620506867292736,24.596920504025658,54.311349144731366,21.04311884506057,78.47094289726772,0.3853555145962906,Mauvaise
14.713658471679565,-17.38486582793137,-117.15750533572658,-8.030978963769275,26.893200861013497,59.53383273208474,21.747528297209534,72.29265513245996,0.5177387641436147,Moyenne
14.708277861746632,-17.44977669019375,-90.77549526375186,-18.852814856416853,23.721958769666287,105.41351809257947,28.02040051471043,76.4534368693145,0.5616161513571065,Moyenne
14.657808448679646,-17.388582500129846,-90.26506831144414,-8.333541478715224,-0.5217520678082295,60.88962132824263,10.594059377913764,95.71943307974738,0.41193566885732835,Moyenne
14.667394182195183,-17.49662607050745,-84.94135541759863,-6.4937370869662825,29.92702970443007,117.263680870729,26.52108823914428,48.2892840938284,0.8096700096495435,Bonne
14.716289716309037,-17.437870106430697,-80.06497664525361,-12.940241105199588,4.0504477543470845,93.66790706741008,16.493011812902978,91.4326356460496,0.4930414713779168,Moyenne
14.680517598802545,-17.47141638773612,-66.32813562956059,-11.502405376630826,20.347171948292953,136.4424468758818,39.39648902669098,47.24444212740005,0.795294620770223,Bonne
14.764087778238387,-17.515731617695455,-91.60348084343426,-12.322232503352847,26.781220671750255,95.49309781519237,29.724340061728103,67.12223289755995,0.6495930188338754,Moyenne
14.672528023239735,-17.53547731372632,-102.23739398823147,-13.551079339271856,3.2490490015748303,41.6469446118759,8.56937688919721,87.05246428776354,0.3095863373951359,Mauvaise
14.652615942140308,-17.438356323405678,-76.26475928772129,-6.576056504814957,26.789049413697313,126.86401432240078,35.110387425656,57.92314982876675,0.8323956862425079,Bonne
14.708183290020838,-17.53047217302396,-105.10422618058593,-6.484930850620133,5.831855271820343,42.45907393411002,11.360138132953193,89.94611596733388,0.390679172360135,Mauvaise
14.778201204379073,-17.406399380662805,-95.85657186119002,-14.298570895018518,29.174462783441967,101.0499034215782,31.84878453106126,62.10388261658391,0.63463516263366,Moyenne
14.732403428419842,-17.365706304254772,-115.68489902617537,-10.389023443794228,4.84410071331661,19.618062603656245,5.214515350686421,108.5352071316238,0.24743664146826727,Mauvaise
14.69602386376405,-17.51757877805769,-118.60570911214984,-6.023294129957902,28.37025386652423,53.81805522970456,22.621938324495567,70.88158325136486,0.5392357711693286,Moyenne
14.652192841490821,-17.455812284297956,-67.05433719271412,-5.531181014821078,-3.1259372187563783,93.67624218060413,22.372778337704673,80.95379622985483,0.588873739206417,Moyenne
14.71304329716649,-17.402245081388035,-74.02109337182867,-11.874573434091335,19.824520408443455,110.5641631475699,33.988534004068526,54.38096148944484,0.7142296845391861,Bonne
14.676840580277997,-17.492632067793394,-81.72141866484661,-12.660452726019425,13.62388968429513,85.45124847511106,30.955126893881214,67.87191971289754,0.5765526247717055,Moyenne
14.734208031108064,-17.365847096073413,-97.50758805721516,-15.098279577000639,11.725697699295573,66.62737849450527,15.110021494426443,68.30238269795082,0.42894561054625036,Moyenne
14.725791104185069,-17.37230688822602,-110.46881239610349,-5.57579377533426,2.8223009989543995,36.67037490195663,11.340094883137905,110.77956704956584,0.3256847014788133,Mauvaise
14.684477790800335,-17.529249128854065,-111.39596265309027,-17.000599737379858,19.69585264217722,53.19782399758573,15.426489001174673,79.43485018089314,0.38027325261552714,Mauvaise
14.658954755448427,-17.544520045693634,-106.23664060094725,-10.88238593533185,1.6783322006207486,34.36215396126289,8.052706770324376,92.37267882804525,0.29207052136632894,Mauvaise
14.748152495745243,-17.35470830340412,-89.79253344116337,-15.044296254739056,14.34946285946689,90.63834028386441,23.814666884933942,87.96279090493672,0.5049995580156357,Moyenne
14.726110332297083,-17.358704995045777,-80.69722425149658,-15.093883935130847,3.8635877064087776,83.05936968362593,15.928151330748925,81.29410332309587,0.46106693007582544,Moyenne
14.759476412436122,-17.46554287910681,-83.68914428052477,-13.33043977673336,28.446748292347465,118.13228499441337,33.88541613888238,55.83924722954867,0.7263970352308688,Bonne
14.683774002032774,-17.539887335178808,-104.60363566797315,-5.016898898580836,-3.997908215752151,11.449629195388743,6.321575072538414,102.0665431910713,0.2857937346748347,Mauvaise
14.734872068421453,-17.426224889450797,-67.48240956352433,-18.23047170424249,1.9904898038932792,77.60050282442435,18.643686820556056,67.43431735150314,0.4872673055150581,Moyenne
14.665428465068729,-17.491317978522268,-79.41566958173273,-10.900414545150559,3.480871223560671,75.85238016247655,22.649275881528954,75.9483071279847,0.5060637050659813,Moyenne
14.68793528802919,-17.36265540261989,-89.51052711187296,-17.843989787506118,9.492373901873576,82.2415506620605,14.162187367973921,79.40249029078838,0.432218944323925,Moyenne
14.735350084544057,-17.39106761498914,-86.35535895711062,-16.836708380132734,3.145558465451874,56.493678825720224,20.796589619012742,97.64250464871553,0.3679120966564761,Mauvaise
14.757325569668822,-17.420081243173314,-96.92199656647156,-12.84611881517942,12.197218159407484,71.22872093596344,20.619332317718968,85.3110582062957,0.4535738692066736,Moyenne
14.691720315226636,-17.493099230497297,-106.37479557743634,-11.853558161149822,25.536293314048866,68.63421390604097,23.375050138748147,69.23948837954791,0.5351025285162175,Moyenne
14.753850962352345,-17.40974628411166,-100.42150267418062,-15.376906282896664,19.922219749320977,75.97646556362962,20.590023254851275,57.21834757237286,0.49706059178818934,Moyenne
14.738107819835527,-17.492166346648162,-78.3184639244597,-14.569600167758173,15.298669318728887,109.1182828791164,24.776521361176254,79.98586090122718,0.6046053725426379,Moyenne
14.695327720295987,-17.542473803169624,-119.20835812536343,-17.782461716416936,-1.8848887706062123,0.5,0.2,114.07204300722668,0.06851602435063614,Mauvaise
14.763931601906776,-17.448313082475945,-113.61600477211961,-14.754923026180492,19.289723793624646,52.796116920221266,16.59171740064891,79.16624747724205,0.38852101084755497,Mauvaise
14.716199778584606,-17.452263091042262,-117.4698546888036,-5.468181848672383,0.8244999508828945,4.62951623699705,6.228379564440513,116.76651955863673,0.235494013671462,Mauvaise
14.734272086930991,-17.397398805394754,-117.75991587245665,-5.774096656585256,22.52285850865943,56.49504930564797,23.45599270185553,87.43993401902848,0.48803672369470164,Moyenne
14.714432074447453,-17.376865223529112,-72.94966787939461,-14.31170393808221,3.7519865478553616,91.37207504861698,20.692146587672664,92.81129135960359,0.511384827085777,Moyenne
14.7088535948638,-17.479106302261147,-81.29881773409869,-11.008044892097338,9.596705491231532,87.43748222992943,18.726222172959318,77.17238831899397,0.5578292901026918,Moyenne
14.760237103241051,-17.460105397959268,-93.92043940019711,-6.265664524446779,7.266457081127477,73.33496686305568,13.577188044811663,80.06334533023667,0.5037919213977822,Moyenne
14.688311573955021,-17.455919916071096,-114.61912116419492,-18.913426483027447,25.058487013619988,66.56291718705504,19.874976148231912,80.40810604195633,0.40087950915297604,Moyenne
14.654761798907284,-17.485155183125524,-92.96112686857421,-7.650430015273713,-0.5709439450307148,41.30138150435209,6.973578518587198,87.71139306933807,0.3898777551578377,Mauvaise
14.764371743660844,-17.401322615274964,-93.95905260706888,-5.722826260955134,14.7975708834676,75.177841128536,16.93580699963107,93.14302834564063,0.5670729177660531,Moyenne
14.757253113896653,-17.44557976295874,-110.47389715494917,-17.721439719330203,-0.02784366949282191,17.531497216963476,10.606027064241896,105.97623121857357,0.15515858036053784,Mauvaise
14.69765286169405,-17.367208845122274,-96.13815929191148,-16.739732395539107,19.667854264626534,82.54339431400525,24.02698281090832,63.240101665286346,0.5061947250531338,Moyenne
14.674108648031678,-17.419937845620883,-98.08223960814446,-5.549551761201023,26.67773447280684,112.81173582462804,24.84623086707319,52.93323112848255,0.712709719145566,Bonne
14.7378193735963,-17.507620688221206,-86.1282446071281,-11.474437989035152,10.21126788535387,82.97133508027794,22.45281261832601,70.24109644126376,0.5319122845746617,Moyenne
14.660238917472633,-17.517038270250595,-85.06984920227958,-18.801247117395867,12.083229109274157,69.26049401383482,18.148774781273517,78.48781464180875,0.4560205527631735,Moyenne
14.705088118220045,-17.475523132416743,-117.50827946253756,-15.393152017310591,27.459799276896682,56.81313169374379,17.80592553832637,70.38386821000826,0.440353406578043,Moyenne
14.661162101800205,-17.480614691948606,-99.39630619554408,-12.700788560235965,13.234698602727498,48.03669997306358,15.066454650276082,72.31238235610279,0.43600119719207253,Moyenne
14.727728257792739,-17.4685736350275,-85.577704635717,-9.299275245653252,12.065945331734632,82.01140672638365,26.457504952308394,74.76599732919695,0.5701412512897733,Moyenne
14.653537089895252,-17.513281785939114,-92.32750577809517,-8.735754706084807,15.241518594650646,63.62779552872806,20.595795796587016,65.26576847890118,0.5545309483152981,Moyenne
14.731800988832461,-17.354355465994704,-72.89305873464227,-5.064098819043615,19.123040772703316,113.35515792796734,23.548437023060067,66.74403379635775,0.781888235601263,Bonne
14.737516724527621,-17.520858045426255,-83.77185026095802,-14.974843208627373,-1.2590818719539016,48.903918575390605,16.428692897823744,95.02330110926486,0.35835483308857086,Mauvaise
14.71332878170127,-17.419470245155136,-111.03860651052136,-11.464918573841347,23.73886847095306,67.78538729775963,19.834551558497594,69.70573702306073,0.4972613976762075,Moyenne
14.67275095280869,-17.547386152987084,-116.11871889297636,-11.53347032996553,10.242675960864073,29.087844704699364,3.980097542427906,83.60879131608944,0.30516931512902057,Mauvaise
14.663181212021538,-17.468607792336197,-84.66693969865264,-13.320966367738675,-2.467802153588006,59.554296665104346,10.68905913406974,95.15380107763477,0.3713955546282404,Mauvaise
14.69072800525781,-17.488163320180995,-118.5418779202108,-16.631733486206116,22.516393421937458,48.675183270968354,18.83482981309715,74.50307122261181,0.368188947120874,Mauvaise
14.710476868348001,-17.473595072452117,-87.78234302995952,-5.315608115426205,8.193249009019523,62.00213286547252,19.22360174542674,86.57331936053124,0.5397227369906153,Moyenne
14.73348708118983,-17.45038453104538,-68.28733672162733,-7.053559386667795,-1.4871376716731124,91.04542318392521,23.453680714753713,90.14743809001034,0.5711240300799098,Moyenne
14.650162516577405,-17.42992499969514,-88.34892021682666,-12.02333760388068,17.18226638401377,105.54916488157784,21.547160805210517,78.03832197658745,0.5910495363670606,Moyenne
14.742438309500598,-17.43329773104114,-98.6506540586413,-10.554564082423582,25.804597370177458,93.17678346951709,26.67564959939468,60.38974566009965,0.6238941503241042,Moyenne
14.742652551176285,-17.42385726597578,-84.61914798567057,-15.818345250164729,26.071372829489523,110.88279728879856,29.5345513499227,42.69540261469447,0.6758208719365201,Moyenne
14.707789914844025,-17.381090463489244,-94.79609102296658,-11.386981014515543,28.518221618314058,90.45855108874137,25.157544592219867,66.6614737074796,0.6523605387659972,Moyenne
14.694642837947233,-17.372656568877073,-89.99107658762358,-9.27041813629934,25.36969109183408,96.49001621862836,31.918489075533465,53.49015683147745,0.6890721063573184,Moyenne
14.759500113407146,-17.40254993988784,-68.21943551729112,-11.787661602587757,-4.9250678229083675,83.80114122736484,17.06545880035481,84.73850451073068,0.4876655775814661,Moyenne
14.75199637266406,-17.53421155141512,-98.76435492095742,-5.136007611810822,8.308440824468658,63.30242249770471,15.099419703889522,88.46721019926468,0.48277019921685205,Moyenne
14.777825891507304,-17.357741521698014,-67.13451898968472,-10.441216812531833,23.648990296692606,141.256227708697,37.3375821410711,55.52011123362461,0.829864011775598,Bonne
14.698351004694064,-17.36052038273059,-70.20571469241649,-13.806368023709634,7.818855209946598,108.68709376043303,21.844779946551583,72.39948307194472,0.5975479229876566,Moyenne
14.767888238631421,-17.40765924109093,-109.2314875865887,-8.189871613378266,16.054197723289715,58.07629250159658,12.989832489042175,78.3687511496143,0.4608551548949302,Moyenne
14.661362245166083,-17.446512185719616,-116.18512845186589,-16.61352483785701,16.22109315810862,44.97974307913256,13.802912369031052,82.44556683986315,0.31828888306471276,Mauvaise
14.703490588612611,-17.49987632833282,-114.45720992424154,-13.616778608112268,7.775885641358807,21.706725649416946,11.86673068270147,107.95182737595151,0.24715720441293082,Mauvaise
14.710498635437325,-17.398729772100225,-118.99779958916477,-14.142574694713797,26.656587454845067,58.408303703911244,24.83461276854452,72.208362677876,0.43912196368848294,Moyenne
14.707313661106449,-17.374427964256743,-114.80563715842393,-12.954700668491117,12.612992088514115,29.269378576650436,14.033419576933802,82.26064508167663,0.31850140463097976,Mauvaise
14.731262764496046,-17.416962479822015,-82.43462746210037,-8.055082436997832,11.267447207812527,88.53545935371923,22.122616714037928,69.65888941178389,0.6037004674413295,Moyenne
14.672127019048963,-17.42418547342765,-116.0846243346874,-12.221577549712295,29.912981098166355,71.12900907589942,24.118820039775663,64.35283397651749,0.5214637928193696,Moyenne
14.762638782324412,-17.511399059085882,-102.45634033384313,-7.883797696276522,12.272512742541583,69.79951737664469,15.765821380910126,86.82669878289525,0.47476001737118895,Moyenne
14.721729322410154,-17.478440695421163,-73.53185789668001,-10.929155356041878,1.2439388175003367,73.0058634157036,15.05677688931395,91.21966300473505,0.5056481590862707,Moyenne
14.767547241241724,-17.4053727555935,-118.72004353452958,-14.211027914794226,12.957429800220332,33.94284663967082,10.592127757700508,92.27688670100757,0.2846377449507449,Mauvaise
14.650342113722793,-17.546620252229754,-75.20423345760852,-7.660297588431385,23.490585743197553,136.98386734144938,29.117447857309827,50.22009820811055,0.8135461788545563,Bonne
14.731898454767089,-17.421747144562225,-104.497987387463,-15.663944612256717,22.19011144143985,78.80442645090297,21.586550745086726,68.5664079098563,0.48645146892880026,Moyenne
14.703619520091129,-17.396665939797952,-113.50093448080891,-15.858638282802863,22.600361778796486,64.91269848281816,24.00324150866338,81.30617708096592,0.41639000521784836,Moyenne
14.715662878027429,-17.483059102745845,-81.67945590497172,-11.9369590632323,19.78083243992691,111.40814905634439,30.72735080955879,55.89385405771483,0.6712493031013785,Moyenne
14.746694586401437,-17.534766446159843,-85.40814342710638,-15.348110556530756,3.8976240173340884,78.98808012679066,13.066129059937037,85.25096377331045,0.426229693926202,Moyenne
14.67952972728377,-17.3861761242232,-71.73903925601209,-18.872781510682973,25.1729430044081,125.68969392869671,35.29510915455459,57.820150322084935,0.7103728121001744,Bonne
14.67663692657787,-17.521632634102996,-79.5710925907863,-9.923834617816778,26.270521288169277,112.18277184423988,31.03635355967908,62.03051327549825,0.7566280781761063,Bonne
14.741391016305828,-17.475839778806048,-75.80854882883332,-11.844686499386427,1.7953443816492172,80.66548263055972,17.536207672531155,86.05704186993503,0.4992482827058154,Moyenne
14.717777548662744,-17.408549178986444,-104.48809850857815,-12.762750597095742,-0.4340527207012128,10.212830265441045,9.248652067080489,100.33766365327534,0.23389578940737513,Mauvaise
14.68037308274802,-17.386602802469714,-110.24082509211524,-5.462440795343586,29.14617390061892,86.728111578066,26.77705676312262,54.22678429903545,0.6415355529487735,Moyenne
14.712922422507024,-17.377523616302298,-78.71618865975279,-11.003211424519208,25.391338727762875,132.73087829790953,40.67570332075654,60.07953005983749,0.7640393504398229,Bonne
14.70974259275103,-17.443916561677778,-75.62408934030049,-6.911957910948617,26.263265152348136,126.49877398550922,38.49328654506123,63.81250647102214,0.8234931056163987,Bonne
14.73988777556399,-17.454825660708828,-65.52221718996296,-17.047696693127758,26.02317346185383,143.69241292748654,38.895446550043715,69.5737873576855,0.7812918814406575,Bonne
14.650345943470507,-17.380336544596396,-97.30602776987155,-11.031109516188012,13.959038841180494,67.91905067237398,20.745667391771182,83.33662758693387,0.48403361870071193,Moyenne
14.726278834550293,-17.437384580990507,-99.53900528139692,-6.848285225767359,17.62406078330299,72.44797779174816,19.890861177273162,75.71183006685258,0.5576963151610567,Moyenne
14.728738159566596,-17.434269854316955,-77.29728715919018,-10.836519398081428,14.087699824677458,103.7874028322859,22.42482663029817,63.70251456187989,0.6453176672457089,Moyenne
14.74691631783443,-17.46320532640124,-101.25580528608401,-8.947801506221978,-3.2077777783384827,31.915432312006637,9.232353439896219,91.02514595846648,0.2965370952250833,Mauvaise
14.765599960584607,-17.475437205615794,-68.80834709180394,-13.791390050629097,21.092607987347044,129.83001509455957,36.7088785398065,58.84977900694458,0.7492814875486622,Bonne
14.70722467362452,-17.453891828542034,-72.78729864863435,-17.705706761481068,12.68662116675581,115.1803810586556,25.68191764592515,89.79572771966174,0.5783074256881087,Moyenne
14.694527629160156,-17.477030501260774,-96.40532849437399,-12.589395868221,17.66981761765804,81.01815901188273,22.448814570123744,84.81115099500234,0.5161733666005163,Moyenne
14.663301649076468,-17.481290710006153,-78.70209127146765,-13.477288528255995,12.592393174143734,92.53552361981137,27.99176083904135,82.7191047812696,0.5726146242215701,Moyenne
14.69378865983612,-17.351267131598423,-78.50014192534246,-6.861157446694737,12.21339628128596,107.65745263192251,26.613382001648368,76.1911316090671,0.660828651171528,Moyenne
14.658903006377773,-17.482757301185632,-114.3281872140237,-15.58406576706539,1.0126188317218388,2.8012635106234924,0.2,108.90620316414267,0.14927031691484238,Mauvaise
14.754366626694388,-17.498723250493466,-70.35959013262384,-5.465720814508487,4.754980029940214,95.1613303478481,22.433489539009276,61.6148649715406,0.6534748743766352,Moyenne
14.754910799219958,-17.479215182031474,-92.21111951536786,-5.586066322737054,0.5598442180384531,58.09612446855529,10.615104545783076,102.81130652277368,0.43250749074159117,Moyenne
14.70424089544832,-17.43184373187278,-74.54483936407422,-15.533156996999859,1.848320346886985,77.18582893555065,21.542132562810956,82.32280467158509,0.4660858341351349,Moyenne
14.683753360403944,-17.367801902675367,-102.39727194331635,-14.127272623317513,29.05420831471067,92.50949949992075,30.592028856484728,55.78906196113033,0.5954326792827069,Moyenne
14.665342609808796,-17.39242714996045,-70.74622243270898,-6.462219627765609,0.358970602026945,90.79607984444101,22.445925054504855,84.74718562749244,0.5832223195043817,Moyenne
14.76066083158284,-17.38155177218486,-98.59390766962103,-5.4672889074544955,4.424464850682268,40.35509571915887,8.235574694949602,91.31697174476616,0.4220120786022087,Moyenne
14.764074386190103,-17.37819827786323,-119.40392916858359,-12.791852560295384,15.670638020850475,33.77477469835657,9.825736803422359,82.05179016089865,0.3260176394488291,Mauvaise
14.684617649896676,-17.365894320710627,-70.2039912969405,-14.506041361027432,16.356250168282465,118.1136844900924,33.22022547227486,64.80402242543558,0.6777287255160417,Moyenne
14.730828871300808,-17.502985753418226,-114.97923277676266,-11.63468381447841,0.38909454103401764,6.899590546913174,1.2546972608295452,102.72970162243114,0.1909054667453458,Mauvaise
14.68362497642275,-17.458326793792512,-102.43774993252718,-9.371231110879712,22.78010990248243,95.82944373607485,18.528565512610264,71.007417252211,0.5855658655354826,Moyenne
14.679266461528666,-17.47296046668471,-67.74659181220574,-15.171356784750284,22.482100376948875,129.69014384558417,36.6239525924344,43.11360327136389,0.7625483694600108,Bonne
14.652757046582085,-17.4736246010773,-67.71660691843442,-8.689375555332981,3.306119647136189,105.53344988547693,19.971816010745364,80.1314434422487,0.6189609191259396,Moyenne
14.725030724286189,-17.419543269659563,-88.46091615321926,-18.276797000395025,5.103320593641115,62.68067559176035,20.980376072847243,79.8923987203611,0.37579893725167307,Mauvaise
14.669492400614123,-17.469639387936454,-85.24895333066104,-18.30987710129817,27.829575291082392,108.04284040895877,33.532122699991696,50.2690290432992,0.6528718515835439,Moyenne
14.651608253772702,-17.42673393881656,-95.33549629119241,-13.591972127962368,23.898500609281733,92.5491714687769,26.842304584504863,66.5902632223104,0.5883339088130745,Moyenne
14.663630651363787,-17.47354412725444,-103.87340755660645,-14.051375311149911,19.422896157188333,73.4537465432457,19.132602990372302,62.71899786236959,0.4819644015389506,Moyenne
14.690789994906416,-17.487774363455117,-101.92345000465463,-14.581134984859869,-2.1218372471289815,35.8505370983546,10.614012427161509,98.25686562989806,0.24096027238098364,Mauvaise
14.736991214714521,-17.479384564311363,-83.01148491576288,-12.12572332263526,9.63924283159015,96.65708219162397,21.769113641265562,84.41194332655776,0.5412701788014729,Moyenne
14.676340996933176,-17.389248588797248,-78.6194008809276,-14.509729847638003,14.575565522688947,125.06011986728177,24.460607003088985,59.66751592972649,0.6268947337152185,Moyenne
14.765386773129118,-17.429789792754224,-76.46315259507833,-16.308389141446714,1.5593950794321927,81.13554437727599,14.94722202750878,102.44820267881063,0.4353725298745037,Moyenne
14.687503493349784,-17.35520045339668,-76.57100214629953,-14.667426312759588,10.687930373787859,91.9004197082634,23.46128134675401,85.12911209157696,0.5529215281480024,Moyenne
14.693059417625074,-17.383468754724056,-114.98366433232204,-5.351340180656711,16.03590571210415,46.22257667361997,11.047910970695774,81.33616427698087,0.445903702238382,Moyenne
14.678337033393758,-17.452843878333194,-92.80688324135802,-13.24441216207212,6.458183804038972,59.01496249451737,18.124951853388804,82.42396263067604,0.41227176206868815,Moyenne
14.682994693819339,-17.501524732981185,-116.83426819908456,-12.7740211239833,22.333068663267053,59.455610426908194,12.316128032534637,78.92464378769805,0.42509717145399933,Moyenne
14.65963756489191,-17.415218177708972,-89.77591147219455,-10.92837014068404,24.41573535735819,91.83510684105987,28.250903649883426,50.637432605968804,0.6615521061185139,Moyenne
14.688320175233105,-17.404670794537616,-95.71582242446426,-5.233229242200828,6.326331430192477,74.8824410779992,15.758294787836043,74.19811429007999,0.5024601380556475,Moyenne
14.761750269748081,-17.45716480404161,-71.17626994829351,-15.617582129899318,24.353000407236,140.55472666057713,36.16176406349144,50.26043991418115,0.7611963593583811,Bonne
14.73949519038143,-17.50401557351786,-100.69967430963567,-9.462050452545927,-1.3748201863944742,18.5888811584611,4.640890942104377,102.16721156827079,0.2890171969560071,Mauvaise
14.76378486650253,-17.43855233642735,-113.56131409648168,-8.976214290415863,24.32051845179297,55.91457172104731,22.258679102606138,73.80928330573485,0.5005449213968947,Moyenne
14.663631671869316,-17.49923414952811,-112.13545748709403,-10.497458164897077,0.3462651083665804,22.59090084158482,1.3368572902159732,101.05825978853602,0.23504002428432308,Mauvaise
14.709230162009481,-17.362000336473915,-78.11691525553903,-17.75990324508698,-2.0975496621595884,78.41689719063612,14.123640927559197,104.28075522781556,0.3755144799190819,Mauvaise
14.679803133487415,-17.424223150393257,-85.99800651760563,-9.523788138413929,17.46213915543539,84.5497662130855,27.079719843583867,58.29099084744191,0.6252179873494425,Moyenne
14.7437580267723,-17.49161380766616,-114.43825281324654,-18.102674045493544,11.5178078014353,40.19479262381508,12.397815314847762,82.26618576428673,0.2668828879998089,Mauvaise
14.776130917214365,-17.506853862333095,-115.37412566367514,-10.654002906301443,26.776171014449147,47.83760941935516,19.337258693569698,74.32480477758351,0.48530835895846636,Moyenne
14.755996732276538,-17.406655343322978,-81.4466977697484,-8.645863518895602,7.711621863179722,82.24917059401879,23.484274634506956,72.56156430283804,0.564059469240379,Moyenne
14.654586161677631,-17.40844134395165,-115.99803464996936,-16.046421531320693,5.050329220317003,27.800374272511753,6.19600204118923,91.52609106646386,0.20640304476174176,Mauvaise
14.69116576030375,-17.430573553698284,-74.79769673903041,-7.217291894401164,12.525721715046942,99.48323313291833,27.817797574689667,73.10979146915528,0.6737651629152639,Moyenne
14.653715359758568,-17.427139794964155,-81.15667750639271,-18.57504672253794,10.958116501903145,77.89450284983458,26.853147444114494,68.75096081268407,0.4852701236822098,Moyenne
14.65522170570103,-17.429226199434876,-115.52581706469552,-7.186619908783715,7.054981617601589,24.885792596241274,10.857012806001501,97.04496799110525,0.3144941248753101,Mauvaise
14.660336989541374,-17.4779793106379,-115.33392572531444,-12.55539329100129,19.2809454544415,43.65646624276462,19.49017603324213,75.30809046291134,0.39607413403229463,Mauvaise
14.685922500766173,-17.362517117998507,-65.73482318243535,-15.953768840956977,21.584664186986792,142.45659589236018,35.6801166065868,48.46883094333248,0.7666426566444102,Bonne
14.689546359792956,-17.454144307147416,-99.41510623341338,-17.127105970084447,24.854438916054782,79.62058577756234,27.98462542227519,49.1221401917998,0.5351156435013348,Moyenne
14.702058956720535,-17.545934419970884,-99.614681911321,-5.653699653846784,29.049981164861997,88.57390796325349,29.110637870133992,61.27313845185835,0.6937708496658739,Moyenne
14.702641042280618,-17.480327731522337,-75.29602380083736,-17.982681773863806,4.3329667246376555,70.49467442084185,16.05149497361804,73.83953735898066,0.456004882135697,Moyenne
14.750283171539612,-17.523943484270482,-67.90132824388778,-16.21269212089704,20.06327188714865,132.05384344809994,34.18705681315846,57.12107943949722,0.7228397547743033,Bonne
14.668382421665257,-17.477323241790423,-65.76994148974211,-14.130487135937356,8.799038242351083,110.50193644592778,26.908930199451415,69.18098094430391,0.6306324243936002,Moyenne
14.670506280054553,-17.428347502992853,-78.56419981075821,-10.316712114544313,18.697869018288785,100.32952099236805,30.34222646360223,63.524808819637826,0.6801529229531258,Moyenne
14.73145657671739,-17.545467105095614,-99.30572279579962,-11.372784806134622,11.65935916222271,62.04937928172279,16.020557509385846,83.16706943889194,0.4439972118779171,Moyenne
14.724326479785024,-17.375959893754427,-115.40746058157322,-17.240991106227604,29.782058596877604,77.58799661023384,21.170463143972146,67.78750123342542,0.47442499882311073,Moyenne
14.670020611712674,-17.427938176306366,-77.25691962399097,-14.943808227664995,20.511574752676246,113.96184259721625,32.28769870800222,56.22733476511765,0.6717508658299928,Moyenne
14.76079437549101,-17.4909256247482,-89.28776626453072,-15.657475204795663,28.33719551520136,113.03052397927628,27.645501806298455,66.44899293194388,0.6578126260719228,Moyenne
14.692777723833157,-17.487758965215143,-96.6677894914163,-16.01040003713522,24.2239342318415,92.29911632495661,30.499485047862752,50.80779685971463,0.5682161475438133,Moyenne
14.697705755310784,-17.456866364696772,-70.15050881978952,-13.243979289280182,26.601535390717988,130.31256717036212,36.37414250296128,48.51285047368227,0.8024189362040041,Bonne
14.704659810508497,-17.50038163879964,-113.88413847316167,-9.143559663716804,23.50467190251362,75.85899496631318,20.330406382321456,81.03116946069062,0.5051279370708492,Moyenne
14.691951243196062,-17.549131614447813,-92.90561926400275,-15.955658948958696,11.070569563156898,66.43478773653085,19.908106411653577,86.12291170440241,0.4271727234995457,Moyenne
14.72246915679544,-17.544688510364146,-119.37554953779195,-13.86649568415826,3.8125958671409528,15.93568713491775,5.659438903304055,96.58267846578028,0.1854916962141358,Mauvaise
14.700524204010566,-17.478451865605596,-94.22366469032306,-13.527156024223729,7.961206140768278,67.89590452581974,11.367608757069517,80.7889965696656,0.42436843273894487,Moyenne
14.683726514372887,-17.52515566467828,-116.90331983749894,-5.329608587904257,-4.291731857601734,0.5,1.5518854981869477,106.56057805290412,0.19888994654324516,Mauvaise
14.7675817328024,-17.545527265070586,-113.46501460525604,-5.634671003693036,13.33976086126335,44.6433570940685,13.534538976173547,93.17741241191165,0.4185683608044761,Moyenne
14.69008559621822,-17.378146145993032,-113.53605642725923,-7.798073841470938,12.677023009464303,40.309303867119034,10.230512203408457,83.42400335089256,0.3914891531602561,Mauvaise
14.740803560310946,-17.49517253727143,-84.2934333836165,-15.616775108531407,13.383766269067088,78.12757772816687,20.61693385124344,77.23575695092111,0.5152241413010628,Moyenne
14.695139480146397,-17.44937548456664,-78.96753164040172,-18.047477602716626,29.091092874022237,127.27920034936086,34.72296969150443,52.92227052715728,0.718226115049586,Bonne
14.70657859829407,-17.514118183161678,-87.91471791965623,-14.563342071911254,26.900890120919374,105.44635255959066,27.164246752932407,76.84752464044115,0.6501971206896566,Moyenne
14.680672658042173,-17.540655005551248,-67.0805098339002,-15.264876307926368,0.6599472415537804,89.58906743470821,25.150586800183653,87.76831336549341,0.5082616389808489,Moyenne
14.747802850520342,-17.401026740102285,-99.38211812619627,-11.917038797950486,7.910888254456122,42.440150271685475,18.21233440938062,83.15755748254604,0.3860165789624918,Mauvaise
14.745836422685413,-17.525008629070644,-104.28583525449766,-8.111809259050897,9.838466281214167,57.402482363750565,14.741984660703555,77.47357097429293,0.4353131012812611,Moyenne
14.652891192955053,-17.54485661951927,-72.22704794957968,-6.983478855695989,7.618652124807671,111.26726397223719,22.383394455986206,75.62923688547816,0.6583358273594129,Moyenne
14.657825225239169,-17.432553934347318,-107.7022288814301,-7.1719028042528805,22.947358726136958,76.62495216183002,20.776047035983147,71.38701404063325,0.5623907629166606,Moyenne
14.769908939116842,-17.547306485515712,-67.02276033076637,-13.96454214287705,13.341318445365541,128.9081781216054,31.155153914509548,49.796800106208664,0.6958397083600526,Moyenne
14.76554749014092,-17.462742811037938,-119.3315038920601,-9.37871919155044,15.023493594006876,30.426351875446336,17.02389985208963,82.95545243747331,0.35348415593466564,Mauvaise
14.715791335061208,-17.49223279030444,-66.65666453107985,-14.62032123466092,24.855474564577392,137.30456474643074,35.35780939053599,53.57665499119802,0.795379640089601,Bonne
14.714136460902584,-17.48611640301245,-117.62620484271831,-18.14732239470744,23.20748536953755,46.22172613196028,14.723309935854903,72.18246729974128,0.36196233236052394,Mauvaise
14.755615142669892,-17.549220191377195,-70.98712874660609,-9.178086281558809,-0.3725967012895106,89.7292071118484,22.536609568571023,96.21483360342475,0.5378271655055178,Moyenne
14.667998519095034,-17.35713078392344,-90.9764390002535,-18.86241426402297,19.9870104429272,93.13057901057664,19.78773789720696,56.490731372251844,0.5294289322655238,Moyenne
14.734980885774974,-17.446607379503295,-65.38693621343847,-13.27144377558116,10.240264511571244,114.70496376750967,24.257165058638464,76.50281354107332,0.6536007536986348,Moyenne
14.711877789283344,-17.435497573391665,-115.94118893955306,-14.38869022977094,5.3127116071875164,29.886590370697576,5.398908318655132,108.04685670494398,0.21779588330208277,Mauvaise
14.746633033811031,-17.416775503017597,-89.53801435792735,-9.292714460736066,-3.249341268423478,50.526223885199286,4.705855683413898,108.49315604359246,0.36336601555835096,Mauvaise
14.65391336287056,-17.390495641790046,-66.68836054094956,-8.272563381354695,12.053734612090786,110.02799520440263,31.433135227550995,56.607682709265184,0.7241919897683142,Bonne
14.727054321464111,-17.428418176738166,-91.22961857064182,-14.742675096402026,7.440283825358598,60.34294544754054,18.84854798954168,89.15335336814586,0.41008192939953986,Moyenne
14.722374667978022,-17.39756037890134,-85.38307490256057,-7.637221797772051,3.802956388674028,73.91063183702826,14.053613574529669,83.7482118138365,0.5040960461380309,Moyenne
14.759310282846593,-17.460252941127425,-81.73382210584606,-14.885165352930928,19.313510535893514,114.0133863130855,31.75146199561258,54.492165661516594,0.6388989155222868,Moyenne
14.737988718682153,-17.475744971919102,-95.00024143777247,-12.751430960188143,21.931988556045546,92.77700852592564,29.450184771222993,64.73438286874418,0.5837776429030884,Moyenne
14.764420846591433,-17.385373218503563,-85.48430559537651,-8.821740621802125,3.567633166029868,82.9870568028963,15.238324312968937,82.23342715027114,0.4989218308222154,Moyenne
14.765345531813532,-17.37693789516531,-87.86271284422949,-9.29911679085296,-3.269339716222846,63.174766058215525,8.607508170459663,107.48130012792622,0.3855871249373839,Mauvaise
14.703061320116964,-17.522438666042614,-70.4363094229956,-5.176841387629199,24.706344519783226,139.19924969928002,42.42053894902723,57.21196365676006,0.8741364247584705,Bonne
14.667866437387737,-17.441467962607987,-117.50044908121981,-15.847745660976955,-4.651409057849384,0.5,0.7823419473309621,106.1676190226671,0.08011757741434009,Mauvaise
14.731936875256885,-17.41327151390277,-104.54702457242733,-9.727549210445847,27.79893728725152,73.38803270752243,26.636771459633056,58.33387834479275,0.5992691725627085,Moyenne
14.763586992793106,-17.533280252673606,-67.72736837578927,-10.464453284139116,16.966695589394707,121.69781097982994,35.26274582096889,59.678362539019595,0.7467739296129627,Bonne
14.65974393474532,-17.36408063665145,-71.0354918859996,-6.1886216371395815,6.2646322320462104,103.79463582922234,23.428612307341545,78.61624504529196,0.6522816997002031,Moyenne
14.722530025501007,-17.445978045456574,-94.93887859678578,-16.81093001697175,3.6267268351857673,66.4705366903312,10.793239517997446,101.69610399772378,0.332767853980648,Mauvaise
14.664949938465778,-17.420908516536652,-85.89270712091547,-8.47482570978294,-4.684801750743366,53.952370668243354,9.898670563621888,106.73669926729774,0.3843057743145551,Mauvaise
14.653509478928177,-17.51435145038193,-104.7440349360377,-11.044239372237243,3.2414995953807004,43.767922153347186,11.724600351112496,99.00785203948271,0.3168587598982769,Mauvaise
14.738352596012309,-17.497113062008914,-109.65333621519312,-15.154677822969324,-0.17950944690006132,17.267849650869152,0.2,103.51012372333761,0.18721581934243398,Mauvaise
14.73864044954338,-17.525799756663762,-94.49658772830098,-12.357911201939562,16.425817725310097,83.18958931432893,20.560174484494063,61.340487385441534,0.5362205558783824,Moyenne
14.728085545849527,-17.497200255629224,-100.56562745856709,-14.32712764102283,0.8290956007830461,43.283479157819414,12.531569505794465,110.42977952426737,0.2756994606880671,Mauvaise
14.761698964507232,-17.451520646941642,-87.89891384820203,-10.889612360961548,13.502044313781674,67.73918087879967,20.151205969495905,73.07487640947132,0.5396053918403354,Moyenne
14.660513937173153,-17.383274080108542,-115.72459496692584,-6.553991448594678,15.65407478205648,37.268827701326956,18.092569790309724,98.59908496364761,0.4052415138072651,Moyenne
14.663683834020839,-17.443255316995927,-66.40828557836085,-11.029730218229172,5.431459442142009,111.56643647529353,27.803353115152547,79.84855962831826,0.6254607628555026,Moyenne
14.762389606937328,-17.501107280353782,-65.75840905362185,-10.155886143427823,-3.7727267843448455,88.86099772524568,17.14706073572411,107.07537524118418,0.518618485029607,Moyenne
14.715425973585214,-17.541075785021857,-81.601105728914,-11.737530140394068,-3.6961141785031364,50.31377151863244,10.1467151552609,102.74562969484623,0.3802535405127905,Mauvaise
14.685496865148972,-17.4256060328186,-90.51469985107337,-18.283682909763336,-4.077843373212884,24.52834450093064,7.603288068426396,90.98443860571403,0.2402799876253541,Mauvaise
14.745960407138087,-17.46596802052667,-102.97598110425197,-15.739980203734682,20.869363349779118,69.75331285991383,29.560804434361494,68.20675896513293,0.4738066087747682,Moyenne
14.766272483938572,-17.353129226636586,-75.24127391611782,-12.111975787950842,6.130339668500435,89.77782813644953,26.580065238108794,79.92301804097669,0.5498374928803182,Moyenne
14.739648427206385,-17.394048022917662,-82.33978550953664,-14.656706027574133,22.870506508868225,104.6919940528974,30.56660254329015,54.04393127000938,0.6595074066577264,Moyenne
14.752951237568197,-17.388327436145328,-111.05606833603098,-16.45530963134328,10.11064883449972,38.57066099397074,9.383369611677734,88.80383584545798,0.2849375723841667,Mauvaise
14.686724641225375,-17.54755299542392,-69.89900485283866,-11.942140213141863,10.854933529048735,112.93265278613491,26.48492487858437,61.32213197445229,0.6568487433547411,Moyenne
14.68754079672337,-17.39444093341919,-74.7604516392257,-14.480662891730095,12.950891087835082,110.17451175479631,26.63094646760585,71.55672596347544,0.6115174504261462,Moyenne
14.762336104446101,-17.5110773378649,-67.76100476894418,-15.386492995572194,19.956100973128635,111.8711424395936,29.522842799231515,60.45320637573231,0.7091345622318926,Bonne
14.729932170325178,-17.43284082554234,-80.0854270386402,-12.50420415583467,4.572600304039748,68.48569385992617,18.41104455694953,77.6039264840835,0.4861142677520144,Moyenne
14.680441157717587,-17.46051568553686,-86.26216422353156,-17.134020386849578,-0.7444427663265589,55.42845410050535,16.254345559770556,111.38222812130168,0.3216670377060919,Mauvaise
14.718141036010087,-17.435679229884464,-96.99663300401596,-6.011559736944298,14.462006731701152,74.60712240487487,13.776513117135798,79.90978151766924,0.5527859061323639,Moyenne
14.739161861291391,-17.523311294115402,-68.69993341552927,-6.852170629130654,6.444216813495874,106.01241892899228,25.94572696942361,71.35913956911065,0.6665068058831634,Moyenne
14.678411380562602,-17.45862166371777,-72.36648607747753,-9.093311799632506,10.487195978381308,107.72632520806422,29.13716096791412,60.846529965409324,0.6658716207094054,Moyenne
14.735137833067006,-17.54261106280967,-117.51297314415959,-17.513006413761612,17.64313479180569,38.44687170278863,12.53898171852502,84.6599923215212,0.3055885644930914,Mauvaise
14.65547883047631,-17.541800130368074,-118.54981640265115,-8.137718437424297,12.29440093994447,26.433046496902307,15.196172191606397,90.05134780276393,0.3389282174904037,Mauvaise
14.68947991099054,-17.418452373845188,-99.29451482170727,-7.688597406473734,16.7097585985295,64.79220785278272,17.872739644028073,83.55319689011851,0.5293063310027244,Moyenne
14.737616335524395,-17.359660325305565,-75.4195668069992,-8.251295351999273,14.047000073976974,112.02628960090209,27.759299654915374,69.12604283980613,0.6875329535668202,Moyenne
14.669415378513687,-17.394521416259046,-65.69981288767806,-17.404477580330624,20.89287301776347,128.7321538245576,33.709758547756216,46.76514331643645,0.7327720250567993,Bonne
14.678885873983525,-17.456168843885806,-111.72707098930596,-9.985288601051295,19.707781619906697,62.27983371950983,16.769983216189793,92.05203404673895,0.454404057226393,Moyenne
14.76428212774659,-17.538825851981525,-87.32281065563257,-7.31945285950842,13.696646213301673,86.60734021712916,20.172771410565637,79.6049591324698,0.5971822689727854,Moyenne
14.73766174292611,-17.54099597010858,-99.05100288529381,-10.917052382924652,18.76160573008974,74.77615072753878,23.560999443796042,72.2738335834697,0.5311347684353943,Moyenne
14.714859432333368,-17.518421547778388,-66.65470812019683,-9.950296746806753,25.574586079541447,138.58248515653653,40.119478786804464,51.50730639432845,0.8542475872040292,Bonne
14.677416140976568,-17.354837899213194,-73.68345922753602,-12.582911288031713,10.1294950725859,90.15277456904755,24.10816922244096,78.76859920326422,0.5887119602913139,Moyenne
14.694383255355694,-17.47026778671177,-73.89192124088743,-11.598097521623263,9.446707546207778,94.09592693188256,19.670618207018023,64.59512108256098,0.6056661440974291,Moyenne
14.724662964777357,-17.381318541625472,-94.22187621127664,-18.518723983075848,21.748596729833306,86.67994895149722,26.45587153683966,69.21336263301035,0.5155758701431209,Moyenne
14.670190637207607,-17.408971512210282,-97.18492737142842,-10.054517692374016,15.389384296469792,52.612197568861276,21.02388750576099,74.58709151573395,0.4979439250015957,Moyenne
14.712626730386765,-17.428914268156788,-104.96261104381115,-17.859739019523772,-2.5147626922094006,20.955194598424928,3.852607215960234,110.8122426238462,0.16262160376218981,Mauvaise
14.703166671237943,-17.36043477766925,-116.89934768419901,-12.909795679236872,26.223920549187845,67.11380897944541,26.04366655650426,65.96976229217636,0.4729324103049639,Moyenne
14.711969354385591,-17.503917685876196,-72.44026930597207,-14.902828632656291,-3.9225914216825952,79.54410257995328,10.208303953029997,89.2521343372664,0.4325925878863615,Moyenne
14.66372290676644,-17.45902206750617,-75.29044449784573,-11.364008697036017,21.19387246734101,116.42434228241223,24.832204022131997,73.51224735826563,0.7176195795106048,Bonne
14.663844621315853,-17.377055406865082,-65.01552796926282,-17.1321713026751,21.55779499465095,138.96468282887693,33.14251700792067,64.92337132071403,0.7432484304073483,Bonne
14.775334423857021,-17.439647738471553,-65.1849739609352,-9.316992372373544,28.358887984867565,147.45400368076932,42.16775430535432,19.26630566386778,0.923280686907606,Bonne
14.77731780538422,-17.500710972074778,-89.45125619185549,-7.8698384830014145,-3.1052957059187736,48.912358928693685,6.350819426405913,109.85457513433575,0.3777975402465582,Mauvaise
14.705401405528537,-17.508216716631544,-77.70569216507192,-16.71303770359581,15.889990127457185,118.00116616424437,23.98308807586663,68.13235908578025,0.6068360436913647,Moyenne
14.752569408974608,-17.399423799791542,-68.03788485646646,-17.53961677707365,9.974419971946853,118.03242610889971,29.021898289133997,66.98740372149223,0.6008030102168648,Moyenne
14.7352528855,-17.547442221149584,-73.26939351274237,-16.96278324097697,6.572153420083971,98.75269231404793,23.3438634329922,71.7128144069553,0.5268555754552676,Moyenne
14.66519919110039,-17.367161584519426,-106.39585440412412,-6.720214133420976,-1.8388503895324435,17.506267434854355,5.605438414769046,98.85958400096136,0.2844690109983366,Mauvaise
14.68856822545351,-17.54631640237696,-95.22007255794486,-11.605350335411014,14.69289418849582,79.51117217204407,22.302287295062957,72.83949322911371,0.5141393757771758,Moyenne
14.690774683123788,-17.42380219062386,-112.89623216666777,-12.458346055894964,11.766425398611478,24.114240502903314,10.447237660875661,81.31324824748968,0.3224545999868682,Mauvaise
14.7274506765317,-17.4290504077116,-67.52719350077027,-17.50603453256704,-1.3405939647141505,86.50375526333511,17.290114277255924,77.4272713373653,0.4684739928600354,Moyenne
14.725396972600882,-17.434317769789043,-86.66039510520159,-9.906215905402535,16.437132748397918,96.22128517654474,26.60419245474226,63.66215074283234,0.6168124948259232,Moyenne
14.770056130181358,-17.45513138982665,-107.42464569730956,-6.848005713468741,20.828359208852845,70.95819044466145,15.946565109795046,77.76853851192081,0.5392912146145646,Moyenne
14.752704720816915,-17.379513933462277,-83.05646235767787,-7.405397829471658,21.85474053687769,113.87257098742892,22.800397011431485,63.17949249789265,0.7276744853585366,Bonne
14.761390196398386,-17.418133425941903,-86.00294677481573,-10.235234074268782,26.688061589184958,115.52975917486073,30.2807592203604,61.78489143622298,0.7252984665139293,Bonne
14.76585971976943,-17.393627543700124,-100.30105050819377,-17.946097966876568,9.331475966107202,52.58536623561394,17.219285365604296,87.54044766245667,0.33580691326821255,Mauvaise
14.754165967432147,-17.526895638804163,-113.75433242902041,-17.42644161953582,28.357546901774796,73.63653643282682,23.802945578045623,57.03544928541614,0.4724615658988145,Moyenne
14.693274563937424,-17.540020272508514,-83.06347424239601,-18.309674180462455,25.290029177894013,107.74926381902439,34.202678952056246,61.92804994797543,0.6349610254561603,Moyenne
14.677951686273484,-17.544294298214044,-91.38307645029137,-15.39529096910543,5.377554985837866,54.6464618998344,8.731328801215032,81.55629319145878,0.38394026382438534,Mauvaise
14.724329753942737,-17.52055880290528,-77.52248845453984,-17.100739459754713,0.5749063072310463,75.85545965342673,17.21605388094326,95.25316539033093,0.412182998192792,Moyenne
14.739643881138932,-17.416598421949118,-91.39100743884036,-15.359327436465925,10.23862886448047,72.4981262246023,20.141781115469335,73.46451291354981,0.44919485949210286,Moyenne
14.700253835965212,-17.451195648851765,-73.1300174824803,-13.609187219934537,9.066454778458832,85.20695840818398,19.698619958221023,70.71565816604557,0.5720459571376831,Moyenne
14.760284024495386,-17.399549548767588,-89.6451238674033,-5.798241023004101,15.15017568659215,87.54481184619483,24.815502398662982,72.23892665455917,0.6191207882521993,Moyenne
14.774873657066337,-17.51165393265158,-89.14841156555376,-10.454735163056311,15.418518131471181,91.46656362485612,22.256461954568636,79.92609822889513,0.5730361682651202,Moyenne
14.724021444397856,-17.47660739160591,-71.78405185379103,-7.310367000438527,21.249544453299134,125.84791885542316,41.96427307330053,59.96143911660633,0.7991118700749592,Bonne
14.709356968088109,-17.372300490290094,-97.80844235831816,-9.055078990027349,12.846148187196356,84.41367463152376,11.227640698935884,82.18920217637569,0.5101854426128586,Moyenne
14.759575325202526,-17.362857090794293,-112.62916243521477,-17.424956172627155,-1.3312075670732062,6.404527875466996,6.755290953747839,123.63216397019157,0.11250991562508923,Mauvaise
14.65315504110862,-17.365654169002166,-118.41695280276636,-8.697114310764716,25.040196744358713,51.88287641691966,17.899729950504653,59.53548802934151,0.48870281558005113,Moyenne
14.666771640058453,-17.38633899115985,-78.46745093795096,-15.148615658172258,5.841760411481548,81.1283189794288,14.774169316434119,74.82486720439935,0.4919804580680064,Moyenne
14.759935495670815,-17.412352824280422,-85.88297467555944,-10.052490142074111,28.99541111073072,117.38026438268226,31.65688121037072,45.404255224666805,0.760459041446794,Bonne
14.745163716134238,-17.36726442119451,-81.2756127545427,-14.22653236899816,-0.874896196208045,63.451867421130984,14.773545922576819,79.63366193485729,0.4080890185447058,Moyenne
14.704097770766563,-17.407163681633474,-108.28697111700991,-5.032588314294772,28.53879102813761,67.73524680051939,28.189113837437983,59.01867346017359,0.6294049041058599,Moyenne
14.765550741504173,-17.3592127502549,-112.49956884272767,-15.31027928704511,-1.814586759111906,6.749173079247347,7.520833038063508,114.66738075235776,0.1380519592429782,Mauvaise
14.6956895773939,-17.545042333592622,-119.2000433882665,-15.092173409160225,3.0862648281470815,8.751490330048515,7.706049459922712,100.58606957718798,0.15723792231254607,Mauvaise
14.732399896522699,-17.365671582821086,-100.71768426563716,-5.970588422126424,-3.3697020269710443,37.86910935097072,2.4938730260337794,103.37651698140571,0.32770251996566824,Mauvaise
14.73246348114237,-17.438851892772128,-87.55452722299518,-18.65497833509148,19.67896013236482,114.13317017262115,29.52168164140541,54.068554441994834,0.5702933779548282,Moyenne
14.673963146039851,-17.52764044963591,-98.42657751951472,-9.246354169775243,24.760455780012713,98.87952095965562,27.056871785541368,59.25511719048106,0.6366422921817716,Moyenne
14.687030725701328,-17.507017746052544,-95.9388792886949,-8.845430529697706,10.192487863559315,57.08584869895643,14.592324690661336,81.209422946229,0.47320899316376497,Moyenne
14.76908089995049,-17.379568143217018,-70.27127180284384,-7.290699916254409,27.49827262648504,135.9689063031262,37.018113927111735,54.26369401457758,0.8750541277658211,Bonne
14.673843930993144,-17.4487766090307,-100.84594931371848,-5.357849651061345,15.660467511445987,64.60819256949576,16.53671701987655,66.05669149180318,0.5483026564710682,Moyenne
14.67256470084019,-17.353436455300955,-91.73057809621041,-5.341573131806866,17.050249740628313,98.43498782852762,22.940749510575543,69.76834054064594,0.6414620360568284,Moyenne
14.712350011585404,-17.526493778099006,-76.89908429923713,-18.086125394069505,24.589672059526947,123.12750839289562,31.109117290053504,64.8735912918701,0.6783916254991924,Moyenne
14.66198565787092,-17.467499307219974,-98.19014697233014,-7.494249481459365,5.388007176814362,39.232704576368036,9.321071363802186,89.08168980502235,0.4111237059978879,Moyenne
14.766301404567969,-17.483625111383848,-85.78523148746696,-9.951660928796661,7.399300246466902,70.95428986861569,19.592036535261713,67.31984251135704,0.5159266113763014,Moyenne
14.663019387980622,-17.446772912787015,-72.56999601892902,-9.937210118776724,26.708317171812553,142.10408912600113,38.18251505842254,61.49826038676602,0.8287012574065377,Bonne
14.730152471989303,-17.42331243622606,-67.7763656988297,-17.203101027394272,26.533722361356734,149.3671452498717,37.28908665808448,55.23132879888059,0.7869439842850773,Bonne
14.694171641337892,-17.41767410612367,-111.91095854890291,-9.897379669760854,29.176897167030482,72.50343146899277,28.357946436613233,72.46745271379396,0.5587867484322842,Moyenne
14.754555475111234,-17.549740824017643,-69.03768061611781,-5.245243871582531,26.56434107545849,147.23194249199693,36.650558777694364,35.92660959764798,0.919181038998035,Bonne
14.72667539694978,-17.53220791324369,-92.9336038806254,-6.234540026447743,-0.5419787388323689,28.743538304897424,9.185529889221838,110.67853778742446,0.37757713061140125,Mauvaise
14.700479798340327,-17.54298723326881,-105.79655864355729,-12.852170748732092,23.830350014794558,74.6371842158033,24.63391643214823,64.05975268799882,0.5223908838753153,Moyenne
14.777903487990825,-17.377080170720347,-94.74753340689563,-18.44072837399468,9.344346733835792,70.50337004689806,15.982129266441575,81.47879305197108,0.38286864097618806,Mauvaise
14.658610028500519,-17.487341549368068,-66.09820835929875,-13.927891139997133,29.678047458107827,146.3262345041715,40.894653481999335,38.57270999239746,0.8662052973786951,Bonne
14.725112219419987,-17.476587311624726,-92.90600483039216,-7.430535637592227,11.529833751508036,64.42875099937908,10.992466523561173,89.24143237720688,0.5183627269844923,Moyenne
14.778643880500725,-17.45992575021066,-101.91866143418704,-9.179012579487676,14.38426288757772,46.57521611492966,17.44757467355286,80.287042782733,0.46305169398313456,Moyenne
14.739823843617692,-17.380139120549288,-85.16295301258009,-12.56918882168461,13.542122033987948,101.02638870507529,17.190864056974753,79.21828626877893,0.5660684770703734,Moyenne
14.746170052113484,-17.547166747807573,-106.79199096719938,-18.228578507776366,6.260796045039722,31.213975629667964,6.34250868001141,95.89848965525906,0.24411167405759449,Mauvaise
14.654171848795334,-17.52627634512403,-115.82751695402348,-13.023473810473764,-2.374226888747864,6.27311362356125,0.2,110.6859642440142,0.14178230506818848,Mauvaise
14.652777211202606,-17.41296737557182,-112.9116152949143,-12.433650843949632,26.347793064067147,71.57717645864697,18.796640331025518,62.349044083047865,0.5077241737214012,Moyenne
14.654694314557686,-17.357221495458482,-112.95747885732251,-6.000222539482097,23.093653438420038,72.25613641252343,17.983878227934387,88.99687537046921,0.5314247115448821,Moyenne
14.77892410728291,-17.4214427157406,-111.64535185682381,-10.024794549849767,-0.11656268041157514,14.73859429069129,2.3830551271871085,94.6964470601051,0.23519938734286758,Mauvaise
14.77733756889631,-17.497775306306497,-112.36450550428245,-14.636859166834915,22.18688949725255,55.038681286997594,21.196071334349305,78.800413973051,0.4239316426696724,Moyenne
14.693486160349353,-17.44602711424268,-84.7518890358232,-11.6455442976899,16.90463331177135,97.11559645120768,25.837245598105916,73.48511616649878,0.6069396819306307,Moyenne
14.687827636114557,-17.355003904883713,-109.99659535804703,-18.07522569048976,9.32003257711678,47.918495257891905,5.321991142211328,101.68527259237709,0.26734377139799465,Mauvaise
14.66897463691732,-17.444384690686444,-100.98829941718752,-5.384044700903685,3.890740218344696,40.73999117626434,10.627497269466078,107.10241869108603,0.39513014378882866,Mauvaise
14.692788238891419,-17.47529847405436,-70.67663745516936,-13.959161372969836,25.090507422578135,128.39177851869576,36.7812978262457,51.57866766788262,0.7749701433855228,Bonne
14.698119490971145,-17.473314889032256,-93.93210978554202,-12.309857031216099,19.506589075291856,73.00252904863936,22.792674379005717,75.20337914548334,0.5467920160556984,Moyenne
14.747276766178674,-17.356593298281656,-83.28432438134351,-14.026024360683085,14.170896831419789,82.98806313771381,23.587456317803515,87.75768009123695,0.5423648336094766,Moyenne
14.762618161879566,-17.40621669465366,-110.52240708391037,-9.444835778373198,16.334898686446245,57.69683730949818,16.322516977334914,82.3448108913569,0.43974357776271833,Moyenne
14.74707556556638,-17.412565428875592,-109.4241039655231,-9.728749783385698,-1.8126836271236657,13.788660193908902,5.726483865987089,99.24713606193711,0.23196528683597867,Mauvaise
14.734041763142423,-17.50358913566185,-117.75222610534367,-8.9854876525921,11.587191631891717,24.135431605333515,5.173115043065713,89.69068856116088,0.3260764989638978,Mauvaise
14.749567010151543,-17.438103072447287,-110.70857153103096,-15.245994785433108,1.7795102474995703,15.626711106774977,4.764706021469918,92.8903748535488,0.20271188573689047,Mauvaise
14.746004672289734,-17.47865096029554,-104.67753135324227,-14.580641263703075,2.293428765308888,33.315421111707366,12.493272456254612,102.86862332548436,0.25817881648156293,Mauvaise
14.711847460184952,-17.50195969482921,-110.26442336477892,-17.246482764653088,18.145638680040335,52.92611688983183,21.35938282324948,88.73074602721913,0.36405430483853435,Mauvaise
14.693660682319976,-17.37088954279718,-115.12136064336194,-9.822860394154423,26.893965314200084,61.896560384930844,24.08611027809072,69.18472891309246,0.5140875092305226,Moyenne
14.686761493194089,-17.473368838247477,-113.36502708946695,-18.442840217300866,9.131481366742129,42.33700810387636,11.324751527273087,81.26250788119202,0.25144931642378043,Mauvaise
14.738316209736661,-17.49344256750572,-94.65716775820007,-10.632447302671572,2.271224555426663,61.92939417680626,16.4237527186349,103.58921779405412,0.3830806782894306,Mauvaise
14.774709536177879,-17.363655920678326,-108.6516454876814,-6.824257612077126,17.706142803282898,43.824314894235435,23.11976804642953,65.89424885233434,0.48687339507982497,Moyenne
14.725537113461632,-17.510530720708775,-99.96515764235585,-6.528349923945131,25.491546622261122,89.66306710166096,25.469037496617677,52.928517444510234,0.6586392832682838,Moyenne
14.768628445321394,-17.400899043056697,-92.31205010298288,-12.713471354820538,21.191158039287178,85.23693411453233,22.616295761592053,66.4460941913825,0.5838160236356426,Moyenne
14.651849818226484,-17.41945057110715,-82.02828442538491,-12.569748365016967,25.40650306878055,115.37891370351801,31.263775646388183,59.357905660534435,0.7124481475782419,Bonne
14.75328118407568,-17.365903114325544,-117.83783230873956,-17.922431437887756,13.779413485377976,35.70873912691224,20.692434673021896,93.11382564947047,0.2579382760673707,Mauvaise
14.76096834553481,-17.383590572486547,-76.03242806000266,-9.6092896437975,21.31566855292168,117.6744500683915,26.60154913786866,59.84354023653906,0.7437795033772908,Bonne
14.73202919893268,-17.408940956412074,-85.46547857800007,-7.502368114780163,-0.0977404224372238,62.35688461754649,11.607046783405666,108.67665207259103,0.4434841809466992,Moyenne
14.771427929917024,-17.487085667860583,-115.50325324281205,-15.574829235534018,7.189611537711702,29.40745421089826,3.3685159839360796,98.43235453513465,0.22949423690513437,Mauvaise
14.72668868907457,-17.45088619774589,-71.95317567412725,-13.101787657132896,8.634220756853285,103.3046572720128,24.234634632484916,84.56836480778617,0.5890592162216499,Moyenne
14.681269797328477,-17.361100847730565,-69.35201797075027,-7.256249285286215,12.89535111861121,108.71758125360597,24.14546640658065,75.45055303353952,0.7138935571127245,Bonne
14.678043239828265,-17.545359473883703,-116.64071220798249,-6.720313452727968,27.517672608988832,57.712537608644844,21.111868484997455,59.620588983371505,0.5465798444692467,Moyenne
14.722258714670053,-17.39113363523599,-104.7717293519038,-15.595480276300837,25.600379607776098,67.57117694437146,18.39987497222066,65.94890285918599,0.5054345012553613,Moyenne
14.767842910964507,-17.499637929909223,-75.65892961138162,-11.292011116420902,-0.2916077698785413,69.96524174072842,18.168111192355404,107.44133330919983,0.46314131300714023,Moyenne
14.65940783294816,-17.512996611341244,-78.84571702889879,-16.30509589109842,1.0476378158862119,89.7541035778327,19.804381280409693,85.97907288924169,0.43762349692688207,Moyenne
14.728570766587419,-17.503555077115536,-109.85134393539924,-17.57369730204621,7.5174192356118965,27.95152518828312,8.662392221348215,89.51175364621949,0.24620730806199023,Mauvaise
14.750074451487663,-17.53804980170063,-108.48578721648093,-6.2443129805125945,5.176035306173587,22.379201844779033,8.247809167326078,98.93675947058958,0.3431173941747282,Mauvaise
14.665002269051064,-17.351604035142767,-99.62403434647399,-7.512894940750472,16.51698336046918,72.23253122669077,19.20325463886859,73.95887931717603,0.5415756541010164,Moyenne
14.665180059792561,-17.376026171354972,-93.35123581449383,-8.359511374755565,26.59716167175907,99.61430438454374,29.487812660833583,54.42239314004162,0.6935276541149953,Moyenne
14.697596639567047,-17.445788806273555,-85.99598756583373,-18.317271536616033,28.680203958540538,115.60248316036994,32.86303836203729,50.67964170828774,0.6632948971376806,Moyenne
14.685604552561463,-17.40697936428858,-99.70974982366252,-7.1877969020563945,17.87610333873293,83.5179997085363,22.91921075612325,87.29892011737104,0.5586330161683272,Moyenne
14.67578084065618,-17.438680927415298,-94.56059061267686,-12.867382937324628,24.335572049038035,98.31115346099233,30.637811120242556,63.38951537523076,0.6119662631902497,Moyenne
14.675830242569475,-17.387684211109836,-78.88909840264338,-14.206468273857965,13.3820770080779,94.41274327803424,22.314055797252795,62.140586207842766,0.5861468958098841,Moyenne
14.666986974215229,-17.3810469616886,-117.98242384101711,-11.34933094564473,2.29144314010139,6.616958409739454,2.3821763753920946,93.79009802761044,0.19956472547033025,Mauvaise
14.729411021700654,-17.50344191436936,-106.11596806107886,-17.721054601870218,13.364094423271709,48.310351031463874,17.919135621686827,102.69689289134085,0.3266863491103528,Mauvaise
14.73945632846593,-17.45805044586995,-80.76577277634962,-8.406948309066417,14.42789105031779,104.55188535348329,20.566496119322984,70.3588753234396,0.6516726070707111,Moyenne
14.741381709494275,-17.423030453162088,-70.76362392720404,-10.845908923563858,20.98601474747448,125.208687783077,27.01077810317401,61.939838128500895,0.7625800444675476,Bonne
14.719206016898019,-17.354311833878345,-91.85774068363835,-16.387738643775656,2.6959046397572184,40.88842209769603,13.415871867252063,87.39069900126029,0.33008460017473557,Mauvaise
14.773877815056522,-17.413462124180768,-90.73375831040764,-16.364749203233362,7.890863373035611,67.14778018850348,18.25582818569373,88.35087027160492,0.4066091901784046,Moyenne
14.764469261086708,-17.37047299785117,-114.10553937631232,-16.42051887798256,7.740961422509821,15.20629789626526,6.3148336501867846,108.18478394063906,0.21208025050470972,Mauvaise
14.774492048546616,-17.380777589802584,-95.39231982471,-18.201966574272923,28.58038585094077,118.46767281391375,27.883004994648672,53.695898259852385,0.6132763542095213,Moyenne
14.700543412156533,-17.43358738726429,-90.70605034497373,-10.770821708796413,10.538073611435163,65.15051832563714,16.34895694204111,85.73311383881762,0.48913354454003405,Moyenne
14.764111810794153,-17.371268927987625,-106.66412230008987,-7.235125513760886,21.428288855435127,66.23265167785563,18.066583675739828,62.75328043030815,0.5497186993091225,Moyenne
14.749173710922895,-17.474515654434953,-105.19162229778405,-18.75502500417656,21.278398348105366,71.79666066758693,23.158298501263136,89.72940129358966,0.4206181756004481,Moyenne
14.694196477394422,-17.474143293910338,-99.24937102924575,-18.31393497040217,4.294046468113448,43.55489690107528,7.727057206450485,96.79883934975835,0.27922153845262,Mauvaise
14.663857123605549,-17.39380687135147,-118.89608412222505,-10.981216126382758,15.015439128010623,31.587292036509126,11.100609362528623,85.17927232096807,0.3382989181370765,Mauvaise
14.738740762486584,-17.523091266873,-102.2856458929252,-7.527060404595268,26.300601266152682,88.09022280361953,22.894436321238498,62.82470589291327,0.6340460560201331,Moyenne
14.667738802135844,-17.488834956508317,-108.37035961519004,-14.42565553203913,11.63192018099323,57.24395668653362,8.846851333675101,84.40166817733032,0.35598072942298997,Mauvaise
14.688190854910145,-17.428285509825333,-101.9876456302147,-14.10539841669189,28.07911275698911,94.91930059715162,29.57023748355754,58.91244136082393,0.5898709573672322,Moyenne
14.715047394937692,-17.465986880226612,-113.41308274994118,-10.651149035045137,2.5060380263456556,30.037946406379643,3.5001719894419283,83.94747286179233,0.2637910474660583,Mauvaise
14.738384729569301,-17.361855258022356,-71.02099955930578,-15.161019552261942,-2.4044312979089244,72.08248528861432,17.024868486968998,90.54192776198605,0.4422590494367567,Moyenne
14.770409595435648,-17.358298786076173,-87.35241505452733,-18.627482874912424,26.200885560066226,112.4415665934789,26.24304698355876,57.50831754559889,0.6236078411510382,Moyenne
14.72712120583037,-17.449483738237245,-82.64937244705308,-8.706800746577656,24.668841928677583,116.07571911383117,29.1150906323363,62.565131199109096,0.7426849644950096,Bonne
14.737283702957372,-17.442187621926866,-76.59558187659638,-10.240901218819657,29.740645657684567,138.07753245856915,39.27826194565547,44.645957952177774,0.8366893817940235,Bonne
14.690301800519627,-17.405074581635247,-92.58567905890185,-10.869416013220773,18.77877208393491,97.17174553282126,31.50196715567472,65.20498414586878,0.594165862073036,Moyenne
14.73934804013571,-17.458547014953165,-115.21938415519169,-8.616422194114476,27.784077433350234,63.92888860453816,16.193421555857135,68.88881490752213,0.5363380957746688,Moyenne
14.70691271569491,-17.511980306411907,-90.45914019997987,-9.546768274131475,23.943215877943878,96.86186648348927,27.49622865869948,50.28716591614564,0.673838384911162,Moyenne
14.76140105377489,-17.400606166275416,-87.72373850885165,-16.117652165503504,24.55492165920304,110.25133423270758,30.721978477774545,62.246177506375666,0.6290164161308284,Moyenne
14.70101856680719,-17.4024428221294,-79.00082891986185,-14.065265342793083,14.91995496589939,87.31287894750685,23.945377894460073,55.76788198550492,0.5973807613902524,Moyenne
14.710875362815353,-17.501003779321646,-96.25872495736763,-17.23445801649925,8.38276092708488,57.23087303366736,17.725944874863117,96.54711012354296,0.3559898974470162,Mauvaise
14.706236408398333,-17.3834166960438,-112.98308334624399,-17.182001812149664,27.709532539014866,68.27424187513134,20.25239559414407,73.52320159647519,0.45737883875848384,Moyenne
14.75544596845996,-17.42727016071597,-104.39232518107015,-9.53325955100845,10.124101146556306,41.41838055483795,14.011099969864784,81.39331771491064,0.4033534551227641,Moyenne
14.773980895611547,-17.502739677936926,-100.03047369807507,-6.979598502245025,13.858677853738417,72.12202251160183,16.124192989795535,86.90066827560429,0.5135487588030649,Moyenne
14.692545919127825,-17.41959217116626,-84.47455172676193,-5.521743825944053,10.614000749381571,75.12334102452158,24.52200066906474,80.04606102193972,0.593778652459436,Moyenne
14.71175362709907,-17.503278094741887,-88.60719324320985,-10.203140354307779,14.768640988606897,83.81806907684667,20.29643754779456,67.1250577267159,0.5739990838135187,Moyenne
14.741770414670121,-17.496953409183998,-100.41468007561846,-16.422581472946604,11.467677764731452,60.57565720349526,14.826615019986006,68.94884790557157,0.3902054985709764,Mauvaise
14.766399610864514,-17.38039813863937,-65.74166131638611,-17.52089516371497,-3.3211354497183443,98.42451735451586,20.50269083695348,92.76482268939105,0.4627736962573314,Moyenne
14.714181090589982,-17.364101686152036,-86.6823849353712,-7.620086398485391,25.871686510269452,110.29886715136104,27.687229852530102,52.432457329459524,0.7436184429382774,Bonne
14.664156156069474,-17.498623468328358,-106.9525264545203,-10.89740933096001,10.553783662051943,52.777501104445065,13.160514474644973,98.11309633523005,0.3786684248638209,Mauvaise
14.697927279855172,-17.364389792582966,-114.4019640058778,-10.344009705807922,15.613027697757204,48.347479763739166,8.420828955313006,85.73491489683973,0.39115145932289636,Mauvaise
14.721547045107215,-17.50224023069953,-111.59274734486173,-8.059530757434072,-0.12842690347045416,17.023136156147277,0.5888392209818507,100.79987239806789,0.25465661712000415,Mauvaise
14.704278198775585,-17.526546526891483,-106.47232493885205,-9.154118811745677,-4.88142532060763,6.5180896965486035,3.464082374648851,125.1292515360579,0.20339384574252192,Mauvaise
14.67425224448245,-17.53835522438575,-111.16252447072443,-7.317584460014647,3.5851532775275032,12.717368067588675,3.6306312009070014,105.61549336411153,0.28926721715755505,Mauvaise
14.654808634394618,-17.501577351833475,-109.73881367717819,-18.213005323561703,19.66051112466726,59.61708220948509,16.72005420478334,48.617058459363165,0.4029837125776215,Moyenne
14.739363126590385,-17.472950691864554,-104.31976572183841,-8.534711085548933,-1.5281914460492492,21.2584403895553,6.897607191265895,101.1922284489693,0.28121195991090253,Mauvaise
14.779055834801028,-17.364490323978142,-110.46445225878848,-7.088061397490664,26.811060413526373,79.18664072056266,21.3676255754517,57.100807001418495,0.5934256603556315,Moyenne
14.769496862406559,-17.501568400058794,-70.67790164554663,-14.9941094055836,2.5257899274664606,96.86599920229227,22.499313592934275,77.87056634028048,0.5214089428723019,Moyenne
14.738825218411906,-17.47690693100982,-115.58714398860968,-10.03373816409446,2.160776500212153,12.346520264291447,4.704031516593311,103.83126850322905,0.22464097368048536,Mauvaise
14.759398875107136,-17.40316882505129,-91.151873573636,-14.60173110628239,1.352778656752343,44.48566884679334,13.350838644727549,97.95684105738329,0.338111223074942,Mauvaise
14.683244590400735,-17.489585182402546,-97.42817451556861,-5.588405069245644,-4.510640046002234,35.43670762838707,9.465587683565019,108.2485005333176,0.33428026256685134,Mauvaise
14.730916476690197,-17.413126369664084,-65.96917607002665,-18.532069985902947,22.01319139673821,129.7351879053499,36.279491541049616,63.49064588859691,0.7186768521276631,Bonne
14.657878548001866,-17.4635844361503,-113.83786038075712,-10.88290018633863,25.62620859358405,57.660343156434074,25.711636753651874,76.44313216039237,0.48978921164844236,Moyenne
14.74193391055062,-17.510711009468167,-98.11794205248421,-16.66895034130679,16.49569459156696,64.35556178818952,22.93949334484087,81.6570769284282,0.4384985330585801,Moyenne
14.776083404073153,-17.403188219806175,-66.67912616985471,-9.02891712751978,1.5869993587951807,94.71147605331772,19.202848102204108,85.39574625918756,0.5919151338103358,Moyenne
14.761903649938322,-17.544592233328665,-72.39710807583108,-16.537536032138732,4.98472989293079,102.25591472951324,25.02976732357449,91.89446760582808,0.5126120156888851,Moyenne
14.719477313720313,-17.491533034985405,-75.06103609778961,-15.704634333422995,11.657434407773714,101.67078048751686,25.68043951392407,70.92684572759478,0.5775933364481468,Moyenne
14.75253622851066,-17.478763692166325,-105.81534451252831,-12.078808645359388,28.402108306815528,79.37238140291136,24.66206610940445,61.53152725121448,0.5761816184927709,Moyenne
14.77270684529326,-17.458356349002475,-110.60118269354638,-6.192310700043707,3.6572980136209985,13.0876660078512,7.684851752756115,85.40572816924623,0.31884744415689475,Mauvaise
14.678082285132097,-17.414026153604773,-83.22462290415629,-16.035998789928406,20.60760663719608,110.1503510151652,31.633687102753342,73.0497433652761,0.6132944150804724,Moyenne
14.753123606687058,-17.458119001162792,-68.88432059798278,-16.98063970434655,10.38068781525221,103.41479376650467,27.522104544109236,71.84957528150592,0.5877983438060348,Moyenne
14.68508010453595,-17.431135177542757,-89.37804088423385,-8.374324354043571,5.424657192600764,65.84678583526875,20.982124222992876,112.09444397763436,0.46134675370713596,Moyenne
14.764003164852156,-17.430844184316438,-88.56130207915551,-11.991326547324967,10.95705779577398,74.52615312965048,22.933076403033823,77.26844348743676,0.506365375269053,Moyenne
14.66278608573972,-17.4753456700208,-104.60114984868437,-6.235008426655201,-2.5077648860568615,29.867933241918344,6.203642232927153,107.29001330772147,0.30046476792115806,Mauvaise
14.67316839445308,-17.36320574684906,-77.67788867444347,-16.94739619976221,22.954057982562688,118.59781408234306,28.8023753035152,63.19140835677911,0.6689164833218232,Moyenne
14.743680140251334,-17.358829233824714,-109.71259382933621,-9.957009497677449,3.515567479403849,26.04831461275172,6.522291853284656,91.6336729681262,0.2909520862162706,Mauvaise
14.672721075502222,-17.433629823181107,-102.1976419977666,-15.73969195387459,20.389424311753967,76.9288344069484,21.71841473826202,76.31212657357324,0.47571336315983603,Moyenne
14.670547059247395,-17.535661823940913,-96.60099587609707,-16.80535399887705,-2.6078069993131847,53.418214470114094,9.454081047500036,103.39866939973962,0.25613527552075044,Mauvaise
14.722210694061854,-17.451774487148814,-92.08142917235497,-9.431988187798213,28.428449465799012,113.426044781463,32.58341353955164,55.20730835802642,0.7179482652714116,Bonne
14.758548340902179,-17.513116134641198,-106.66746471717059,-10.688415321277734,1.755524489199452,27.467510108420026,7.403875722084768,110.92345650779158,0.27319864743576927,Mauvaise
14.684900765285702,-17.45335709562542,-113.6839746393438,-8.432415582927362,25.895972667247815,64.55477237253346,21.698839489434654,63.67343711027253,0.5346036033372533,Moyenne
14.759347963751713,-17.51230336910029,-86.4158976657102,-14.667523929753447,23.331562336540205,101.55722295877759,31.24790013780778,64.42218358307107,0.631056462654111,Moyenne
14.755033941550977,-17.409228950870226,-104.12531957178594,-12.72839681064934,28.875097342849557,79.13718578550545,24.19294761297965,74.06857185839466,0.573901029533739,Moyenne
14.725283702124713,-17.533914175986734,-88.03189782175633,-13.323396531374142,11.726173133101238,75.37611367268613,25.483704413305716,73.54473758579823,0.5049057047755586,Moyenne
14.734053157979345,-17.359339184720817,-111.51005065991887,-5.222747504468801,20.458905284608303,51.173532737658974,12.151215312763789,75.16196753697349,0.5132069767106999,Moyenne
14.655257354259549,-17.51092482211333,-93.53729439798504,-14.90851460564857,7.974872996322443,68.16329258643741,20.210586504647033,105.68939679201647,0.3970962659037817,Mauvaise
14.697727622579484,-17.41786873279015,-90.70758120966278,-14.872558663145263,1.4528883306892837,46.13332974199996,12.13381182282504,98.5794964026317,0.3397235523969777,Mauvaise
14.684241341045386,-17.366607529854104,-117.14970547476652,-14.036325076399496,10.507657652670709,38.52650048927869,12.360702883515994,89.957066936765,0.2802071947824892,Mauvaise
14.669500501894571,-17.500422737203188,-101.48676469933437,-11.095682861935499,0.8012155385959208,41.09130215727405,9.132004535127953,106.968340441294,0.30517417546467224,Mauvaise
14.700655712790407,-17.363140620192574,-112.60719276835641,-15.467481580307567,29.37156179752344,73.47490972378232,25.18567902207407,61.008301816499376,0.505588910069952,Moyenne
14.696137545525167,-17.472265066867948,-116.51437662399778,-6.1859408346901645,-1.631372810074927,4.665363010774472,2.740770642627892,98.19606402162333,0.22438124987062857,Mauvaise
14.744755918156864,-17.357893836549483,-65.552187218553,-15.280402091872311,15.622410320841713,121.34785189322689,33.41958456535898,74.60602136129181,0.6852149258017415,Moyenne
14.727752524261978,-17.355727228373095,-102.27053852639024,-6.458579758157274,16.926234933891955,68.1532296637026,18.067183489726066,69.50053931637875,0.5408372065887797,Moyenne
14.768703008944263,-17.512384018986154,-75.4569054779951,-17.551349108947814,13.8327840005919,114.09356839426086,29.377429274694755,90.20341086424745,0.5738654173170236,Moyenne
14.66890298579726,-17.38378253261379,-105.99476398799298,-9.808122166404868,18.176505999914173,56.53666152219377,15.371974933406026,74.33587639101935,0.48051177809747464,Moyenne
14.65776731869206,-17.51131579743329,-82.51735027768389,-6.302202741864589,-0.9336728745838165,51.586022067419904,13.449364670623593,111.50606710186995,0.45260152093598915,Moyenne
14.719499012373847,-17.504711875933786,-78.18746770606724,-16.637507862424787,14.425648347185188,107.55834763291001,28.240249918722927,60.039084233510536,0.5874186224654641,Moyenne
14.650133528019403,-17.53317469919532,-87.23986926656856,-5.443422558610429,5.052439989457653,70.39203001969915,18.987806488169028,96.38847387484516,0.516237484971919,Moyenne
14.752403462607544,-17.518692610700366,-94.0633096297413,-12.659632954182836,27.90616221553698,92.94310764898432,30.994521725250635,63.25767241550901,0.6422295056563362,Moyenne
14.71577647552905,-17.42355620635058,-97.34874972190023,-5.759988481825658,21.6725078703904,77.98501024623745,22.918515792740987,76.16739616074977,0.6212377826813229,Moyenne
14.713448524887527,-17.460149453989644,-100.81224534013526,-9.524519389179343,29.038006875590995,85.82236248055092,30.732442278972464,68.45648243064356,0.638122538682117,Moyenne
14.697124477234143,-17.391811152566234,-68.87589706636959,-14.777783821770278,-3.685537559093366,75.74364171671097,14.305461018049028,88.17194512434766,0.4523259396445832,Moyenne
14.698746598699339,-17.483600637034677,-74.31593257167489,-16.36376465116051,4.979661131324804,87.03277485847278,25.729413613087882,71.99989333737498,0.5020039995949868,Moyenne
14.706047378172585,-17.35627508653979,-66.9235199133418,-14.74770935284861,1.8397905323422146,93.77721877775737,20.610608710470924,83.13253537301095,0.5320506346543067,Moyenne
14.652084204775385,-17.540025491836126,-113.16365270829505,-17.69775627032255,-4.609589444085932,0.5,0.2,115.16131100113415,0.07831394729452434,Mauvaise
14.660860952338107,-17.537412809119513,-79.80228886379956,-16.985848471193382,3.4814005586212495,71.23359949278382,13.922128884655372,83.26231223739602,0.42926354792100907,Moyenne
14.71565624260146,-17.409725020236372,-68.39127487484292,-17.534753835149264,18.75715942321501,125.41887680784201,32.32399630069424,62.736482262457194,0.6844285534539494,Moyenne
14.669515894478575,-17.37249222300543,-110.03218136088869,-13.078790387618191,3.0881122747099,26.463048514785523,7.06989092996405,103.82812867720396,0.24438242411461852,Mauvaise
14.75123913908511,-17.39089996167317,-116.34270529482724,-7.861902732393791,12.815120591891638,31.317269891658214,17.159607615987895,83.13283698167305,0.3678820488639995,Mauvaise
14.685683072620588,-17.45203658242662,-79.23836428904676,-17.020630240971236,26.07363402377495,132.71138494290082,30.40261830263342,58.313946550309836,0.7037245829849959,Bonne
14.662726952855412,-17.496071727738997,-88.40397877510485,-17.175513935587297,19.281527212217632,98.34099222212332,25.674063075177436,66.64995616213534,0.5539250631485796,Moyenne
14.680577290367449,-17.54730969413906,-73.69941727829504,-9.99199470675737,8.812017446711119,85.60825866545109,20.195351944048344,71.22806614821023,0.6055745776602017,Moyenne
14.696422769920252,-17.448109709216045,-112.31251928555407,-16.239438252447073,8.036412861923791,35.33136506171648,7.838142693762517,101.58865677759798,0.25085543583338044,Mauvaise
14.654591159117334,-17.454872760538144,-76.26029784770604,-17.633459466474118,10.950753490296966,103.10335250017832,29.026339286718773,68.7701494515036,0.5471990296760372,Moyenne
14.668417818170223,-17.481150820105952,-108.91049739737406,-16.664119905121915,1.1964504370967237,19.767175553664018,2.3098325474188126,99.6813524976451,0.19194085561836582,Mauvaise
14.692100078082078,-17.434385442405503,-110.99892314238625,-6.067760457725134,17.190026859559584,39.7203036786373,17.944522974060025,82.45988461218364,0.4626037697365391,Moyenne
14.690362461595269,-17.404237060523748,-110.96538111379539,-7.499402461133329,7.745348668661192,32.91408351915931,10.762582755277622,106.08542633031615,0.34393673899272337,Mauvaise
14.754050270552778,-17.409822352754354,-75.19839038727397,-14.043096127028683,24.83278722417153,127.76664157811936,33.991000142299555,56.615646182227536,0.7432145826579262,Bonne
14.759623211790645,-17.49734943164316,-83.414152861709,-9.818509257416501,21.47934310202357,98.18145644687628,30.39889653939356,67.6915951047334,0.6779518057023678,Moyenne
14.675144417888662,-17.43293926227708,-91.23140163769844,-11.478140568647467,16.367960743225602,72.03278497228436,19.0465208012336,71.75784540847648,0.5448591490752228,Moyenne
14.66611218490867,-17.5202451042832,-100.26432337320736,-9.520260311244105,7.747077792733062,50.34437747938609,18.29940879770124,89.6451196131063,0.40905941595827205,Moyenne
14.732441122961784,-17.52567963122233,-71.75397025527904,-9.44260386552137,2.3476141085719533,86.84886124676297,25.303976772023262,84.61160899471808,0.5589815065323426,Moyenne
14.754601062240406,-17.392828832748176,-98.41551909175506,-10.197723789160099,22.1653152436968,79.68612510883085,24.211603081751427,71.60199213825047,0.5768406574008069,Moyenne
14.775284002639136,-17.411250819580893,-75.08703082906325,-15.274580840477679,12.02431846468803,101.73339864199603,32.40588052695014,70.58737743812914,0.5854929138359719,Moyenne
14.650883517017046,-17.396414219873677,-95.84758002863799,-18.453910109320546,2.8662513362075126,39.96940563316788,10.262639130672198,105.83865822600626,0.2744267472878592,Mauvaise
14.703778154745484,-17.519507545159158,-99.26805638163009,-12.622065052138478,1.8311115264002176,37.427962301100365,10.73925431647846,95.1217393267561,0.31398420005458666,Mauvaise
14.74541841843227,-17.36707628212591,-94.55261178817165,-6.526365614330146,0.7890316575475662,51.105223520118116,14.754575225746759,83.78610190246772,0.41731811200670144,Moyenne
14.757712708853665,-17.52337767735553,-103.42421692097219,-11.027038380739938,22.200641867195824,71.78035432592863,20.964960004028082,93.40237183532348,0.5184984163244204,Moyenne
14.658097173328803,-17.375992606360455,-78.88148409030619,-7.346525416173289,3.014551485510909,64.55480024316088,13.357019431612152,84.6573462333725,0.5259541953191675,Moyenne
14.738479887530337,-17.479524141738814,-92.35037854491364,-5.117259198542806,13.432479223381911,72.08777669862205,15.244951768791001,89.25755772920724,0.5701351857419712,Moyenne
14.687562033261866,-17.528913181393172,-107.22830176692504,-16.70937314206413,10.804122634056975,36.7588645562865,19.215459917124093,100.36529084311458,0.2995188181175804,Mauvaise
14.659697604713307,-17.492646207886896,-70.52339846989874,-9.315113052012247,15.286381472989937,118.82007591884586,27.430203614712063,73.89630974727157,0.7170781570428177,Bonne
14.713583335628106,-17.513710397157226,-98.88598282447337,-9.559889968199656,25.7004215129918,91.84537145142227,25.82299078027308,62.93388439604528,0.6293473210990508,Moyenne
14.67055993461654,-17.451866056261657,-90.10459263873062,-5.2806237369841025,25.371158652860572,90.29431281919084,25.884911398483517,63.32092313241873,0.7184637565267026,Bonne
14.745810977348018,-17.36005093039205,-70.14403389694992,-5.201589724660796,10.787662513870087,114.40257116758282,28.845969733764154,62.26600605976993,0.7279964653908115,Bonne
14.746364033960928,-17.484425767683497,-85.66691022473043,-9.386499435862188,-4.462181224284684,42.54439975916043,7.548374986671314,116.71834550567345,0.3596152351752789,Mauvaise
14.759468809448375,-17.427580202863577,-113.57060776103998,-15.58939291224928,9.925533200000611,45.25449153009207,8.724371440652469,86.39657902700579,0.2872015449028842,Mauvaise
14.699083929069207,-17.37165582485201,-68.30923320125888,-7.820218266171613,16.216773809844913,121.9176410615448,31.34207130469931,62.00446390485661,0.7641724058225148,Bonne
14.651730273639984,-17.423985214060753,-85.47605708107201,-17.501592121045466,14.521766568432163,79.7630881107286,20.05647883779059,74.9256443869994,0.5015088723018953,Moyenne
14.683765671988683,-17.47756017182605,-101.58019119386026,-8.070209741597198,17.796763703007194,59.7713138109105,19.368920865711267,75.93609881433137,0.5221246596976213,Moyenne
14.710815520938286,-17.351832174564827,-112.3400360035137,-6.25725426197425,0.39265063655792165,18.592002401441306,8.162471612870558,100.74831905205292,0.275960216529385,Mauvaise
14.740221466324087,-17.512517279711894,-76.32861459013372,-13.640332473241907,17.62872845732564,108.36841299223693,29.90985800613173,76.82236914174179,0.6467465958616495,Moyenne
14.699665276139276,-17.4453487970209,-85.89599842393176,-10.171105870236874,1.392806656032028,61.98918471443494,14.302992088131377,100.30550424023069,0.43053145520342895,Moyenne
14.719686291488728,-17.390658900252642,-90.65963994130232,-12.978001750644431,21.268339324386215,107.3175326101348,26.801557676006134,69.5975405540509,0.6106361038572126,Moyenne
14.718154266369243,-17.549870226084558,-70.83590793219733,-12.871289230166202,6.8680664641938005,93.72113692981954,21.8476734607369,75.06444107164347,0.5792369933577011,Moyenne
14.67144770541658,-17.409591349571514,-76.62715338265082,-14.65480755248632,19.846340168350874,115.90622244776101,36.0613913931826,71.2115497612574,0.6645352826882693,Moyenne
14.730996435010402,-17.496700220658813,-111.65788161469868,-8.330185313695456,-3.324704038286252,20.89094907742416,0.2,107.18488331799463,0.22361594685796726,Mauvaise
14.7071027246667,-17.516054655461627,-102.85528627124485,-5.893528101668927,9.275100895681968,51.86032293397889,14.12599891793347,101.86287229080796,0.4402528540476878,Moyenne
14.755029431214824,-17.495161107326343,-106.33309731020438,-5.829487970717544,19.676208279216645,51.73332924822179,19.901838435908537,77.19296952255608,0.5274410770750264,Moyenne
14.739779457056757,-17.356636714832046,-79.08295390850276,-16.553062011750924,2.940468071602295,81.48302659260699,20.40558130354504,97.30892617436476,0.43407264454552186,Moyenne
14.664490994205682,-17.371612948152062,-118.15571608953213,-6.753588904808076,22.83504656790279,41.5013529213334,20.939553782576624,76.29044443575688,0.47049844793921425,Moyenne
14.713538593304754,-17.50724910870726,-88.65606733207758,-8.67595982002029,17.07729065867262,100.69372708267707,23.828423481382465,72.5592888336208,0.623136409467206,Moyenne
14.741324266604243,-17.526594645376314,-78.06477228426202,-15.46027639033595,15.564662025242942,97.83627032725664,27.4445925975175,79.14198918424712,0.5880066916751153,Moyenne
14.661311524354955,-17.477169479097107,-71.77788997810379,-18.058015419098798,7.374209897151799,122.48208289349247,24.025289697411775,95.52755784856974,0.5379840835558324,Moyenne
14.753024614232361,-17.431532703979986,-101.18550382062509,-15.248038263618708,11.885801463339114,69.495254338237,9.088709720406777,97.37628921064558,0.3921372839595708,Mauvaise
14.678860586903772,-17.376571074283778,-74.8308482430393,-6.229084685058641,15.90722553422486,104.22910849825908,23.17729218146032,74.42084291647569,0.7170284304327972,Bonne
14.71540102341158,-17.356781974991986,-113.9152544674636,-10.135498551459188,11.536173987021165,35.5765258193671,9.389791655136644,95.82548839218977,0.34159782338663575,Mauvaise
14.772272967371443,-17.39976932636538,-73.4451239546015,-8.905234747429795,19.440966337919605,126.05437620608436,29.21808702330259,57.77736338440622,0.7591240177870178,Bonne
14.724273450526896,-17.43019855745967,-112.98812357174097,-15.399867084472659,10.179392658743584,40.54825903934118,6.981884345118773,94.95534381388588,0.28417322779479753,Mauvaise
14.705127078721514,-17.521533594773796,-98.1491990191798,-8.928565821952516,2.079561360971062,46.84417446914603,12.352221010087701,89.95136018129757,0.37465296604188997,Mauvaise
14.650883340561888,-17.53519432472534,-76.14875488212455,-18.606298912109068,2.487682398036654,91.53975379219045,18.095668732934477,89.79044140918292,0.43926643003527066,Moyenne
14.667343770960631,-17.430794624294162,-111.75454149581745,-13.745501159177806,-4.796868090497062,5.439791703041253,0.2,116.52556428536232,0.13077064290293286,Mauvaise
14.725226305062739,-17.442187178846616,-107.39117326220472,-10.225453120407362,5.533520044553535,31.568304194750787,5.518087565893664,80.89233877387164,0.33071581386424687,Mauvaise
14.714197255284986,-17.38078237845318,-80.27610873838135,-16.954648082421517,21.212117416748185,109.17993807485118,29.61820954055589,62.73719342235781,0.6306206899526198,Moyenne
14.697297792834089,-17.48547882982898,-80.3979904899659,-7.477949957742913,22.795694809316334,121.78179164146763,22.93763542703753,63.58412218015463,0.7571026866368432,Bonne
14.770018065101235,-17.542061828530038,-84.73688019130864,-15.709561816633139,2.0863639733512507,69.04147994389898,14.313677781970327,90.54100766628497,0.39702005548247765,Mauvaise
14.693222729865372,-17.465258346181795,-81.8328355543095,-9.868064420541753,28.56653989049927,126.34752866419444,34.54463648576443,55.69601086359286,0.7829567540794518,Bonne
14.719829598337734,-17.356163539212453,-90.15015561588221,-13.327240003945384,12.584097771804437,84.27480499066657,20.982058927668827,68.21605519977028,0.5131151772921027,Moyenne
14.723932743238137,-17.390885019012696,-106.1510517601176,-10.65538966331294,27.09425621564759,63.323305176264434,20.120805944474313,59.629100145664225,0.5636104534451052,Moyenne
14.71857089070831,-17.543245565271548,-100.98672035728443,-17.495692263195288,19.73678486515709,76.27669571393186,22.144847490634838,82.09203065486952,0.45340464078135356,Moyenne
14.712086100900212,-17.375064219220366,-110.01212557592159,-18.763220801097496,20.28516980578446,61.29827724349194,15.571081102882939,77.1107921062327,0.3836373444413962,Mauvaise
14.693818285681548,-17.45566210207574,-70.03521912665045,-6.266098016675784,-2.0234732542875107,96.24364562652487,14.63383253079408,93.06774301351449,0.5686814025164701,Moyenne
14.76813927229515,-17.47704639363641,-87.91345128786338,-15.22517987725944,2.6996894413925734,49.71780783530806,16.273868815690612,87.4093185759203,0.37290430659868723,Mauvaise
14.708604424028689,-17.480652091839442,-97.95317207799981,-7.524521961073573,-4.691480834693458,42.55413885702747,11.474694358493878,106.80295278988561,0.31720359576493967,Mauvaise
14.71869835275499,-17.430971149392228,-94.5896807995727,-5.009095793389196,20.06446741668581,85.92975050549535,24.092815188237658,52.059004535366,0.6545663257890091,Moyenne
14.73534213789793,-17.44388011631185,-67.89941632135016,-16.039962388015244,7.055340094997849,108.59358868898079,21.722655978105237,83.44535671897671,0.5721945279882639,Moyenne
14.6587952855161,-17.418674551166347,-111.56567282861559,-15.28760962343302,22.532838062672138,74.81138261757279,20.291012496385036,89.12204219675579,0.437173474754967,Moyenne
14.751567458390221,-17.43527170699199,-87.75735923907615,-9.719962973114681,6.86276769779592,75.02411483320697,19.90594912727793,77.36279648695286,0.5004277009065853,Moyenne
14.716625950311185,-17.521211085031656,-92.17612266135437,-5.4837191155913025,23.676681330460138,99.85690045231833,29.17502669746627,56.80924383488872,0.7043680957741505,Bonne
14.735433001659846,-17.498552798248337,-86.37001705109438,-6.178599125329585,-0.42556111880904446,60.25817826194001,20.701939866341874,98.98933242522499,0.45428318896195646,Moyenne
14.750361568503779,-17.381794085579635,-119.00393988985377,-11.959742719081811,1.0680604865127865,1.9615980803191513,0.2,119.84752259337027,0.15493957986808132,Mauvaise
14.763632920799347,-17.417348297060876,-72.03318500807167,-7.868456044625855,6.930678885437777,97.17703026107057,23.39655490673925,78.69520427495581,0.6278802376818685,Moyenne
14.700988654203881,-17.460319874917055,-68.73349446340131,-17.099558056601385,9.297058610879565,102.02307450499491,30.097971825679846,64.07964628679916,0.5818468896885464,Moyenne
14.755485886048692,-17.513479713633227,-88.9176749025935,-5.315865421143828,7.204598379504244,68.89261422919567,21.38051036080084,84.25757808175817,0.5334874214682817,Moyenne
14.683648796423567,-17.548461792804538,-81.68420468677093,-5.499054723496188,21.727646138312696,91.90469873267403,23.76964687687592,54.09973087291481,0.7385805535094958,Bonne
14.735843634624457,-17.487622519362276,-69.26253403524873,-16.707794589691606,-1.6067012580649855,88.47260616448756,17.62334934689751,84.0667517342027,0.4628226808314313,Moyenne
14.663351949088353,-17.539030608614667,-81.10187511276308,-14.808076252756507,7.292595687347083,81.73810565272792,24.172722989221977,79.85388104523093,0.49095234986193925,Moyenne
14.65260396076513,-17.45354317338251,-111.61035263971563,-17.597830034905265,24.30339998304108,62.179570585231474,29.620685535425697,64.76530200568152,0.430959664936375,Moyenne
14.662449206394644,-17.38563970944836,-88.30414019082528,-15.195953615425484,-2.6621022958239804,52.31682175547021,12.34146697738682,93.24056050662844,0.32383971914780707,Mauvaise
14.691519723253123,-17.49292026772354,-86.63067244894293,-7.576618948187107,27.982022768497508,103.22339099006851,31.16309069972878,56.405242727905765,0.7527308304666762,Bonne
14.654042299797206,-17.38044916768899,-96.67281307836876,-13.703581499686369,29.521089479520448,116.13255669878427,26.801668600923076,59.893527111035155,0.6560851337718694,Moyenne
14.731963865384344,-17.409087120782683,-79.49556704064025,-17.762442459945383,-1.900113916122197,66.23516850676637,20.50270186708292,83.04132198029144,0.37163755509352664,Mauvaise
14.691150789989694,-17.524947534129026,-68.60981418770419,-14.208842653095337,5.194538278950795,98.58563697502694,24.808966588966364,82.77311657401047,0.5624292490832812,Moyenne
14.745728888802859,-17.421087621746086,-69.0937317901273,-5.260633320622079,8.034023311237465,96.88553289819515,21.89680941066542,72.78907576477366,0.6849577362071778,Moyenne
14.655968967715049,-17.51966403853889,-95.20383457277273,-10.184429666371159,22.17369790284541,88.69244809157128,24.590777332519984,73.56064068218502,0.6022737822760525,Moyenne
14.678171203651175,-17.419041815945018,-113.77190747875846,-13.173746750313791,15.857438424085682,55.398313256468214,15.210598829780626,91.24092473722422,0.3697446294464891,Mauvaise
14.70304044529286,-17.52145710305438,-65.8337340570716,-16.66846081103822,17.55279951723986,137.47558081291427,33.8765727037572,56.69493155390602,0.7134218066380381,Bonne
14.699744703098226,-17.471497726796887,-73.86060524547362,-5.193524838028273,21.512843798647708,130.2981606891147,29.508922850500255,64.0324725946582,0.8144587379978955,Bonne
14.667029827468724,-17.436681145952363,-113.14355253382033,-7.508113870316198,-0.8707350197040995,16.28568226643542,0.9476708449935383,101.43797935021423,0.24458021828118298,Mauvaise
14.779237785765615,-17.53992516571521,-69.35369645604453,-15.059317765687128,24.162330991859182,133.55503778794179,30.681034247566963,63.97199651929951,0.759344037334337,Bonne
14.686977145508399,-17.519338331029097,-72.15570008658295,-18.019038259903347,19.69669314630504,111.12739080912544,34.65247704092384,54.50160502728356,0.657958141688463,Moyenne
14.74373417100469,-17.48591823498955,-91.46390685806603,-18.207242196714187,15.20696038187296,79.31696893010059,20.607649466677017,78.69101042051167,0.4642040636197926,Moyenne
14.678603470637524,-17.457535982845627,-87.47985103402888,-17.314705906922526,26.140736717406984,107.67875496069544,32.079532787824654,57.26802840378898,0.6318600229423952,Moyenne
14.76412065739439,-17.378302541215714,-98.05485128714284,-10.869239829398097,19.51072238593325,86.71855310109359,26.60508324538226,64.67451562500692,0.5605102142194334,Moyenne
14.70040858031946,-17.512545382329204,-116.98810986478827,-5.997312103123107,2.0594986920858895,13.714334153710281,4.1554210589060645,112.96867736451695,0.2546548761941066,Mauvaise
14.767117323568582,-17.480505809899494,-101.56415170947545,-12.045592007916216,10.041088337648336,66.32161099241678,14.142397310190221,82.73329012562195,0.41516038525937016,Moyenne
14.694438539552417,-17.454844752743966,-75.84306032710937,-7.1987632456132395,12.291500342750666,111.2297064497208,25.640743556088985,59.320699347521845,0.6871932905799258,Moyenne
14.651123696794599,-17.490844288802126,-119.74523873474685,-12.75758732196269,-3.0673830637358024,0.5,0.2,91.12358681452196,0.12458883002912574,Mauvaise
14.7172126560402,-17.424850444255828,-101.65754555698707,-9.079830359250447,28.41231296760195,75.64576491536693,31.046973126009718,54.96829979057769,0.6317287691021821,Moyenne
14.718222431699642,-17.498679513044806,-98.10072185249811,-8.75378167798899,-0.499795872109253,49.313782978066556,9.247405433765552,111.85230640896889,0.34255027561474233,Mauvaise
14.665578443762524,-17.395529915777352,-90.44324183841424,-16.56450811735326,19.41114435293544,101.94385936641262,23.299463344873086,79.58576447320607,0.5454382999858376,Moyenne
14.680545264544508,-17.448969181029764,-69.40794109729816,-13.942975174338635,12.718086263180805,102.51297993373693,30.753428170841453,63.67946550655079,0.6420684075268338,Moyenne
14.751854426827576,-17.53273902330778,-100.95097030987213,-10.077769808467664,-4.102871254045209,38.25152812374696,8.486603582788163,104.17631707749472,0.27598944682790255,Mauvaise
14.654778257201727,-17.42460022095361,-100.91757389570748,-18.010247485418873,27.36616165525266,92.22938505254275,22.820170414717854,59.38097733126646,0.5447567613875303,Moyenne
14.713638469269268,-17.43615129924025,-79.43743135396383,-13.938437371318606,24.81428830866266,121.87042730059204,37.16525249648084,46.33938331355945,0.7220099503346004,Bonne
14.718953056043762,-17.482280529158665,-95.12801325106061,-11.512807472063304,13.349027476634244,83.89869846044408,20.143649915398214,72.52831252270259,0.5087091706922473,Moyenne
14.739532567887895,-17.547768584322196,-107.64673473830099,-5.052857097375059,3.0129817648805837,39.7839958604944,8.282539927450856,108.0720523166089,0.3532337826632791,Mauvaise
14.654869314762017,-17.509859691565126,-95.11582661270187,-12.356530123285829,-0.7431988261967017,48.027344721975055,12.209095402006199,103.87370330342642,0.32217696562355985,Mauvaise
14.72613402252176,-17.46885809422353,-112.252863879111,-7.57520540039947,7.718736780124431,34.39334149225602,7.413684215385413,97.89226812166486,0.3428151929218726,Mauvaise
14.650402744755164,-17.510017193241342,-110.29871574215773,-12.951058009067353,3.939989836613167,31.30331723580107,10.015935918446784,89.43726341942568,0.2660331479818707,Mauvaise
14.684473187747594,-17.434501775812066,-92.58977249932862,-7.850529883324075,12.734192035220456,70.86531135052205,18.377187640675736,80.64315448766106,0.5380795088754378,Moyenne
14.714958953191143,-17.40753502121475,-96.95910027724986,-10.664192777318483,28.82432536432001,98.37736865945668,24.816490618855543,40.84677985881025,0.6760588260183258,Moyenne
14.76846657386533,-17.378796468649835,-69.6834754412545,-6.587663818966423,15.12337226303745,110.56629903918589,26.203875342366334,72.92726431039635,0.7418772573469372,Bonne
14.66645667608072,-17.420603476263253,-100.06833554858518,-13.246804267098462,26.147586956153425,85.51468527380068,27.98045892601226,66.49272846414567,0.5785250689855725,Moyenne
14.672007586770427,-17.41219815574904,-88.06764073470761,-10.539738122499296,17.780759312352203,88.91345834635,21.786452241514905,59.97551567652668,0.6090156005340336,Moyenne
14.737002508369898,-17.428311626953896,-85.22546416442583,-10.179738471336417,11.633628430552015,79.30152482460679,26.144855813406316,90.99578353113911,0.5453937155820241,Moyenne
14.698732020196912,-17.35290278847746,-119.27980488764165,-13.156638814793373,24.91126469566799,54.14083310353289,22.257803936611946,60.43082435215491,0.4367716639353455,Moyenne
14.731044782249974,-17.49779988618402,-83.50544453908091,-16.97963138837526,11.497883856054912,84.44466519006765,25.82193060865901,81.72286210210635,0.49208120833203145,Moyenne
14.779669041727454,-17.496748263897448,-110.20802182216367,-17.690168303227303,25.401985967862636,73.46821260086281,22.582918278778795,74.47220361679526,0.45185322910721665,Moyenne
14.77829331597535,-17.52473327171563,-67.14113253917996,-18.766598291605135,5.205186935151785,89.2918836473475,23.91781931777814,69.00888441859864,0.5215808194051262,Moyenne
14.695982765334275,-17.452863134826096,-111.82354997357879,-6.770520300566995,-0.491542418295416,14.010041855466824,0.2,106.7059513472431,0.25714562104891725,Mauvaise
14.715510295997229,-17.530767659273817,-97.1956731950137,-15.689351228658277,24.936006252702843,91.69178119530235,29.424069289109667,51.73302144674928,0.5736559134935956,Moyenne
14.76760972062182,-17.49597068062038,-115.3057682556746,-16.038905510055248,15.559530732743337,38.614221512144816,14.674152988545483,63.33325815859839,0.32994751136007094,Mauvaise
14.661981796113112,-17.453463814245723,-65.17191614847289,-8.695504394035083,26.118233938713605,146.06506882654946,40.17450998101079,40.218824937160484,0.8954478239608246,Bonne
14.70879950749879,-17.358480876814,-92.37927443178165,-14.519774416776515,27.823952244733412,91.92116986959915,35.20895595454846,53.68414081357899,0.636140824820743,Moyenne
14.69908505528114,-17.357237401231966,-87.25382404739759,-11.915374306234288,-3.123006336999279,54.27430328278148,8.45716819566882,104.79047913961423,0.3550247100255954,Mauvaise
14.68833476044593,-17.40125195317269,-116.3107937436365,-16.72484508583561,12.533925565060393,38.520349626475316,10.686545435637548,91.33162607403844,0.2724229924792569,Mauvaise
14.779246547549905,-17.472149967684864,-78.75217412804523,-5.5635598995324305,8.123759217608523,92.3171207711703,22.10338327213664,80.8135791280576,0.6198807654138726,Moyenne
14.745361408216409,-17.37696774532469,-108.45519237974278,-7.077860399758677,16.9050438974541,63.746077224882924,14.067907178931774,73.02240212817983,0.49353088285839286,Moyenne
14.70053710901108,-17.374908839618474,-70.60701408076073,-6.906945278489953,22.775691902081324,133.1316967131294,33.66773293936015,51.64709724109738,0.8357623879900595,Bonne
14.757772845916504,-17.36796052384069,-108.7173197734896,-13.305167519991926,4.820657559102914,34.65132094848099,9.802247802051584,90.73446043637296,0.2808966998802793,Mauvaise
14.713656593092567,-17.421994990356957,-109.51217536349834,-8.326943008099581,14.487943453061007,50.05391469582965,13.83603522579979,75.19756602305037,0.4385222175809234,Moyenne
14.763467173607822,-17.509641440878426,-117.98976826835478,-16.98573382454308,19.805500296671486,50.5288002938798,19.494399542933202,76.61809988952152,0.3446149646685641,Mauvaise
14.684629379931975,-17.531783845445865,-94.03631801895004,-18.879333963715077,-0.2949121007493094,32.930598077229334,5.348076537391988,99.32531913034722,0.2499559774294849,Mauvaise
14.679068029560318,-17.367044899191974,-88.9337376705561,-18.720378943907605,23.49234170829434,94.64868163281923,31.686144731811428,58.54979540474454,0.572283836347192,Moyenne
14.682147268562169,-17.53889077837568,-116.38602483144062,-10.787575676336154,16.21383599485406,53.266627032523786,15.598132929841636,83.08631942595282,0.38741147981030355,Mauvaise
14.720002474896257,-17.4908219881124,-77.34598108177443,-12.624471326528829,28.233810298977815,111.29596618216945,33.98608806799365,56.837675555520676,0.7592329344082788,Bonne
14.687870740850167,-17.452607646592455,-95.06911408885848,-11.747785115280724,6.883512169574265,57.02810694948635,11.77104288291152,85.13814895305671,0.4158169694806761,Moyenne
14.66912555893903,-17.545604661425305,-91.1585351869831,-18.895516034158927,-1.2148920181980474,57.97890582259718,4.003240420089925,88.05045661171653,0.29015893597680265,Mauvaise
14.779301629405744,-17.368617548264353,-95.75804891839745,-13.08238732479604,12.727542036292387,67.920315586975,16.008437266724062,85.78019133527943,0.4583156987046153,Moyenne
14.767056319567383,-17.492575801025556,-97.95803165185707,-8.94704574318795,-1.9966229901696404,32.23801163989812,10.458582793740268,105.00318361763945,0.315918263183697,Mauvaise
14.7325516168741,-17.544299040215886,-89.21978177804802,-12.8022881724559,28.93342831634024,113.22860102452124,31.85821902028534,58.27137814262379,0.6995351272808882,Moyenne
14.765900573610113,-17.351282000554697,-111.46178647381082,-8.748931111628888,-3.6460264609982964,6.397948632505445,4.925098852642931,116.26895021889815,0.19689575735644455,Mauvaise
14.771610155876015,-17.4877213638365,-109.9939528227601,-15.737734498444313,21.37263653875578,62.00234922087492,17.603348877289356,79.22871983444752,0.4247656568048755,Moyenne
14.737894077942558,-17.374647018502927,-72.60179084425656,-7.616011937255843,13.37858393497854,103.8670751425599,29.075700439314872,70.17061791071593,0.6951243696210698,Moyenne
14.71742837122987,-17.459305109215826,-67.96364958265019,-10.761962633651668,7.901722837440104,115.13463674402067,22.591432826027237,94.65285164259318,0.6347182561065529,Moyenne
14.764660232987907,-17.417374819789,-99.46798760461358,-16.04931660798131,-2.695524242197087,42.89949195628802,3.402612350217768,94.2545783907364,0.24342301551347204,Mauvaise
14.723813609598679,-17.50178197009253,-105.10904297710454,-15.685913338046339,16.77584234607627,59.79918905418185,17.633542948754773,75.1215518272818,0.41309970507588406,Moyenne
14.666484070571004,-17.449424934604597,-84.58002512185413,-10.207573496026482,15.482711528683435,82.0874649846849,22.239989743469465,80.12389008210289,0.5916420697377048,Moyenne
14.697691280059475,-17.498469761514997,-97.5196205896047,-7.380845695025792,4.8309145573659915,45.687728749896834,7.621306536682912,94.26123922177432,0.41422307483362264,Moyenne
14.707969723725599,-17.35978322374698,-118.60375043868103,-13.181211051591827,26.857759549360924,56.61723407214038,19.742174928863303,77.83420860039107,0.44775434609745,Moyenne
14.771597972097627,-17.53781091751675,-111.41160714485953,-15.38379399221371,5.643850256999292,31.932279382963046,8.275938928492534,99.59188429168275,0.24236153563702156,Mauvaise
14.735694111399756,-17.495065214499032,-80.62152741339314,-6.861837503251595,10.740389370723715,82.36007635331367,26.105813799307203,88.23559462629356,0.6032973794708925,Moyenne
14.763786083163465,-17.371378224690027,-83.75918319494167,-9.630243915488311,14.031685957152948,85.51946193376786,26.31688308317666,65.98718525264366,0.6027241682099395,Moyenne
14.74848692110919,-17.453992808498544,-118.50972041230841,-12.726803178036928,-1.491884263829987,5.6351158742861855,4.13710846870956,122.15769127015444,0.1296078393239089,Mauvaise
14.69028191524795,-17.429983177619167,-107.79153109368778,-12.169397266089774,27.625660172477133,85.51698814200151,26.771998733123795,75.19823669632567,0.5548100239803208,Moyenne
14.743432169098343,-17.419661325700872,-107.29088618765607,-16.140409448890452,8.108765335786439,34.850271791192085,12.122163846220806,83.24631440050118,0.29167448375971783,Mauvaise
14.675388965670104,-17.535814497645287,-83.04589910206994,-10.224763179092186,-2.1727275143979736,49.81078006607718,8.726191334781262,101.45779639519002,0.40199423088759867,Moyenne
14.703058955523272,-17.546452251818284,-118.91592042350997,-13.977604852399558,8.555191078636549,47.22626304760921,7.817678200622916,97.1905772225956,0.25834443490955367,Mauvaise
14.754791941430272,-17.36243178965774,-114.27402799084844,-5.060967526559111,16.007089148240325,50.01476460874801,15.999433938963717,80.16073163539284,0.45721439207611814,Moyenne
14.729550791048979,-17.495699430940626,-76.00461530447458,-12.27743078633357,12.977843513746535,100.61181091575001,29.855188951167772,56.924142450026665,0.6287605370633711,Moyenne
14.75730362577384,-17.473937377912897,-110.18004358701165,-12.197601513345415,19.30896909130459,64.26411428893609,20.012128733654574,70.46195351739028,0.45209831036660014,Moyenne
14.683111465705506,-17.41358136585529,-84.0989640681469,-11.078074976250594,-3.058062027623128,55.91998399118864,15.14586946062866,103.7907177908152,0.38407295521818147,Mauvaise
14.747467348215547,-17.502739224585458,-106.89994704243004,-6.1654159563375455,4.958921359521964,41.125187859714345,5.960269812719143,103.67321641984722,0.36634012810992966,Mauvaise
14.676302166987439,-17.403385725966498,-114.53072339823602,-7.788546601963496,23.673070189403578,59.9190561840157,18.506143064755612,72.71084341943182,0.5071694664298579,Moyenne
14.72088954241174,-17.458351563567348,-106.62552949503002,-12.68417902283022,-2.20372092730237,21.059333189184805,5.426512168611645,113.60257871613311,0.20991355481868343,Mauvaise
14.706359497279076,-17.378678038942525,-80.27531874793874,-8.938210276380856,24.942008414358515,118.50732001137487,35.84590240050009,64.7671622796236,0.7564599676863635,Bonne
14.722341861510206,-17.494291872846905,-72.93669425415428,-10.792703017069337,-1.7836367773012811,66.86129554563044,15.78792532941835,92.555723571602,0.477370572703361,Moyenne
14.667619345123676,-17.50923550390734,-74.33790744881546,-12.106861318182515,24.20589752120937,143.54211157457758,33.67852278031369,49.785132831472204,0.7836093041630564,Bonne
14.696959623816692,-17.383662329225025,-98.15490587098498,-16.307579181019094,7.627594037755433,46.85957673269446,16.046519689592994,93.01950889161078,0.341085515931761,Mauvaise
14.736697498012603,-17.484734787001432,-83.25531748861445,-12.504892311631528,16.427317214002553,86.4404060868758,21.982148447351353,74.36252643154384,0.5905440879324387,Moyenne
14.722609003230533,-17.4676262707999,-108.72586375212984,-15.558539781683955,0.35104904767993617,20.165250654688204,10.013895669600798,109.82672514450898,0.19118164526421416,Mauvaise
14.721366068658536,-17.391258433462404,-103.87687483564427,-6.192209902076835,-2.6840947396186703,16.34934879208334,2.1268192104683816,113.42555247152399,0.28575357188467376,Mauvaise
14.716407914577063,-17.422884692525088,-70.70152998133841,-14.304304611051144,2.557837140704728,90.50937098865198,14.289182234346956,73.3373999192459,0.5256109998293165,Moyenne
14.772705038305054,-17.461654821913548,-119.28489420690951,-5.668303796532788,-0.5251163731956563,7.667557890356664,0.9129065919124528,106.33393135265726,0.22187459492775383,Mauvaise
14.771494060732165,-17.50002189821909,-115.29703080300426,-11.537225938674043,5.934206418787113,29.825883676700766,11.895359819226183,84.3868041095474,0.2729006363447724,Mauvaise
14.696818846463778,-17.39715980622965,-108.5662559669685,-10.158378698533756,13.003413627885706,53.962037884898415,15.863559342081848,92.6260044129386,0.40362387557481094,Moyenne
14.695746351505946,-17.513913793101988,-118.54072878693992,-11.398833777149411,15.606581224775333,33.24886707346736,14.68862341092466,85.79562265559417,0.34208035220811916,Mauvaise
14.722136799354498,-17.364344079882716,-110.02105107006115,-17.188671362466188,22.645383758291,64.65171531877073,20.46855804320364,77.25244828549945,0.4239482384143049,Moyenne
14.662428816938098,-17.5199367861754,-87.93271414666694,-13.738502933888826,17.96839626369255,95.71421088523122,24.344294941437823,58.6085366113093,0.5847994722609647,Moyenne
14.689390871099777,-17.389013261610543,-96.82164971741261,-17.611954428113265,16.306541379534355,59.953978847930685,15.89227345580029,87.94843123903199,0.4252484709135016,Moyenne
14.680012783554153,-17.465150226654373,-70.90305589076638,-10.278643381432655,9.412370962002113,108.85422451066025,17.994431337920684,65.1743424870877,0.6501838910489338,Moyenne
14.679040656883735,-17.5127987534133,-75.04060410438575,-12.743761267193856,11.583295223604853,89.93916916908329,25.432912235310972,79.74816496898647,0.5911804541460653,Moyenne
14.733005718366385,-17.469524212352646,-101.20004565661682,-8.108210398006884,9.508229028656338,69.299153232316,18.173391923264226,89.17210127249903,0.4534502857793743,Moyenne
14.699965543464739,-17.505689636760014,-105.73171116127891,-15.913413266008822,24.47581105214841,71.97159245298911,24.15936994454046,67.79759232935831,0.49032060876445843,Moyenne
14.67225136871858,-17.522801269832833,-99.11691755080032,-16.69607518198931,3.0500158391939944,42.12227042447071,12.314888525811723,94.17130987009116,0.28693416415684353,Mauvaise
14.765384339848408,-17.50216892021389,-87.53377816168558,-13.311348766507251,-4.799767396031238,41.4353855391692,13.7544931031068,97.0053704526732,0.3165197354323172,Mauvaise
14.763639329431912,-17.376520305492352,-105.25649975474181,-6.0278046349426635,17.796196402918376,57.61658296793016,19.603863122206405,88.81231934075423,0.5132112389715858,Moyenne
14.76212018005919,-17.528811522504036,-85.67181006829763,-9.054094589826235,2.0861764273590993,82.72302429175815,14.10722467432434,91.73257020724914,0.47611457718517675,Moyenne
14.700796842493514,-17.355492082446425,-97.48235912948178,-13.13506925289914,26.154029770843326,100.11100653055401,24.73342072732151,53.09764768626038,0.6174091550089664,Moyenne
14.657407718956359,-17.549000309262464,-89.6374050531411,-11.758189623439652,25.066621539732964,91.35603492794337,35.240180998129944,58.17188050200862,0.6534936598906751,Moyenne
14.663876462326277,-17.418352369121752,-96.01304089755757,-17.82101784352062,-2.314541982512794,50.182449714608374,9.354899635556935,103.47293939704232,0.24768861211220175,Mauvaise
14.685886250370269,-17.378697603032386,-103.80438322519453,-5.215937450734417,-1.2764058105072928,36.52567509728617,2.9441766560688185,111.68138283761036,0.3300140538154281,Mauvaise
14.678596100534126,-17.363208470374648,-67.83506811708139,-9.670297734271134,12.331005728633322,113.09269595992197,24.37592716566113,64.42541486846233,0.7031909848478317,Bonne
14.763618130619347,-17.52120288130865,-78.00168132121316,-15.004343041512085,16.322793196927414,108.49630368403116,30.884557956211324,63.94663367241115,0.6205243619173384,Moyenne
14.778226563450604,-17.410358300709532,-112.29377533284512,-10.79868248098658,4.621791811878426,24.22461292255156,3.8201078125941303,100.24914738032975,0.26976956110922634,Mauvaise
14.756167576103135,-17.52853015676887,-72.2342613256148,-17.467246875034085,20.08792008447797,139.15823515098626,37.34105506767606,67.3697280378361,0.6862471458152963,Moyenne
14.744880357357394,-17.479477701225115,-93.19128409627675,-5.478286636693831,15.822060732160502,72.8486169887138,13.189104687543352,64.8351565335316,0.5992048453713458,Moyenne
14.72652113819055,-17.403614728498603,-70.79962752082497,-16.553010169632877,6.368843841199414,99.54640577520219,26.94610664992078,82.98628805462602,0.5362528629140836,Moyenne
14.750088078893382,-17.480805354767387,-76.00796092289767,-9.927575547227002,-4.111997918518954,65.13730794609361,14.979499567508439,92.24787926020123,0.44841129267779745,Moyenne
14.77311433058501,-17.48732505434379,-96.61325725419216,-15.563637524454974,21.25525984544812,72.80365912182673,24.41982512201705,67.1231413267712,0.5174822033484775,Moyenne
14.728174807087921,-17.52678907623952,-118.76418804239354,-8.9541406429205,2.516378303877895,26.666742976126663,2.667623692751498,121.93356095468603,0.2241788019805097,Mauvaise
14.670099721722579,-17.536712381134382,-105.22274523382796,-8.124500858636065,24.206581021191994,66.08196251205715,28.788835428776693,67.88926812914158,0.5682909863662772,Moyenne
14.671301581244935,-17.52694440174365,-90.21011819365232,-9.572123795239943,9.710159101898931,73.82415077449113,20.34474657875455,89.03788044695368,0.5040558655611068,Moyenne
14.725902164406715,-17.374905045010955,-85.15869790956191,-10.397007556427305,15.197710492111788,77.70002968692565,21.12324224944523,78.79593006797315,0.5805110274172629,Moyenne
14.693350910172025,-17.547760294923815,-105.81617730117388,-6.505432684671836,25.553205564315068,74.0263454026898,18.694851971523043,58.402600682699095,0.6082125671263534,Moyenne
14.768332158781845,-17.411426826092942,-112.33541592599467,-17.899226046143387,25.226805032198367,68.85915356167347,21.873259587882647,56.47025551983665,0.443900045694746,Moyenne
14.729513503398676,-17.39627515402234,-74.07883697603855,-14.367193279077267,8.003185133525065,89.47447557176571,22.671423251241812,84.69887419161755,0.5445807179239117,Moyenne
14.737944039745036,-17.436422339174516,-65.85788006130463,-15.523975285168156,2.311111245019509,103.3582411917064,17.00791573793051,73.73212074497161,0.5494339379985376,Moyenne
14.650756692313118,-17.403844927763373,-91.08703997335228,-5.167804531084098,22.130112720500815,93.2599287511981,26.444434337230266,52.693546542739156,0.6965838700419027,Moyenne
14.71485031176814,-17.419546066194982,-110.5576392783433,-13.548543084663772,10.15780712607459,47.64828757815447,9.693487341609455,99.73930541750366,0.32099173108498014,Mauvaise
14.706051413780559,-17.458888302181062,-105.02309704143471,-8.743422210634417,1.7214697745651435,41.79776188541307,7.474815082613536,92.69492211404967,0.32919784805228497,Mauvaise
14.741763341379778,-17.47345791442475,-118.98851278988933,-9.413847705665937,26.65488698110026,52.33534413354857,22.190212245254124,66.04784917643468,0.48785702492412786,Moyenne
14.699743025843338,-17.361733602318967,-69.71356563917256,-16.030862675316712,1.9336467984380583,91.96809488542642,24.431634627588352,100.45898426052874,0.4905285245738232,Moyenne
14.776954754145331,-17.355612401485907,-113.52369044104223,-15.654032477038282,-4.096749113306912,6.283861835392239,3.125651075428241,99.5432265660461,0.1188388381475059,Mauvaise
14.737126413602333,-17.419745719274996,-88.29159384671605,-15.062016110257522,-4.290200918140301,52.278682987779696,6.930479261460553,91.68721018516325,0.31238549551512806,Mauvaise
14.735789383308536,-17.510540232020308,-104.92696286220367,-13.244218104368692,16.78103747589925,61.3012940560064,19.129034617845775,76.04609568194134,0.4411841618160601,Moyenne
14.769514348818538,-17.460420167512442,-89.52020986163136,-15.719449080892625,18.15862712511356,91.65458516019655,24.568286900484587,68.93996174389974,0.5455992894818396,Moyenne
14.779376628406784,-17.45069250198348,-84.17187864064746,-18.72487924154413,5.886459676994438,72.73347386652723,13.66397738577679,78.48633958355792,0.41209559791217026,Moyenne
14.675716689604075,-17.398405989507868,-74.36420079610392,-6.688497204699264,6.200384623647219,92.90354682969392,22.507497311993497,71.51411110655732,0.6220622691660144,Moyenne
14.755369308617913,-17.416444573735536,-108.64683005316682,-5.4814623606676225,6.882287027097997,45.44848451209345,15.361227414113351,107.33582628144333,0.38250729774442754,Mauvaise
14.671101534391864,-17.447037114114423,-119.39522942378358,-14.218014581558048,18.805549136560753,45.80787418238426,14.472833909829289,85.50397344235529,0.347387095900757,Mauvaise
14.709415648897048,-17.41392708844257,-112.4712903462156,-14.26090368804338,-2.9653173140609996,14.478216898858438,0.2,115.44487484915592,0.14679682524193288,Mauvaise
14.663024102563222,-17.545188630653247,-70.49897469835422,-18.900714621158805,27.519072344196395,146.97445029427524,37.67951550983936,48.10003591991617,0.7647120299589827,Bonne
14.731038227200731,-17.394672935623127,-71.93604573406166,-9.476490363374763,2.7882365462106256,88.05472512146814,16.133012978506102,86.78332900650595,0.5611601122220088,Moyenne
14.71090736124266,-17.50767355319861,-87.14227938063304,-7.443841459519197,29.988562183473228,120.38586576850652,36.083012265868554,60.693251953299075,0.782865574385655,Bonne
14.731730863282342,-17.41871817208777,-86.97157267614907,-16.947483794959957,1.0032942825515443,51.47352558896371,14.836850536309294,85.76220359233224,0.3479018345143281,Mauvaise
14.738134897840004,-17.5272053495726,-83.42298289995594,-16.76467110885989,22.004126005933212,118.339642332477,28.692114028744438,64.85325386881753,0.6300290317159277,Moyenne
14.73052619250406,-17.527107832815062,-110.35457967571027,-7.938834500399871,2.819439072536876,1.7724092376205327,5.3560116667097555,107.28068465978113,0.2683995873594045,Mauvaise
14.688223785938959,-17.54286847123266,-69.70734297412722,-10.371929523041974,-2.170361942486111,82.4596059203281,16.446473694468555,102.76518982891189,0.504970715891306,Moyenne
14.758804690441677,-17.367953437969298,-96.96762113093598,-18.37195219321196,25.62266635227271,101.52754459915644,27.022022533790263,79.34682445415349,0.5434699000466949,Moyenne
14.721719205918767,-17.42908824846164,-98.92738094627764,-10.284342133528057,25.056294071681215,77.02509706565571,23.598117454955048,65.99738810132533,0.5989758231328979,Moyenne
14.713680652518184,-17.47760761275417,-91.45952620944394,-14.675151880187276,9.124963735736047,71.96697225635221,13.213381198705541,93.49094916171637,0.4327237605615045,Moyenne
14.778318294550534,-17.39244445179614,-117.41687182737198,-13.837847823408158,19.58386498891494,40.1129162986653,19.028897192744207,60.05883787086411,0.38019109716669397,Mauvaise
14.686856027871842,-17.424783559875067,-110.85441471841563,-8.223760143843677,14.497307643937098,43.59168414505668,13.192867269819626,98.00651919678882,0.4107185078570619,Moyenne
14.718643939636372,-17.425983896417414,-79.40815109654963,-7.646907302583452,24.853463978581207,128.28059877814354,33.1057012137219,51.13174912966722,0.7931299639559595,Bonne
14.73870219521904,-17.4525914411274,-115.44607326411804,-13.39500722424237,6.026958926152904,23.38004871038634,7.668591459368201,97.58421088033593,0.2377337933226046,Mauvaise
14.66627937128132,-17.54841464426636,-86.82663397934866,-5.739858895911034,13.328533999964481,68.77694329196133,22.906713346168747,79.94087356569278,0.5956033208220647,Moyenne
14.69605116413905,-17.498307498715015,-106.50579896752734,-13.309521948670989,11.988032992159265,41.10480342166926,10.593139464581643,85.91682440784022,0.36401277244168145,Mauvaise
14.754219533079652,-17.528184661079983,-98.58874122769129,-8.194295506778461,7.386703918990056,60.975233630015005,8.637112819945543,91.59517510242009,0.43864762093590204,Moyenne
14.680778570497978,-17.417518029529447,-104.1218444776115,-12.225718296100373,26.20092725947303,84.98626065255048,23.131925940391117,78.87507559747208,0.5590291070036628,Moyenne
14.714127747437468,-17.5002758356426,-100.43800059442779,-6.4345474286908235,0.8057273631887423,50.851938296044516,9.597843543433253,96.9953215962605,0.37728343188176217,Mauvaise
14.731981978777785,-17.45996666718976,-80.4524752148665,-6.2913425888975,0.23280238322436553,83.15757765328206,12.820745740630842,83.18229997817139,0.5244332609601771,Moyenne
14.737251105929987,-17.479313940342024,-103.65830564072537,-17.776164689804826,15.191833736296296,57.426586842185124,16.289112580055825,95.88538116590001,0.36882489586269224,Mauvaise
14.744680357466217,-17.52136025241493,-88.84774478367066,-5.88909336165684,18.01229804947297,111.00933240726172,30.893790201595053,74.97838161942705,0.6686674054420626,Moyenne
14.762577051215581,-17.358325953423456,-93.81722787904951,-7.44251221871418,1.8116739013597813,50.32989776715068,5.8958703188709105,111.0593208861763,0.40132147369486165,Moyenne
14.701071727594373,-17.36331613767456,-83.49808590505435,-7.921649999622664,8.675110478911844,73.70212664395908,17.58314528073777,88.33802327142911,0.5498233005617547,Moyenne
14.741862150375301,-17.533078362792672,-68.47436433713831,-16.187241244402685,28.129734504256028,140.7839307080923,44.414598840702595,36.843080509646306,0.8113766526788736,Bonne
14.745182704210132,-17.384526929294402,-79.70853465343623,-7.7283310774346905,3.63160979417359,59.704909835190236,17.51034371123316,91.94766425625834,0.5129312042811617,Moyenne
14.68903563691651,-17.452325263456725,-108.17827917750837,-7.0981417144094845,18.392624574108794,71.73832661244761,15.894483993251493,71.05896669906602,0.5168759165616045,Moyenne
14.775860533527513,-17.39525282308383,-118.28492757162934,-14.951895317641887,20.90522877941568,59.48417659941239,19.740242246554065,80.0203515355686,0.3809095843714853,Mauvaise
14.762478492557868,-17.51976857381725,-105.57547756350962,-5.6683589029274675,10.684504481280584,39.76663759408824,13.693427299111374,87.94494340092444,0.4370935102106491,Moyenne
14.687681972730944,-17.523545172444493,-87.27071381148599,-18.3019579504117,27.813409536585404,111.44353128658936,30.879711656457662,43.39173742688469,0.6497759035331588,Moyenne
14.737758927969308,-17.37184849982096,-117.17158025836623,-16.901270454540047,20.782985732657668,49.139145378993355,17.115143703544717,73.12854717404977,0.3592979331942766,Mauvaise
14.743314082479708,-17.37043610163179,-92.699856403932,-11.4738640672788,11.027360295131423,62.78214028644152,16.299876037067495,99.91812936985822,0.46309447286623673,Moyenne
14.7060928727158,-17.456817567449278,-87.17364330957109,-10.938905404287665,14.926732062163289,73.61745424788643,19.88546409650018,76.2377338410077,0.5590145842301226,Moyenne
14.762286627172324,-17.37596844047702,-101.61658600506715,-9.967898833787352,19.241470519878522,70.0518840009276,20.562433479237217,73.38463589714668,0.5259585061705838,Moyenne
14.739729815956174,-17.416508209699273,-77.5998287939798,-18.76243218958347,15.726656315022638,102.96496824460566,23.815728462394894,83.40572587578662,0.5588372356439132,Moyenne
14.735560109069853,-17.5129980514778,-114.13709607764255,-5.554865155290177,25.754415433912655,60.36847760792277,21.112187111953403,68.13562914690809,0.554588492124591,Moyenne
14.678709248397013,-17.48420914706357,-115.86742200453051,-18.375766701721986,7.491103179814042,25.789317452733933,8.753394226707165,96.92143255454612,0.19747117619802113,Mauvaise
14.703019500475445,-17.522787869898266,-79.94961840880183,-16.997132661872367,5.496000901953172,92.51380777715117,21.42401555644141,92.20934987020917,0.46092254965001117,Moyenne
14.706409923587206,-17.395210266213816,-92.74797760865908,-18.8037967546352,2.484361132334251,50.87241857241425,15.661035586153778,91.05259794969784,0.3050719259452964,Mauvaise
14.745375942555272,-17.352949855060853,-82.13786819647453,-11.063981933882674,-3.6775961177391703,60.373975820285864,10.460219343919743,92.13850933842836,0.40183267726981375,Moyenne
14.730391290883482,-17.4407243346868,-96.08449637679396,-5.948263625106389,-3.494511246698063,41.48229785601362,8.422512219250676,86.10028779204883,0.367274529477934,Mauvaise
14.661161876781415,-17.418827117177024,-106.44788817184913,-9.6767396748735,25.451931758824898,80.37559703760826,25.0371617096493,60.77685870791517,0.574686934048918,Moyenne
14.690000733745341,-17.400781486373273,-74.94937252791902,-7.482795441274018,18.743760124206755,111.15819875536842,30.87180784962102,55.917731495757195,0.7465269705876264,Bonne
14.71149617558,-17.505148179513903,-76.03212665670614,-18.81406315157988,18.118634540277014,113.75367074906588,27.633421615495386,66.11690220287882,0.6096524047875732,Moyenne
14.745775282961409,-17.482799750473315,-81.79169410300653,-11.411785821283836,16.51249866272101,104.35943591168333,22.847452690460088,64.80509809272132,0.6352601188919551,Moyenne
14.746663986910358,-17.467535757735153,-105.03201745235205,-12.566118314922694,24.72267006429367,67.86409975950264,25.05066860388203,85.91682185040486,0.5159299497289479,Moyenne
14.713770630114313,-17.431082337570906,-87.53731332220022,-12.014448780908896,11.809342398296963,90.91356423522562,15.507892329458649,70.39768019549591,0.5399762468317616,Moyenne
14.665201209693889,-17.379901484370247,-100.14643566829852,-17.98901540530737,25.46437899954051,98.13252860468641,24.97029451806894,76.62093894623686,0.5272992980903048,Moyenne
14.68807744243847,-17.49915929108202,-114.96298596703512,-9.417904945029695,7.58057591637837,19.94183364524108,0.4084650060567707,98.87856104325648,0.29199622696279487,Mauvaise
14.683110009692118,-17.45582223985444,-69.54775334957665,-11.954914191979118,27.43476265186817,144.18770475624137,33.853412913881094,55.34201358039317,0.8359824152051745,Bonne
14.751533433340072,-17.399693217759058,-112.47497529945713,-8.287916101942304,19.452994302843404,58.83675664997794,14.619452841838113,85.3477036186619,0.46735329835012,Moyenne
14.673398220820735,-17.532523000099076,-67.73694553985587,-12.205931123135985,4.001199760854954,94.48467885332491,25.383081516536762,63.13406158523887,0.5874132465259918,Moyenne
14.710439758911376,-17.447421308334764,-95.46968248731244,-16.90865709282995,14.74297225910188,77.04039505527737,21.970015784024763,78.22877452473551,0.45032233253339277,Moyenne
14.73719344445687,-17.521124059326855,-109.81768891387591,-9.924402642910492,13.656069652088945,47.92811316092616,12.461253585078964,84.20163740044899,0.4044812784370294,Moyenne
14.775422199883504,-17.442170220654532,-90.1954478941903,-16.586590930527674,-0.17354123943831112,40.57731067988947,13.49822375481583,87.76708453006913,0.31186380604155933,Mauvaise
14.779901275429177,-17.396435447736913,-71.98797902679755,-6.786476113032592,15.693501701271494,118.68072958481562,31.452527421652093,70.10069647800574,0.7420627389241408,Bonne
14.773879878662207,-17.502610517791013,-79.72763124747414,-10.416372653030619,6.017496830093528,73.69688120931274,18.825582299325358,97.18526102625219,0.5149772960901532,Moyenne
14.743371504882958,-17.38010431090306,-75.63913686762027,-16.79914563020264,-3.167793161663915,78.5915038150141,10.155712450527094,73.08849286568608,0.41111939883941545,Moyenne
14.747037308292871,-17.483039177983652,-83.76691483091054,-5.527267195263104,28.202965519729773,114.63248722584053,32.799918742793814,49.93520253955429,0.8079249181468368,Bonne
14.748697312689172,-17.511843027288446,-81.92478895151811,-11.742883513305511,17.452162917250075,100.34190114763018,26.2491606935273,58.46699763112405,0.639248802301821,Moyenne
14.762138633951016,-17.45693532098583,-73.29423916390743,-17.97942167379683,25.692162615479646,143.76234995988924,31.63416695097747,53.58760257198839,0.7368064243901618,Bonne
14.773732110170787,-17.37478498357896,-106.26825951274478,-10.22433933818906,18.66196017546386,66.63893235149237,19.970621672153936,75.08900226988578,0.4883217373288936,Moyenne
14.707941798787642,-17.53621338776518,-93.08162699962728,-15.455215301820656,7.4944292249039535,54.11430119384517,16.506966570470286,82.5491135329093,0.3909839916254699,Mauvaise
14.704146414145477,-17.484485706756672,-107.83348069992188,-7.748291673717766,12.9440825315084,40.45191530675693,15.654267626765781,91.91940539748555,0.4198955837345526,Moyenne
14.709860380109221,-17.419367366206178,-65.67825956018442,-7.550490970073332,18.6511366121512,126.85480966299907,33.90517407394362,72.5330759535281,0.8001971672320561,Bonne
14.735776232289357,-17.478483826260884,-68.07673631723627,-5.294737018034734,28.60883138205031,150.0,41.388853361747465,67.87271662194857,0.9228871250966487,Bonne
14.75080790151611,-17.535835201053477,-117.83152537473218,-11.973826565656948,3.878431069259376,16.30966752093619,3.9358837837062053,97.67735053391765,0.214400744632394,Mauvaise
14.763170770817172,-17.483600206243906,-81.19336551163713,-12.63060368381168,25.624197051844117,112.47485429660217,33.124615329330744,42.09613419311039,0.726819966135631,Bonne
14.709307398056739,-17.385808122772694,-69.11134254213837,-8.45134152374927,27.342723185299427,133.85848816404877,36.75771548722457,53.293863157169795,0.8661484236892216,Bonne
14.697238441403417,-17.356392495498998,-110.06835601799665,-17.14541081121303,18.46454301306348,58.06554803621933,15.647757855979757,92.56427787239524,0.3715238858417985,Mauvaise
14.777835839911289,-17.542044160520458,-88.76301231960538,-11.343182806896262,27.594331959046826,108.8366624484432,35.26372695175712,63.82081053748269,0.6980903398786136,Moyenne
14.680145390730939,-17.436143236472986,-69.6481436326577,-11.352533598168087,8.925750561707897,122.7073840474796,18.739869017185836,87.69639016454741,0.6401903294770319,Moyenne
14.678860628582822,-17.52893931339463,-118.13297117778106,-17.747376280654578,28.355566161415496,62.17791057310782,24.132636368230266,67.65815103920283,0.4265820913564032,Moyenne
14.743002969127444,-17.4139206941688,-81.6418853014238,-13.14822280290321,19.59740070080912,120.91761901079998,26.281898008731073,60.425891886322916,0.6633922472364662,Moyenne
14.673355448428344,-17.54842155479839,-103.64580459450971,-7.054012820059173,-3.5297981403415832,13.379467123815601,2.0029951607531293,108.50581672321809,0.2708414081974926,Mauvaise
14.701923169966996,-17.547051674858526,-69.15820925429082,-7.013849292074756,26.740549113666848,129.32643897854564,38.29774359276122,47.03999990636218,0.8757701904988449,Bonne
14.688010286900854,-17.394624034713885,-66.59179651590478,-17.610672691124467,11.95654831616174,107.74636149508109,23.59362620369354,74.53189296025347,0.6096033988524323,Moyenne
14.671932359378404,-17.535112935460543,-68.06534309876113,-17.729907641530367,11.11144446722415,122.02484391818211,24.5070718266519,78.83152436435662,0.6044566689214991,Moyenne
14.725361941082726,-17.488963665142588,-93.91821808383949,-15.322263321972905,14.8263312092872,90.04050439359554,17.95963657761824,85.89100376130078,0.4843884035608147,Moyenne
14.698556493798101,-17.358391915179237,-72.58765419558776,-6.753275124244091,0.22845913699297693,76.80047050986568,17.09004765288408,92.42934296265945,0.5498239772460208,Moyenne
14.710090442470298,-17.35295057651051,-73.54978308057113,-17.195363808971013,11.420811699858952,100.12246392467051,22.839731047219303,75.07484461985688,0.5635225894031981,Moyenne
14.675462190627318,-17.517719427622787,-102.44947397162093,-8.920044763215753,24.089452585121098,70.6629521367866,28.80865697643525,74.73244318206667,0.5739091507311596,Moyenne
14.749822684347327,-17.43781961571283,-74.40964892171274,-17.583681325416556,-4.458113930186963,56.094250195767316,19.22699267576353,80.0217662558107,0.3712406289536501,Mauvaise
14.690912570848598,-17.438170234301943,-117.9645800906479,-10.276070047530444,4.552100611352996,20.3117086508176,0.2,104.39568620356889,0.23716270108923804,Mauvaise
14.694553363273497,-17.45952386189348,-87.20515668348708,-14.015057812331973,-4.914089474465452,49.70721711283837,10.671300642950914,102.54187022918443,0.314373404639023,Mauvaise
14.682780015073014,-17.365059968347204,-107.34951394917633,-7.955204518477862,9.549895820244691,42.68952178828062,14.688587509192294,92.64207029655921,0.39298127996672,Mauvaise
14.706472464375475,-17.39919321817517,-113.36882128224967,-15.72833371644491,20.49104286728071,43.054637257429945,19.29359816548243,77.62752119278551,0.38102124266734816,Mauvaise
14.710264961541027,-17.39709461286361,-115.7675739103935,-10.051174388540563,22.957014019011996,68.22880584498434,16.576918465395586,79.4104325807532,0.47388630108946084,Moyenne
14.718856699122837,-17.496086113646133,-81.70411732670232,-15.700444515937612,28.08164163944523,119.23942991910074,33.328421396790226,48.855731129520606,0.714464883787347,Bonne
14.775783876657652,-17.463136045559672,-101.30687699275636,-9.008756036429848,16.29766145397753,70.64264341880104,16.706132105986455,87.80755604680087,0.5036671882094127,Moyenne
14.767609935045941,-17.45251526030491,-80.13782756591812,-6.768507516149517,3.9119403328513407,65.95308256168408,16.429326491448112,90.37450415797908,0.5305732097616408,Moyenne
14.729221042028318,-17.49021759175912,-116.40540125605817,-17.22477481222536,27.345178219784465,61.276972787309745,17.769839228227237,71.3046679205988,0.4296120843566169,Moyenne
14.655057450809203,-17.53103644496759,-102.65903141931643,-6.867660359662951,22.136051385813165,78.08274500869706,22.22020850840481,65.625959633465,0.5915032860556751,Moyenne
14.729593844313975,-17.52472815500556,-90.32797891935645,-10.68994643819983,15.10499690511006,85.2690313917406,17.45030007788707,82.02312992821955,0.5537991655486167,Moyenne
14.661656918879336,-17.513865774363815,-76.51022593385701,-17.220453127861663,19.34740755016276,115.8646193586616,29.16420254557956,64.99650868796373,0.637509201364109,Moyenne
14.742344751007437,-17.509269333127012,-102.46861233873615,-13.014414024964033,27.35107242526002,90.46168381105878,22.535991311825068,57.7755070087719,0.5889966148243506,Moyenne
14.700710094055522,-17.50154763815789,-85.5759742959645,-16.74795589120863,19.933790996552258,91.34426204170117,27.622511779373216,66.14858869870496,0.572859868404975,Moyenne
14.758900543903907,-17.4989079942073,-71.27122384700971,-9.195129555868027,7.89310776546569,102.20411583453216,21.54198840654391,82.05436081343233,0.628859068701839,Moyenne
14.772528801884466,-17.458856730902493,-86.12752464997325,-8.375846118148704,19.955987080118383,100.40524372312444,27.69629837221584,71.23159249088083,0.6654151526999833,Moyenne
14.704224344390529,-17.448085361834792,-107.18722888855014,-17.518848716180816,-3.5902643042614244,18.454563754502402,6.216027061118801,113.15669476827878,0.1408575365299429,Mauvaise
14.709872188411588,-17.48822415837473,-118.6579570143904,-11.91404206227498,8.524544664070342,21.90932414223045,12.205237118126721,98.20196926070582,0.2556072255554257,Mauvaise
14.726719185531671,-17.368540716015854,-72.14456193544885,-7.5952492156371605,9.221306114595274,91.61115474762032,16.62030383574812,83.76178057693377,0.6408902978241714,Moyenne
14.675627253841547,-17.43937205533221,-118.8301824032287,-5.893717418286048,0.8393382047292137,0.5,0.2,118.2008806253249,0.21855616273046613,Mauvaise
14.770553269307687,-17.39250461439332,-71.89140800236903,-11.81074986561522,-4.192008180688044,57.68644454752015,13.994343241353164,100.11852597943364,0.43730458654328747,Moyenne
14.706289990445178,-17.36515243351583,-90.90845762850334,-5.696090869440301,-0.3316567176790013,57.3325846749487,12.330863582792977,92.67351513873145,0.4367876359903253,Moyenne
14.671686643669082,-17.51737297708484,-68.35127658179071,-11.500354413615582,17.91175235289693,132.24759459463124,26.66421633093751,53.217127429425986,0.7552296135030703,Bonne
14.749155138344454,-17.464425103256875,-76.0669220324484,-13.481333075601288,23.080108572729063,129.59485202007278,29.58637606915275,53.56644477700835,0.7333340786665925,Bonne
14.678489678417717,-17.463357919657078,-65.11362392066644,-7.125156200259463,29.587122245444093,150.0,41.31228880754894,59.50841360449196,0.9333994745246998,Bonne
14.66865880575934,-17.47910554991233,-100.71085015015595,-12.098242053586754,7.1227226087973,31.972046220584602,12.99177299818353,93.60163822587279,0.3526409562067774,Mauvaise
14.723173369814221,-17.548218826689673,-77.80464410878801,-12.393364852096678,15.97827277913856,97.47496663905537,28.086020726581467,85.6540425783717,0.6211279015291548,Moyenne
14.737294383187907,-17.38680557844438,-97.89379975149168,-12.135625148262404,27.800073838529265,96.54401144026755,29.528248954612742,60.170519765530806,0.6316999691353637,Moyenne
14.72404315628644,-17.52768813568922,-93.60684088328502,-7.145009973823566,0.8464623468353416,49.64543921442052,11.84591263298257,94.8675217479654,0.4074933954888571,Moyenne
14.735346384363156,-17.35090388041565,-85.48719952298964,-7.3528184163672705,20.117595521995995,99.12496614969344,27.742762982245296,65.71215376139835,0.6836534097636362,Moyenne
14.665018121600006,-17.395408301617763,-71.94775871975136,-13.350720105837043,21.424255660220712,129.48865912013008,32.98248273022062,57.64514085915269,0.7401833182807106,Bonne
14.711882344924934,-17.4339979964787,-65.87540919403877,-14.33380196181265,-1.8858562445731568,90.33330554246976,20.61779668005831,82.09492558477807,0.5075160356537864,Moyenne
14.69641242373151,-17.51907871645168,-77.74496223745149,-12.11300766345219,25.143728481407276,125.0871848835579,26.671905154184394,46.59322698754957,0.7566710768786692,Bonne
14.776537920111215,-17.44692140572135,-97.02282698079665,-10.981184863680474,23.458676648879536,82.86602476774863,30.09608467185055,70.82881785037404,0.5908242381115187,Moyenne
14.656451111443332,-17.49777825182844,-96.82536487476114,-15.663279051208043,-3.8308947697897944,41.59117806229921,0.2,113.37387261212713,0.23818718057143207,Mauvaise
14.68877824639779,-17.499535495091386,-79.43297341261098,-7.884628813981731,-1.8120454791981984,63.893681370721865,10.692542019433942,113.84155211188363,0.4556925909441542,Moyenne
14.772442085231923,-17.384094150123506,-106.86725698274337,-12.18924127974608,-3.280558713785169,7.119353037600922,2.619786566439768,105.21334458800557,0.19632075007017372,Mauvaise
14.777854503813963,-17.473871115208112,-113.9239237777733,-14.323362322120566,6.716023612977677,19.593384701190924,9.845681880133249,95.04208874691663,0.23990411794546748,Mauvaise
14.757237209004527,-17.45985523932184,-100.49578132975729,-17.50450609850413,12.825114673797415,58.01967155611159,7.81825613384429,77.09810669946626,0.3818174271972768,Mauvaise
14.659879771722133,-17.38140705244398,-104.20185545902551,-15.656167754349504,13.632170478412007,64.07320898343141,15.987496952403971,92.81161572177321,0.38390158844540345,Mauvaise
14.72297615368466,-17.532441874856232,-103.70305337492054,-5.710063595416228,4.368336591930493,38.10333845901772,12.138952051376357,103.07060242838168,0.3809742433377906,Mauvaise
14.70201598904716,-17.43107642938179,-107.15157369225496,-14.728604384526628,26.905891029609595,76.16492103066058,27.31462727652291,59.53448406506508,0.525801609293268,Moyenne
14.754838833800402,-17.434356863725395,-117.68487457000009,-16.635969948861504,7.889197645516962,11.72480112393275,5.240743276869465,90.69573215699275,0.19969666694347546,Mauvaise
14.657153150624273,-17.464957086146665,-119.01693358966224,-12.550580916830096,-3.4057445412126626,3.1435845337854698,0.2,121.94578054181292,0.10997454346378903,Mauvaise
14.675626737713811,-17.38404507171518,-65.67526856451826,-14.700771592956517,5.507948903948524,100.15232401602891,22.02077584850469,80.90831159817255,0.5786614615045099,Moyenne
14.713595358608941,-17.361421987732864,-96.47247764452757,-18.507770496203282,13.588829789045441,68.37422471086332,17.568789716168904,86.45536293946293,0.40367597050923915,Moyenne
14.670494196183217,-17.45693282761728,-98.8620344062175,-14.475966958088158,9.287763790588121,68.3515337056614,11.804242959050253,80.42289834926319,0.4009725916557726,Moyenne
14.740052968550259,-17.45877058980032,-82.61939945188115,-11.38247926484744,4.584488168474071,78.78610391714463,14.62459542236069,71.73864740620117,0.4986235731082962,Moyenne
14.756699738748173,-17.449587254065854,-107.99603616742147,-11.276026791720463,-0.40368625824889026,8.573333617164336,6.221937726713368,98.16365690344675,0.23076089277334272,Mauvaise
14.741587586171594,-17.40537519383339,-67.75213488273761,-14.008175103523559,23.67075750336804,124.00680381526236,36.25112916321768,58.85153403260648,0.7689939911839946,Bonne
14.707236882773197,-17.416387941860208,-76.75102420714464,-12.737761412463591,29.86508347434672,134.73894219559358,38.5174594823135,65.61530785820881,0.7928378940232675,Bonne
14.764190396612843,-17.505433010158622,-115.08239487282573,-5.482749144713271,6.533974673335873,13.725953143869564,7.9369872349486155,95.20380123388048,0.32077038080734,Mauvaise
14.667899197123592,-17.53722093028013,-97.03305733182894,-13.717121318775638,8.356736546181137,62.94564960931705,17.001161319629453,106.17229168968436,0.3885269393892006,Mauvaise
14.683844015906871,-17.360149174036643,-71.64849308408094,-15.384824614360237,16.631313363693497,117.79829300416922,32.1995887696221,71.59654131859904,0.6579480371191705,Moyenne
14.7136401590828,-17.49778604805326,-68.03973877397243,-15.591461383065358,20.145451615743948,131.94642546792565,28.062757700532096,47.26999177257545,0.7359052033376416,Bonne
14.657974017854302,-17.422280663061883,-94.29291688125716,-12.591295422142121,8.721033718125694,57.4901632849754,13.539273743004895,87.93463609367801,0.42536107827751524,Moyenne
14.662439151603651,-17.384312399451257,-86.26237359341107,-8.366717917962783,26.672533094363533,126.63010032222189,30.784814535890483,64.38831601222093,0.7531348504793731,Bonne
14.701667638323908,-17.489944649890564,-110.81313296493586,-16.116165421361377,14.600139623012144,69.558703029717,14.367468621918924,66.02185117358265,0.37455374380523093,Mauvaise
14.772705218575492,-17.422913317268616,-65.48572556246629,-9.069854220029248,10.763652674207584,113.97289410216875,25.60428120362801,75.55507202252628,0.7024648759211386,Bonne
14.768093780126009,-17.528419951770157,-107.25805642391062,-18.703902473108172,17.63354636059668,61.75271078786532,20.539233717013875,88.96092992450933,0.36912123403694275,Mauvaise
14.710576731576193,-17.35601371112487,-68.1497524225681,-13.134938308224756,28.34813468872106,147.62102900359085,44.9311260390777,50.1709450189953,0.845674365737142,Bonne
14.668480610786395,-17.538368344989877,-84.26943430541974,-8.137889087160984,22.809330304759694,106.28312738277728,30.030715073180076,61.49441332532393,0.7149262946372015,Bonne
14.673153995274596,-17.462365065231804,-86.57447628166275,-14.25773861915796,-3.599540431270648,44.96774571676965,10.432278096123216,98.6144582665159,0.3243596945294521,Mauvaise
14.699080987099187,-17.442636151587998,-91.80213189409203,-11.107680579764407,6.6308468758985875,54.5183256319969,18.059215415509794,86.17719510454882,0.4351269539727147,Moyenne
14.677309645361282,-17.391903644267327,-107.31316035552328,-16.13029074043725,11.469063973292794,37.42097721799182,7.871219391261499,78.82639416723867,0.325981281697747,Mauvaise
14.66078682727075,-17.525774296585517,-110.29095823969705,-8.612064524233588,6.008115027318684,33.76352125154555,8.689251956544343,91.71937951437778,0.33123025817527024,Mauvaise
14.7375910728576,-17.461838405228967,-107.87325850114036,-18.268092554237366,19.506564629065977,57.471193980564266,21.83606224134961,73.90102347960352,0.3922478414546654,Mauvaise
14.72558832291305,-17.490057686091312,-109.745895582066,-7.064402971742995,23.919420245190338,46.644475199744235,19.403068726306802,72.80641943846916,0.5298004825741405,Moyenne
14.68786857853715,-17.48759785686133,-77.12285395382857,-16.225250590096646,20.597078331484504,119.64417070624701,26.745274208493253,57.41485655388802,0.6643759282591793,Moyenne
14.7512632897318,-17.394242416786952,-100.74311074582985,-6.758427556083369,29.626665038989636,93.68395155035527,27.921159935952957,52.904034841054504,0.6914118635444034,Moyenne
14.750873355401758,-17.548907810993633,-116.8186527890132,-14.064590621792757,4.539167676256019,27.26000962239877,5.108832597618831,108.29172588130427,0.2070620092335345,Mauvaise
14.71383025612766,-17.400183271732807,-66.69935534225539,-8.882429957357187,25.62463232585475,146.84533974660343,34.866511412562566,53.10513642340112,0.8730720891850787,Bonne
14.662549232216547,-17.38792031397538,-71.39177632701158,-14.53084583099336,21.831793281107018,116.46817803581197,39.58361741047371,53.24795245928885,0.7239759027722545,Bonne
14.769401022013176,-17.369727551231588,-68.97362442426328,-6.317236602714935,7.676256514535114,86.2599383819828,22.796521868658598,80.34159964247002,0.6555649348648742,Moyenne
14.736925868060325,-17.424623639353904,-65.28006975444606,-17.22708024274276,20.694359027993904,130.656820398726,31.177048851259904,52.77866560082178,0.7331763220502889,Bonne
14.682116606489753,-17.48330893434555,-110.43576129292819,-16.50072295018362,-1.357341525361356,10.54366338575014,3.116480522510349,108.10089095322854,0.14864573283247456,Mauvaise
14.72935909111445,-17.464553053490228,-98.20668896035377,-12.097578247776768,22.626671881919332,91.84724613923859,27.189911094333183,76.31602183525506,0.5705970673958523,Moyenne
14.702652794457592,-17.356052783542516,-78.29688383627499,-17.852861853465953,13.631571090548594,100.08747220111313,25.19043316768246,67.31946945422561,0.5546693152413762,Moyenne
14.732595453165674,-17.373762634712833,-81.71886600704143,-16.256277414175333,5.230156044823861,86.60774786246536,19.51628788904421,76.07197837774531,0.46178336054481306,Moyenne
14.711603216445033,-17.457294818180113,-111.53572515130797,-5.787270649031798,17.952205562446306,41.695013922047984,13.914508307755153,79.89691186649303,0.4728973257800654,Moyenne
14.713111379531165,-17.36138739857782,-75.12917812551602,-5.3291447439295805,17.456699955004314,120.91591217167498,33.38754296378295,54.46103008999248,0.7683179450620378,Bonne
14.745664671947956,-17.385409024918708,-107.65576854898366,-13.732369389374092,2.3320177951859904,33.41714228454712,8.638026548241243,98.96068285897447,0.2540602914783389,Mauvaise
14.729784346988316,-17.36978202766804,-107.69003118475572,-6.073995705804901,-3.9360904815965854,0.5,5.696330454850715,107.72594087286764,0.24344011812709002,Mauvaise
14.66039384986175,-17.413404553084817,-90.46640674086225,-11.372454540571955,10.176790541558585,83.14163235373752,19.555992917214727,62.752903283961494,0.5142091677873042,Moyenne
14.65849856415802,-17.3784691913076,-87.38830358370632,-15.223605477767261,14.932915427054741,88.05338269593956,25.341786657827456,78.66373632474729,0.5248078029496771,Moyenne
14.689651200874575,-17.371646771733136,-88.09525856892039,-9.166417904871619,25.681184742970945,110.73678594972527,27.524331141925842,58.22768958240428,0.714285580252735,Bonne
14.705931979550037,-17.531596683091866,-114.96822394312348,-9.775374707951999,27.487587847665807,58.61002609259432,20.528201863204156,78.70824940984892,0.510884220719195,Moyenne
14.685778932693307,-17.356956604667868,-71.73965255532909,-5.152245532477734,13.508182635486826,121.26093203028998,31.386291237143684,71.0956437985692,0.7441124582670311,Bonne
14.73468978154909,-17.483277380247188,-105.39199765762116,-15.289337976270033,21.383121931899073,60.113029211931206,25.760212014013835,79.37489680379521,0.4527745823613022,Moyenne
14.675364031124332,-17.46202009808333,-112.87667932944576,-9.591166962735704,10.375614531479892,41.51761034989355,7.314895607572675,101.78895537983509,0.3451126902458374,Mauvaise
14.741538342531502,-17.391619248161437,-71.11885560720626,-18.271667429587744,21.112875480051255,133.88855623512123,33.636621577105124,57.3917226890051,0.6938800419627625,Moyenne
14.75050959644556,-17.4170207388855,-67.43916759736356,-17.408955458245927,2.168053372870842,87.89618240484585,19.62109730047666,83.3057651858832,0.497541818369441,Moyenne
14.666161509987434,-17.37138801751279,-72.5829810504002,-18.945142750684695,7.987265718123599,114.45045244594743,21.09594822695186,64.89182368018521,0.5417346985225159,Moyenne
14.734604811637189,-17.469885249844648,-75.47661589013171,-5.007550465164577,17.19797995847652,113.93794074546929,29.47628949545381,75.80360717056608,0.7464445268522573,Bonne
14.774986676867014,-17.47534236726477,-83.9616910648538,-7.768168239935312,-4.364471203752241,59.76732366441225,13.981167081770826,98.72744146666491,0.41631006779925417,Moyenne
14.675067096244236,-17.543662230091737,-89.70284461649734,-7.985877793730429,20.28614586186339,81.86048951299524,27.15929390738288,59.919831468031205,0.6419179916954335,Moyenne
14.768209368045099,-17.45745492466607,-115.21572820487245,-11.863834945965484,24.24374254438584,75.56258716455704,18.686577559607624,79.82361802195184,0.4755624314636892,Moyenne
14.728786233405621,-17.40518584593418,-97.53507328111158,-14.799060839323841,8.9699581382883,48.3338361768862,16.686278588218237,69.89459204718258,0.3890259661639754,Mauvaise
14.726822832753122,-17.489764256474757,-99.50213156432272,-16.88230001752254,10.677984601200752,66.40143700518031,14.568914652584867,82.39258697927873,0.380351968611906,Mauvaise
14.656749948701712,-17.457454697265234,-105.71354189318205,-15.01455365614951,24.794877427578584,67.91855989329412,24.59301743888309,76.12475378301663,0.4931807336579764,Moyenne
14.747279036190232,-17.506120446302944,-80.21189374712783,-13.736402892992052,22.14791223641117,108.98369467992354,34.61877285536028,57.58650023950465,0.6767108025140101,Moyenne
14.712175496844248,-17.395442438825707,-92.7268345706676,-8.411658642275883,5.085232116168125,64.8448778132849,7.87379140368154,84.86437498657641,0.45692270960292175,Moyenne
14.743752670938568,-17.53789768773177,-115.54245812507936,-11.444734955355866,6.339163729653864,30.476570356074067,9.389311162600027,95.7900385578667,0.26907250972705854,Mauvaise
14.755193543448058,-17.408923388999902,-107.88992389276038,-17.915229228223243,18.760738133670884,49.9383316567363,13.75387856639208,62.205998248854335,0.38980864044294483,Mauvaise
14.718093528538397,-17.474211997651004,-82.42076799872223,-18.74759387457523,14.711933235685642,104.03233822599945,28.136067597060553,78.21646652372937,0.5285294353863439,Moyenne
14.684273760726182,-17.541680786122576,-115.81280272803349,-17.567349486523117,0.6780349883773926,18.834149300163403,1.0290667074338709,106.1834239080714,0.1349031561342644,Mauvaise
14.668404423881066,-17.379306082541643,-73.18361972731772,-13.25301800823669,5.847546823020824,85.77931283884239,17.826001738733922,78.56746644510572,0.5433168559134259,Moyenne
14.670865406631213,-17.45245562736377,-92.7669410142314,-5.935299161313743,26.499414690752893,114.08421040604128,31.166968609812276,58.49659395807775,0.7336043598257974,Bonne
14.762701505012954,-17.430136206076774,-93.56773824703436,-10.076365263070898,19.08610528527922,73.45219452461573,24.70407550266066,71.49757319949123,0.5720258221210115,Moyenne
14.666065152431951,-17.40359386169511,-87.41757184372653,-7.774437401742789,29.50910111899318,111.41014944143033,30.062659929105962,59.252664728463024,0.7656968886406267,Bonne
14.700010229496053,-17.418985113399764,-74.64254687411679,-12.47075567693632,21.84543854932693,126.63056840539122,28.407916307082786,58.58902379470087,0.7350354571563817,Bonne
14.693455704017573,-17.40382862583708,-100.87049356537938,-13.9366748352694,27.969105125025656,83.62984091128551,26.71125637716133,51.341882543946305,0.5905869237083127,Moyenne
14.762509236676065,-17.39754366308443,-82.70911160925151,-17.482394781967283,2.5666000854666393,72.63826312064045,12.236170146075029,94.22998907686244,0.39433974423908724,Mauvaise
14.712100155090258,-17.43216969388708,-88.8847419802315,-6.73693768939313,22.001970618592402,100.82848850121763,24.10730082116277,69.18393255310862,0.687260871770891,Moyenne
14.779538034255257,-17.47687243381845,-105.31344514068182,-8.03575959360936,-4.29238679482709,16.885775511804958,3.4824858156467,111.04460781179642,0.24650377841995844,Mauvaise
14.745817117019408,-17.501371570056733,-71.67535075046631,-16.64634663363185,18.476600759903686,127.76430955273914,27.94963286650408,70.98859722953524,0.6704732951260486,Moyenne
14.760620064802557,-17.369419352669443,-76.14156881161895,-11.828352105732353,11.42487973420845,97.58220614740355,25.62748459995891,74.51190374864036,0.6047591781478998,Moyenne
14.662827394583468,-17.356015031072356,-83.7851490937866,-12.176752689102571,7.136602517202402,79.69078012547803,23.1412503668668,92.60308228003467,0.4926251851005232,Moyenne
14.682903293184436,-17.47846744898036,-73.21800489981669,-10.2487182623886,25.18415233025812,141.06947135073108,34.556938671543094,64.94797711438332,0.8054303772603206,Bonne
14.667608005424338,-17.527537854185542,-72.29881894721086,-5.7533834841223435,24.899369243013574,139.21623595597538,35.51542502454245,58.333854670221754,0.8587236016930498,Bonne
14.710270856412073,-17.505492534576714,-81.04003628067309,-10.883199815325286,-4.219440328547474,66.08119599227446,17.736669270287646,92.39176381124585,0.41065180753325264,Moyenne
14.743377373461048,-17.415866530802564,-73.96426693999804,-11.436958265099339,16.332679285730084,103.73266795572926,24.982578718879704,65.37188337495748,0.6751395376331479,Moyenne
14.67197826386639,-17.515413326008336,-81.6390696081894,-18.295478938914705,7.8741278512334745,87.16017797255553,23.511920718539365,91.62465060442536,0.4532166233068769,Moyenne
14.666921910794066,-17.393975545387804,-82.59225755318349,-18.119295335747665,9.54813505251572,77.66144193686347,23.98897718688423,67.81810389685451,0.47062602605322224,Moyenne
14.729899137341457,-17.36539395202506,-85.97637419816486,-16.377144921424957,24.12142587265716,97.83169577020985,32.35621915902366,57.7837428220253,0.6226068544847326,Moyenne
14.679940657989246,-17.357269696984233,-78.60058482432973,-18.545409196315525,5.844392003468739,83.4941390352972,23.456113266110606,80.44439567451819,0.4535020809983098,Moyenne
14.712312259327986,-17.548134898805024,-111.27671920888095,-8.593059462019827,28.0067083723167,65.60863259632308,24.499569035389214,59.94344711992318,0.5676454436310843,Moyenne
14.656645304604604,-17.35836916700912,-71.55210824405893,-8.873375744084516,1.2871839230249265,93.2607255818695,17.109002373899017,93.37942281694193,0.5576586983076567,Moyenne
14.73847966556877,-17.40196111617408,-72.04860597401225,-17.095212717956997,18.195284817886222,126.4242231575142,33.80340715527777,65.96299451159102,0.6632271139818895,Moyenne
14.720371129613467,-17.53318995354724,-118.39139943309925,-7.294895388866067,18.523677345481765,26.560965763243267,17.92811097539118,77.65451460841625,0.41060882949142175,Moyenne
14.734164976864623,-17.466951906244255,-74.58007871893805,-16.832995512154433,3.8268306499771363,80.24110716114446,22.891695607835537,89.04757587544084,0.46749753540223826,Moyenne
14.685802829407766,-17.4099909050841,-112.91215728896051,-14.783541782036977,6.366271313852069,15.103581861127275,8.070641115517978,96.63036106329359,0.23194582213406287,Mauvaise
14.686218386797,-17.358662901467792,-101.5684630157472,-15.51432341174089,24.217947240297914,78.06847314108246,22.255017471857037,60.67912563489042,0.5259374616437515,Moyenne
14.754176869301798,-17.517171721277723,-79.10704590396156,-13.78770061997733,21.663183923423336,118.4857951690626,31.050849442344617,55.566365882047094,0.6888816694076231,Moyenne
14.743413100688027,-17.52445334361461,-111.15820571734305,-15.434707277540534,6.518355811016585,28.129457117122875,11.484167119345049,100.38390303558866,0.24636315288581168,Mauvaise
14.725364724655819,-17.455530589347624,-75.01181367345157,-12.154687029861671,13.688479142722684,101.13880111524061,29.400855983777724,78.10352438141615,0.6279894951429299,Moyenne
14.73165865185167,-17.356380221252305,-74.23262021232419,-13.296289661034404,-2.841189631141659,84.52357859127066,13.740721802663584,89.48819871550593,0.4541203039140541,Moyenne
14.662225743335144,-17.355724156948398,-92.08927464315401,-5.188027129089429,2.306105883952023,35.62158749377192,13.329146682044684,98.56715602123856,0.4327596586110181,Moyenne
14.761302269578662,-17.504417051789417,-119.64877705557416,-18.217031098204842,12.003719560113968,36.49949327389766,5.599196809170953,105.69077555146866,0.22208985793198885,Mauvaise
14.750087914291516,-17.48613057040571,-104.2129026753798,-17.00946073057708,-1.9909192652275944,20.501920576155275,8.086690886975308,95.61212872427753,0.18999126842097697,Mauvaise
14.726763899397048,-17.36839360287107,-86.06901948933418,-18.260437485279564,24.51663242121781,108.09105962966518,27.687559603410314,63.25313236320443,0.6119239707874565,Moyenne
14.769417367043117,-17.403031701829587,-66.03476020849172,-10.238223270246738,20.130217353767677,129.78243565133857,36.33475215337992,64.1785833289098,0.7906306091199432,Bonne
14.671922928000923,-17.355536714268478,-85.25025601408325,-18.236870116207925,28.027178472697315,129.47202656576604,29.333521593788497,54.36336681177058,0.6740403329361925,Moyenne
14.739265460184441,-17.37137032739689,-105.71080304147121,-7.289843676734273,19.27134170874095,54.98649027253877,22.585405850905765,86.4962486632699,0.5087694312119001,Moyenne
14.77518763109478,-17.506980789937252,-85.12968632952138,-11.83285917045301,27.91404802917649,117.20152025594213,33.70994897515937,72.8193879135278,0.7177681788577518,Bonne
14.69030116539409,-17.398054628117464,-90.30080411562795,-11.621893255858527,14.407939449183775,85.52402111668,19.13620308710802,79.21108941026571,0.540117152485779,Moyenne
14.651988000828776,-17.54028695368798,-77.10850326668711,-11.137676892029281,16.007651387168927,94.04282507788842,29.291448970919337,66.4193966697487,0.6480216053188189,Moyenne
14.745532770705987,-17.386433444251708,-114.11606486451728,-16.60860811171305,29.193986911919133,63.031478190589645,21.72408306034635,74.29650997364165,0.4643080355233926,Moyenne
14.650907442179298,-17.429688647511078,-78.14346536238847,-16.232335756397173,17.474520140249112,106.91972089645199,30.130616333673796,73.43678209974927,0.6085625264403454,Moyenne
14.76342937439368,-17.358779807472708,-90.23033817281393,-14.536557479777935,-3.922470089873869,37.67016464899358,7.85131815046125,81.9444626642442,0.30247906556483856,Mauvaise
14.657319162773465,-17.357993508906187,-67.0354397877553,-10.69105017849408,20.333097182068315,126.18121255519944,28.607622724844475,57.67772740086534,0.7827922908080889,Bonne
14.734859414883344,-17.53983697819513,-101.19703086787226,-16.058351136836997,26.69140422480955,84.54895466962476,23.317773432168583,61.013902241896254,0.5495929436855566,Moyenne
14.69903393877501,-17.517895702888847,-85.20579587763285,-17.371355820134344,22.845308742801432,112.03741514679639,27.87844343672765,65.53282143712411,0.6142592694705186,Moyenne
14.676434284983175,-17.453158590536262,-68.73845419694904,-5.418363590141949,15.434164541889793,117.27121473394106,33.850023281636425,63.77520778763104,0.7750303559455839,Bonne
14.766773591980996,-17.37410129501077,-114.36196496051264,-18.69225459266528,18.49562295827307,57.20331503945823,18.6236792261994,80.88760335248038,0.3387194906845068,Mauvaise
14.747011960750491,-17.38711097154079,-68.45243320199518,-7.762236325295698,29.65671262380851,140.96222654295036,44.672931452934066,38.37849519187726,0.914007256828539,Bonne
14.694257273598623,-17.357125994729646,-82.16628527345526,-7.967507905949692,-1.826826902173159,52.648283146992114,17.92392697085902,101.40861978349318,0.4368121523039622,Moyenne
14.686939902071439,-17.426383176577733,-116.26896174921555,-14.839002406168657,18.353569002163383,60.46066627642941,13.54910927551618,95.86637395586813,0.36165643370413847,Mauvaise
14.745681598240948,-17.498687296087677,-103.44700381792511,-17.10122737589761,4.918919309970784,34.714267108144796,9.671331601429273,88.88328909038691,0.2711111119042069,Mauvaise
14.758754199138822,-17.544978672098964,-81.05053512450951,-16.96119894612407,17.40316388051595,92.53312199278845,25.580687649791223,56.93187118813116,0.58090158377595,Moyenne
14.743060560358455,-17.50541470185589,-116.29571691921755,-9.235957358679306,16.26682515593786,26.894500015031227,11.668744871527126,85.7195431539546,0.37685513370378687,Mauvaise
14.733198599254646,-17.414945360409277,-87.98062469030498,-10.00070772479357,0.37098912378567306,65.77574390452439,6.941989617033855,94.84265104905518,0.4196564862200775,Moyenne
14.679630214274525,-17.3647450353314,-100.97643186758738,-8.041560560480585,2.2361326009083706,36.08189490963772,9.17929851292975,107.67627098810549,0.3474984761965675,Mauvaise
14.76086451782594,-17.485819266538346,-85.84964652278876,-5.875263586412535,16.75703523151247,91.53999349375286,20.82585159794933,61.33893199210923,0.6640330767687529,Moyenne
14.747456057849588,-17.37485913394214,-117.48418814031179,-9.313016914267711,-0.5119518443679052,3.979362780041035,1.4196522152303588,105.2809758450626,0.18977274437487424,Mauvaise
14.717245657669634,-17.47102035033177,-72.0654756616193,-16.81807848827979,4.2813306295613,100.15489571172803,27.121327387815107,65.25397525220804,0.5210452804111156,Moyenne
14.71650640909468,-17.488345750126292,-66.45810669524317,-15.59180336528425,24.233594170830084,140.05216828793942,35.17514328725382,62.97898526339189,0.7772029257017763,Bonne
14.723992493614954,-17.448231151438836,-66.71171795928697,-7.209287767776397,6.448202710057352,124.23891511998785,24.748962628173903,78.99714631418574,0.686694018927697,Moyenne
14.757675931243226,-17.46154530151808,-78.76914925413914,-16.06971493832108,12.082105469438204,97.3267417992737,26.60821674708589,70.82370619530276,0.5528204454479795,Moyenne
14.746493741348882,-17.3672400262966,-112.84525679281523,-17.98468756263726,27.939911730104413,78.53716504808949,23.902972209485476,57.08631730589127,0.47272594030360926,Moyenne
14.761311849212964,-17.456348610518376,-78.29552422390375,-9.154079243408493,2.95021810929312,85.2399639011851,18.539171761965758,77.25887208232831,0.5348497427157611,Moyenne
14.715946760315633,-17.494532922555386,-118.64771959476592,-13.364631023138012,8.636910607530364,21.281119341894367,6.431928266038943,100.61393416543329,0.23884799670017037,Mauvaise
14.731204377672373,-17.38148688449962,-118.78320466590515,-6.11943926435735,16.226022144024096,31.824828467845734,12.088459942566368,77.8766107332179,0.40648749398268225,Moyenne
14.761094334896477,-17.350250097668088,-102.20143794677523,-9.896429004688738,21.436862532639026,77.78699198429258,19.3552689249125,72.81108291554278,0.5504692753007007,Moyenne
14.680201607822973,-17.420365716163737,-93.12462452774338,-17.73413431091675,26.557868534944678,104.8846652223838,31.53502441641931,77.06862397764222,0.5841574023745826,Moyenne
14.707722688433309,-17.49990772621273,-77.62759202057137,-5.73000805844875,27.041554565073028,123.53551431016248,29.534956018508847,50.293539034596314,0.8379490949895398,Bonne
14.73068479080732,-17.502236984597364,-82.41875428664221,-15.380198309036558,22.182402603041805,111.5836338463971,32.59438283695109,54.34152023293544,0.6521201785308821,Moyenne
14.768969013456553,-17.538458660756948,-95.47535114927884,-14.279025134312,2.9915792807658654,59.56470143383447,7.466637440052785,97.83175466772536,0.3471954681073114,Mauvaise
14.652058681435996,-17.534541392297182,-104.95053335450838,-13.36835420843041,-4.131673448510197,35.88032831287279,6.262963734194885,99.20574891118923,0.2196130233218808,Mauvaise
14.67763451056252,-17.36700338096345,-65.1581524913259,-18.282859850339616,8.432087562446833,118.93027045243501,25.035655343112175,87.27612227630631,0.5826993625495448,Moyenne
14.680478566008968,-17.53070257859009,-96.5600283770215,-12.048784088771532,-0.04579021542618378,56.658448819253344,5.476330852844907,110.74507641948301,0.3276247571746609,Mauvaise
14.692459648434033,-17.453131230344646,-95.17371366186785,-17.273541124945908,19.863567660340433,78.89682840585387,25.331593515823464,69.70580347173478,0.4994564679497166,Moyenne
14.686632260654688,-17.410375644061364,-111.0006898344582,-13.386415426363076,18.139570538900088,59.19302637569559,19.633760540397013,73.37656621965232,0.41784718697106255,Moyenne
14.72671804212309,-17.37992904344528,-76.28547481875388,-14.09006296811082,-3.4609925432490805,80.10086379027042,12.563153088851173,91.76769424678507,0.42316322626930825,Moyenne
14.765130634353117,-17.515745809949255,-81.84747758201812,-8.180238832028953,24.280782269583288,108.2501859859598,33.51176208103876,56.47294483780813,0.7456103700817953,Bonne
14.73280711933941,-17.46244426417493,-107.85767129661818,-7.755612837141765,3.706014320191379,26.169266539771776,0.9887715863095519,102.41606908886676,0.31922132761608635,Mauvaise
14.681398452664066,-17.499703960997245,-115.46904249112865,-16.85221964655277,10.127947642186477,43.86176114413625,5.713609608395706,102.09900105635575,0.2531901291303278,Mauvaise
14.76228787050911,-17.498835382006682,-82.57253838589078,-13.868283376690833,18.377680740950986,94.58125537959212,30.841214875010103,59.13678819025074,0.6146693192854455,Moyenne
14.732165952589176,-17.489232138502665,-84.00188321453757,-13.773055745554355,10.029657539828866,72.52707335369817,19.94909333019831,87.84660341352345,0.4951446455728072,Moyenne
14.678465076248427,-17.43257675711631,-104.97072601509849,-16.88025378489481,10.44507309799802,60.663764559444694,7.9851570839675965,93.55520927208748,0.3353693905745782,Mauvaise
14.697016649831646,-17.546684505662885,-67.70250407622743,-7.821650929283333,-2.7030201632490867,95.0738085437587,15.315410917720058,86.18803913639822,0.5623306088196838,Moyenne
14.75269542487617,-17.468246742736895,-111.69181595205049,-9.098803403304075,9.050524224100133,37.68192328158459,7.473029956077179,84.89688809926643,0.3529186794446583,Mauvaise
14.746061053593325,-17.51263397295344,-96.2215859426569,-16.334654991841514,21.76967626269942,85.59697038571548,24.063333109540903,69.75202864475696,0.5268076941792083,Moyenne
14.724955708035733,-17.356576298297476,-68.10112439078206,-13.865893279686812,27.031171801530924,140.7822360938925,36.97417377287498,40.32515758409197,0.8265447611998267,Bonne
14.668819775356273,-17.43345416814994,-96.91499756906327,-17.5187296520088,9.472399797218012,62.444894717500866,16.247225895694946,94.5398359832741,0.3652564273206435,Mauvaise
14.754427608650886,-17.376380906233937,-84.8810728784753,-10.205107640697385,9.82550394076776,93.99163964733991,19.961079096233355,71.44971510118138,0.5592230181734582,Moyenne
14.689980528711857,-17.51086200264608,-98.13230811204632,-17.300793056319325,19.591948721327825,80.26750266131351,26.44727403082432,77.11245998586705,0.47713143597229574,Moyenne
14.75030773206989,-17.387996860135242,-104.91816387082315,-5.196921639251151,27.99702003868468,100.96883563494573,27.15020247145018,63.37241476919121,0.6717068454520732,Moyenne
14.734183627549093,-17.467043507738953,-65.88122936220944,-8.070450954369928,4.347132908377608,95.51264001587732,24.357577592671777,75.07556806626398,0.6378761489679706,Moyenne
14.684342136613658,-17.51446106223012,-97.48662965267263,-13.53666030582407,10.40504722882779,60.92537801348595,19.658684053427592,84.47926517278945,0.41798511419178624,Moyenne
14.677607999657246,-17.397750959522355,-70.8245437976476,-10.900104948089037,22.85906352433054,128.33193325134883,33.04644788656597,64.50822113195228,0.7791327765080478,Bonne
14.667018290023504,-17.397597780476946,-107.35249667599027,-6.241214572970277,16.33927492809135,47.49817316170058,13.078486282991896,71.89557933291742,0.48816351195175434,Moyenne
14.681453010756455,-17.35082241862719,-108.27924127862042,-11.242610074458433,-1.1294779612615846,18.44166403974488,7.932541953496492,103.00967527961086,0.22999075364275628,Mauvaise
14.670517772918389,-17.39381254764037,-118.28762544135188,-16.557021190428628,16.9706457446793,42.19096265234392,13.886308361126689,79.45657888855982,0.3130547285536971,Mauvaise
14.730216662212408,-17.520946550414575,-84.15832460432632,-13.69815302186377,1.5361199609064418,70.19692953407437,15.03792398481708,91.41174105828811,0.4175852051576864,Moyenne
14.727841805467042,-17.485491051642857,-99.73105109519314,-7.195971889583564,12.857557692744145,79.5359459552164,15.194432737012596,77.40094508289387,0.5180297289950653,Moyenne
14.726202367817264,-17.459654616541773,-72.46029625881997,-9.98101777614535,13.518614368115347,113.57046485402525,25.251360367783022,55.536423262014594,0.6912165903278141,Moyenne
14.73344567519923,-17.52466943885804,-93.97345513196436,-9.889858619326796,25.66711767787447,106.78045606084646,30.616440094637134,53.91298968490081,0.6732711012626119,Moyenne
14.755921989415393,-17.39239220511044,-66.74936146469031,-6.864499200361152,11.187299590435334,115.42943866128896,30.422800595075955,83.47703338080606,0.7190076165055062,Bonne
14.768761852501473,-17.444660292417485,-109.79609663632834,-6.484377195524935,4.780484778256298,42.332050078375175,10.269175739304465,100.68939048707912,0.348792129754736,Mauvaise
14.67994881992723,-17.36111008618085,-72.22572576244141,-6.122903995087892,3.083822187561104,108.57150486367637,22.2585563307747,85.8831219609777,0.6191618308414327,Moyenne
14.72641068372196,-17.432138371094837,-77.28717309645421,-17.672111294455814,25.598815683951763,130.05811815173897,35.57574900678653,52.67998681580283,0.7044201247720004,Bonne
14.660183708762146,-17.44542018325235,-77.59929854457714,-11.382235972516588,0.9853799046379939,68.11068015988221,16.924579632879066,89.12714908569316,0.4728912907825693,Moyenne
14.665618516986228,-17.535714969413426,-73.53692245357118,-8.63286670294354,9.905399630910031,96.40759090853172,23.669717829924164,71.78556023818194,0.6408225156325009,Moyenne
14.73506411068498,-17.520130819011086,-78.14368049813507,-8.403024168221807,1.5510590224431446,78.51333562369797,20.366424691187582,93.2086018410689,0.5143724262596877,Moyenne
14.713255473019759,-17.38009478464717,-85.55788231027216,-10.505973172419946,22.065641404003138,108.33486716254876,27.379527562735635,64.41561990809308,0.6762558593763912,Moyenne
14.748583171288477,-17.35186480443484,-112.78153172746869,-16.66497730742856,11.603042399111665,43.06488193660154,12.758531216406364,81.13728423733565,0.2956767146863642,Mauvaise
14.705338072528773,-17.466964172820347,-118.21106012798114,-7.8361122448167,7.290029169488422,23.302837571249235,4.317110379985756,101.01873224514127,0.2906710601801572,Mauvaise
14.666587792888283,-17.387982783255016,-69.35336837013722,-8.91844133079076,7.638487421926339,103.43212794466692,22.09536515524906,56.84519798969247,0.6581362758447599,Moyenne
14.763366974998007,-17.42448284673387,-86.08423270135941,-17.794099198313493,24.82749723530428,104.22221134868053,29.54130291566552,63.290282183608035,0.6156084119984124,Moyenne
14.660775501248892,-17.358188145265657,-76.1904489963103,-12.506662454558732,14.382088400305335,108.449519596997,23.98898960132364,58.87592343321999,0.6438637512571912,Moyenne
14.6745654035296,-17.502372552911183,-93.51627066680975,-16.56431640669475,20.125374789594225,102.11298830545712,26.75062309576745,69.13835640527188,0.5419344214233571,Moyenne
14.68600699257504,-17.44103285139841,-113.54804960706831,-14.275321360018394,26.39634806877396,73.92044064895383,17.691523531032775,60.584714201327685,0.4884561996022715,Moyenne
14.779386478918505,-17.468240836331482,-113.11478142885973,-18.746864709120405,26.56095866142247,71.10442049087298,22.300186433038043,69.73889511326018,0.43540222805251005,Moyenne
14.704191776622878,-17.441656804811398,-82.29390920240658,-13.395381842249385,6.49781690182521,87.33252355014123,19.143127900961886,88.56154363273745,0.4925632771933136,Moyenne
14.715222108962156,-17.49622838331623,-96.33317578052956,-11.301723103813053,28.33579421012349,95.93667736213992,23.686045688942052,71.70243388906206,0.6454437403566178,Moyenne
14.750060577626602,-17.450450767456854,-108.97114003148148,-10.325843700420783,-4.12934412948881,8.424252518837296,0.6464886367684883,98.48723355535915,0.2033236683538102,Mauvaise
14.732734026094045,-17.425039170655047,-92.96229992922098,-9.711135168198059,8.189244635565798,58.360298556528086,16.962764883813144,94.17187612372639,0.4556316319039644,Moyenne
14.759384689952373,-17.533756823200104,-116.46850846086762,-7.29192161656556,26.352960012809454,59.70716265998845,21.96927802754515,72.56590643247698,0.5247759270455654,Moyenne
14.713236349616427,-17.401402549038476,-87.99157289470807,-15.983519298139779,4.612290793594402,62.26286049251244,14.81863141656776,85.53366346898949,0.3945423387906268,Mauvaise
14.776383099374119,-17.40869540736792,-105.20536275606963,-17.31325448586145,4.557850761246144,45.93278276239102,11.399283181690075,103.04027421496242,0.2579339964117777,Mauvaise
14.753585607006219,-17.373908479709705,-76.13424946495465,-7.078479593429041,5.591779977866105,83.9527485238518,19.939309900064025,80.5445214815354,0.5880413923699067,Moyenne
14.702177500480724,-17.464828689638015,-102.93009225920343,-16.8074205915029,16.430968469642277,57.45900636883938,18.517104374253563,85.05542979034779,0.4010499118736539,Moyenne
14.699565336982882,-17.537666173477056,-94.96289180050093,-5.353358861293266,10.341647146502384,80.78699566279825,17.757102479336005,76.31683760009813,0.5441889935386753,Moyenne
14.770833854965748,-17.457707774195665,-119.36087030505446,-7.204464788419083,20.43571927236699,40.34695717749064,18.309697770090335,76.03840839759039,0.43754203220065896,Moyenne
14.738974032655912,-17.522478165587607,-116.01542117129927,-11.987727517545611,26.3218724897633,62.645756646320656,18.79275932563297,78.90511846377284,0.4753810943283461,Moyenne
14.730786372488332,-17.42051063729564,-98.41285439763233,-5.260100051091648,18.596978123000124,79.50268636797259,20.11292002937388,86.13321929529775,0.5893016333142748,Moyenne
14.748517982866394,-17.54057369517374,-93.6033640905582,-17.63672579248794,2.1563352069151422,42.09340650851482,9.741567737957585,94.82238935784719,0.2988066561105604,Mauvaise
14.722908397654523,-17.47520071875446,-86.9988698534383,-14.757079343548577,27.643866582617576,123.27352457041461,30.904509010703098,34.149766815536395,0.7057776126802641,Bonne
14.670691680501145,-17.533431420302502,-103.95855817098833,-10.06485818943144,4.257250567161748,42.881904566933166,13.873282811406602,95.22880612205067,0.34197633169202557,Mauvaise
14.691498010070196,-17.549326713185682,-81.77599626304016,-14.099903841375497,0.2463003364855343,79.94047912084905,16.268987501465286,92.71378678986777,0.42409517263499097,Moyenne
14.722532832282166,-17.357888555219684,-72.69326815459374,-6.002784272268915,-1.8511452398663684,73.2853781597131,12.868285242479207,89.44138699183472,0.5379405724439917,Moyenne
14.652361816720532,-17.350774530394744,-77.10819561086576,-18.081234765510555,14.718430923315797,105.14593564796907,24.513692285752015,72.78359322557174,0.5694378722587817,Moyenne
14.706855591645219,-17.43889940969364,-117.82096460584036,-11.308234351146496,-1.018313813177187,3.9825785836705783,2.1681443915610497,106.62979399029764,0.1613222104146528,Mauvaise
14.748254374305871,-17.502208830010904,-93.5721179008194,-10.727872256468396,-0.14284405605792383,48.752819411291334,7.430244552674349,105.01840161927404,0.3531553411855137,Mauvaise
14.671350420587116,-17.36778019263827,-114.22884018700039,-9.861806267118862,5.501066820842382,11.17618733516682,4.694632586695262,90.3677783531225,0.2703284180371035,Mauvaise
14.658392663520399,-17.36539268058478,-106.68752412756099,-15.420672873354597,4.8578553389562344,35.233610690596564,13.094744291145464,107.10317804169685,0.2592908331600015,Mauvaise
14.7586837882946,-17.37909822176586,-65.73355737030695,-13.896070014721897,16.14838286162498,115.13800690233818,29.456996038110493,75.37299540205188,0.6968449385087365,Moyenne
14.730245602900236,-17.441126003086524,-112.16274514041677,-7.188472584690313,23.586084781543853,65.36217539395456,23.117298996022985,66.1482387145437,0.5355876757462639,Moyenne
14.67295526642363,-17.535059567820795,-92.56115156017542,-16.27080123441776,21.647237967101233,74.91132528575609,29.52263309950228,60.037586443312705,0.5421990258986795,Moyenne
14.754819647475815,-17.53231221449264,-86.00143461250346,-7.423850139572931,4.186955915076686,53.3587783145728,13.629980752670575,92.12446980473942,0.48016469889779617,Moyenne
14.735556831293337,-17.37067604245747,-81.36442662007428,-11.122824079361607,3.585867429509298,81.4005993364123,14.362670213959085,78.0960142997773,0.498067543797664,Moyenne
14.693435505054296,-17.374834630508555,-89.21932240821972,-8.32937484328285,28.802703553743868,107.55785137195595,31.106733385300306,51.8840871396389,0.7449286507028068,Bonne
14.698905515355026,-17.463120550163758,-119.4626033919449,-9.009496872311399,-4.711731544281395,0.5,0.2,125.17481134001727,0.1294933574161857,Mauvaise
14.670265461214317,-17.484369076104716,-102.04462804658044,-16.094839064611694,25.790218657107552,94.27133460363274,25.700634879180352,71.71463061682634,0.539442857558076,Moyenne
14.758583227247136,-17.421175215971182,-91.52585961384088,-11.03662168992578,1.990498169284174,57.008044733666175,11.742342118094454,110.24151012274727,0.38406766386905045,Mauvaise
14.716170864713686,-17.388602410348895,-115.16734254703417,-6.851875860728708,28.154951308141875,73.50214185059593,23.481636071896254,69.77464549556841,0.5676894311113612,Moyenne
14.722412479963676,-17.403663011589636,-100.71551878349506,-12.95037268477299,6.98075496896319,47.41519142741814,16.826927272749426,86.66222247779882,0.3623380767735184,Mauvaise
14.764853948975707,-17.42687941238986,-118.17382901647484,-5.467729216873565,10.412312086263832,47.366144395720454,11.380233246929446,95.01093422986847,0.37108060191469133,Mauvaise
14.652057980138903,-17.503697791111033,-115.67818265647387,-12.668988598575947,19.749221488053333,44.00942157562274,17.80481043810855,79.20156539686948,0.394750376322788,Mauvaise
14.658699998128029,-17.497499026155857,-98.16921980891222,-17.001001086649616,15.568416801564112,84.20512432285655,13.640519589071847,77.28790851819566,0.44947539578003237,Moyenne
14.671005267641776,-17.40518650372046,-112.70063352763168,-13.547914478912574,6.127876539738798,26.173747761704437,9.174419789453195,97.94582826703407,0.254488256053631,Mauvaise
14.653904915701458,-17.389476029509794,-88.78525334561431,-5.67616631053248,14.384082055373824,70.59715026390136,27.161901749910314,68.3615154572332,0.6041896968231408,Moyenne
14.735560300361172,-17.526772962380083,-82.07942669745039,-14.52390810924204,20.574740952701017,111.47724648572124,19.642951773842526,66.3888467198364,0.6412276987901874,Moyenne
14.732404330864481,-17.51254059045774,-75.96773154900043,-6.8466257618611195,-3.518276893412777,72.33640307151502,16.016647761387784,83.84176070575936,0.49953311341787404,Moyenne
14.677404247380768,-17.413905947564526,-108.99173656653545,-6.662490456453543,-4.608024316050356,3.0874246908751832,1.1491994562079504,105.76290263414654,0.2281712900372152,Mauvaise
14.66942283783527,-17.47220268250572,-110.78845797575116,-14.097388659352545,11.032342867551197,32.34655295924771,9.397294706704097,89.4584959693978,0.31290039069569836,Mauvaise
14.668939011180258,-17.437341426545796,-114.24876878160799,-17.83439278729115,-0.38571837687700317,10.808075172832467,5.146313814359161,89.87552517810667,0.13430104453639713,Mauvaise
14.773921383731423,-17.427037009468872,-84.99633627509999,-8.856189271776545,18.252050201265003,100.80831125684388,31.156835146422495,74.84741333278332,0.649826084377983,Moyenne
14.740155588721215,-17.394759306546536,-81.14383504322043,-14.638827813804195,2.4918359679601965,53.273846099410456,18.669635098958246,72.60091933552488,0.42775853287545895,Moyenne
14.72610574770046,-17.38885660985662,-118.26276203458968,-8.039069400393986,10.149788737848484,33.67785363708492,7.59930955060297,100.3652402097629,0.32353741112227274,Mauvaise
14.691923293334662,-17.49398075094771,-68.50832645659706,-12.802832124353937,1.9184827905994135,89.416826814464,17.534614220386146,73.80039667920421,0.5467797445361138,Moyenne
14.706295615728143,-17.441740654215568,-117.14157939916902,-12.206265607203298,14.196925501219358,24.599186148665975,12.372177962513025,85.59866550229096,0.32045988131871095,Mauvaise
14.661622764555897,-17.525295212275626,-90.22870155844112,-8.109268305520484,-0.9381289215400885,58.26348191918537,13.382772086612311,102.06934136705006,0.40410860375912433,Moyenne
14.77975974544715,-17.381596966260492,-81.0016714301996,-13.646913365137209,-4.191260152438191,59.72569442843666,10.554373814022227,115.90363251283915,0.35946131741730714,Mauvaise
14.748161110264313,-17.38091041233336,-72.0966981939653,-12.796217165479197,-3.2103926662655984,86.74415395198584,14.647731790773836,93.869679741715,0.4672636978117812,Moyenne
14.73078891038767,-17.49009885620011,-80.72521873271647,-13.73333343722529,28.399045453035846,129.06883716429172,43.091506010189526,36.706674169876166,0.7615299034608056,Bonne
14.726409735379624,-17.517875958515592,-75.90495543116145,-13.85723278611808,-0.019982348617245904,76.90949504620666,19.655233792940596,97.81476629317298,0.4500050186465682,Moyenne
14.715560868364312,-17.535981644359946,-101.33023941014567,-11.636747923379568,19.796738859789233,72.11023116248958,24.842519443482374,72.02782609198847,0.5173622006736085,Moyenne
14.68346556559771,-17.435004711617683,-75.18461874394183,-7.676807776983891,-2.6225828522010812,76.80268451534583,10.468717724903167,94.06394766352592,0.5002386981389694,Moyenne
14.679430752449765,-17.531714379920025,-115.59368344884287,-13.935243633084077,-1.2143876717686242,3.753712722955234,0.2,114.18020453155627,0.13838138274292647,Mauvaise
14.721439219434599,-17.41388103107588,-70.78508391667097,-11.660433912471685,12.810668799326713,104.46611423034078,27.416733707056576,52.115327788198826,0.6694686426931609,Moyenne
14.659126105892534,-17.414374719793173,-89.88241931154451,-9.609817443803589,11.27048255540203,80.62012526241554,16.427078356085396,80.72070789451377,0.5311544107082204,Moyenne
14.65968120385291,-17.427202518573676,-75.04862265206285,-15.227847751748829,28.305310830395435,133.8720604207286,41.34789154972268,46.86689391125311,0.7737068052461503,Bonne
14.722905768410845,-17.374687899627382,-95.12249435149349,-15.114680731366505,28.06924085572581,100.69878249846474,33.58653249575728,69.28286450820008,0.6152847481567348,Moyenne
14.769575566267331,-17.474343861454173,-84.60322676419113,-5.9322162216716325,22.28630248898628,115.46215816808449,27.388646362671334,68.68753866601516,0.7366383360992896,Bonne
14.76885534064688,-17.369546083475086,-91.04785364851378,-8.870515973364759,16.07356405445724,82.45476404455513,27.736501880962695,61.45252908333869,0.5885679446410315,Moyenne
14.651407679085903,-17.542614926230776,-79.76257630345674,-10.919386532873675,10.923611108755386,92.37111390596863,22.716869779759083,86.70111060309037,0.5771133266819076,Moyenne
14.663961248034168,-17.52744860241572,-115.51035098831757,-9.931919238111432,7.466248701494736,19.767704631242147,15.565920397302314,101.12311046793197,0.28085286072341586,Mauvaise
14.72580010018863,-17.467558887496313,-116.68063538051899,-18.589807796552144,28.148064144144442,67.3849676132614,22.29948090929457,56.721063339805575,0.43619773114207294,Moyenne
14.760301843834801,-17.431201396262285,-106.40932212944195,-10.346558482136244,16.101808399863994,60.10639248111739,18.756581385585378,81.78768802638146,0.4533003255949005,Moyenne
14.774078381265387,-17.543524872672126,-111.22504259377465,-11.866875774861173,15.267538469009807,54.65870558292718,18.958222343994414,92.95532422143171,0.39069998275869117,Mauvaise
14.76187568938595,-17.436513105715147,-72.05190383742891,-11.3595044830879,3.1165392619120205,85.11181130413988,23.796311189661722,74.34785077957903,0.5485144359263375,Moyenne
14.73808970758854,-17.488520336703395,-107.94323069530756,-13.968066424368562,-3.3655763740210425,12.102819313213573,4.396161993235303,120.3068794232812,0.16558534862859586,Mauvaise
14.6760682600866,-17.372570638437637,-66.32741092994777,-17.859365432018812,28.081600291584053,150.0,39.01910542029561,34.43206431723861,0.8155825257857183,Bonne
14.659440791617266,-17.443343081666256,-101.47073145258912,-16.29325072943127,5.980734059562888,47.47892867662717,13.214155933267186,86.95898405710119,0.3136964728650957,Mauvaise
14.656177051749134,-17.432421218356513,-109.98351463712154,-5.689574015022595,10.490615816356055,32.75951174006393,9.400648432828353,83.26275276068867,0.40727479858545296,Moyenne
14.729569982001303,-17.360875637777024,-76.56658210716364,-13.278206128206925,-0.9876019745002607,84.3140390106973,15.96677603693489,102.8530745652333,0.448351792192971,Moyenne
14.654704518521998,-17.397165794669082,-83.77107234745182,-12.466435818367902,24.29235154682522,98.58627555578033,27.356848163675533,55.759561298404435,0.6801053396878575,Moyenne
14.746101194340522,-17.462345346770647,-92.59923559507736,-18.262062942051855,-4.032885850042428,46.789805814393645,2.42460252645232,94.01316018655623,0.24976909896075952,Mauvaise
14.742621195855625,-17.4546240770088,-89.45500469843029,-18.474072786384273,24.189676673468377,92.18414907161969,28.77480231939559,65.95089180275039,0.5706581162124014,Moyenne
14.660349407220968,-17.42041522628812,-80.44390219502549,-8.959459741345393,-0.0900245524211627,84.15162529549855,18.568450717061282,97.61523828589284,0.4844980541466528,Moyenne
14.767860907454782,-17.509960156669898,-107.43498922677857,-11.466674702304442,26.029743942090324,63.06320838341209,26.395988454878903,73.24439239147695,0.5294534692626627,Moyenne
14.71785080752129,-17.532269831901175,-65.2016346168792,-11.878116220972267,20.54204230676551,145.45931097981835,34.31312061165131,54.41116302631585,0.8033230659459175,Bonne
14.767577013753904,-17.487752696810876,-66.38637608192693,-15.596256574082638,0.7634591877556787,94.01700415614563,25.54015889728104,86.84130078230474,0.514430510594236,Moyenne
14.767209307304482,-17.394323440412755,-84.23208725091847,-8.57348975718109,14.803629750081384,89.47989061489142,22.17412611469578,67.9774929229651,0.6207172755059912,Moyenne
14.675614428305325,-17.49853524024601,-109.02516519889701,-16.644687892481112,5.942971002432682,34.02633441848253,3.247773896694852,110.13957835958375,0.2394950652970099,Mauvaise
14.699475091631717,-17.523848159932818,-82.58744666627898,-16.34091358874572,1.238158461905421,73.13286030439907,8.414800707533265,100.58457042242142,0.3921050939748002,Mauvaise
14.667501423355496,-17.50619548030755,-116.02908750614533,-12.550029601124145,25.071376979388795,51.65810117968357,16.396210436634135,81.7768162389465,0.44566123190637913,Moyenne
14.75074714131772,-17.41420541759886,-118.31411237868066,-14.992081930432828,9.123296827753029,16.586300810400356,10.426242676675574,102.82166248814042,0.22123308574900852,Mauvaise
14.715536239019922,-17.427210388661297,-105.82744113188325,-15.535518262735952,8.949030002788387,49.18824900227834,10.320308555390573,95.25157295340374,0.3196746284146267,Mauvaise
14.770744984801347,-17.412337000540713,-94.5557373793376,-9.966672976253356,0.9460336182317004,33.488570062392675,11.950591375565935,87.27073488197924,0.3618466162878538,Mauvaise
14.677067977933916,-17.485608375463926,-72.24501220253907,-9.886395566940378,8.407298663002255,95.3242438361514,28.538204943964832,81.80644725298463,0.613833828565191,Moyenne
14.7394877959975,-17.369828774613346,-80.00570116285306,-7.4567610228009915,25.506589621509757,145.32898289944484,29.55232644032484,57.20746189367678,0.8105040102688638,Bonne
14.778600787610452,-17.45964592853437,-79.15114133400104,-13.152080062378339,7.709504867137257,79.1179657497585,22.129253135483385,90.93161946591566,0.5129037406586461,Moyenne
14.736499564036729,-17.447257393614613,-96.59786660535585,-17.976808725633898,28.306124687492584,107.57829847995826,30.621923187337426,66.29981886897994,0.5874702519722533,Moyenne
14.658940611267992,-17.360238404799578,-100.97357540991703,-15.168670611099593,28.12081147229356,85.89893859801768,24.76160267171522,66.47201663447585,0.5703073861065241,Moyenne
14.726495165460374,-17.354144546411007,-99.59286803584685,-5.279923515244564,0.0714530757571108,40.90739164895173,12.255146116218828,87.24295792982988,0.3845274658628389,Mauvaise
14.673379557458562,-17.41769145481669,-65.67927399451682,-10.65237994674217,1.2058938732925704,101.99186748067628,19.99325864657548,83.15541758205521,0.5854819538884889,Moyenne
14.653965361064511,-17.361037361484843,-117.79399447231346,-9.063680812785716,25.19359246161612,65.16904820176295,18.256357715082547,69.27312998704923,0.49628250278719466,Moyenne
14.693544890649678,-17.44169852273191,-72.31326771326533,-18.896990385244198,8.746632162365172,98.95867859767706,30.147838469266674,78.31461283712275,0.5257903356642243,Moyenne
14.684593530797029,-17.488543410886646,-88.17285252851836,-11.745119749444708,-4.846910620094674,62.32340657136826,10.314964408052456,99.13907233442465,0.34887636876575073,Mauvaise
14.752540216846048,-17.486981428806693,-95.87615194457253,-18.474598794554755,4.585513689687986,47.46687655692123,15.429078051237699,90.51698300074801,0.30649769152134815,Mauvaise
14.698578470340154,-17.43821188202353,-80.11082867716749,-11.03077703071973,15.917014761844598,103.51938408130094,30.167799090848114,73.43832347739655,0.6368110296599626,Moyenne
14.745284641450075,-17.428992775868963,-93.23320822164135,-6.109208105094945,22.97430880859888,95.41437909814832,24.498971290067093,62.33380645914997,0.6777546077861942,Moyenne
14.652111068953413,-17.46207658601605,-71.96172190550867,-5.44213217299429,-0.3313984017359157,74.02653099756812,21.330881743017862,89.81946493650128,0.5614533138341045,Moyenne
14.651925577346342,-17.373245703297634,-70.46139747938078,-11.432262544555062,-1.131052245414263,81.66654175439119,16.041091965433736,77.13580688230687,0.5146985403362567,Moyenne
14.653810749481183,-17.46466077625729,-96.80534902195996,-12.585132726468977,27.273242875031606,97.26950040663856,26.57552768682125,54.72065522075726,0.6326638585143688,Moyenne
14.678516597431736,-17.495315270600468,-104.77447115207217,-5.769760680521085,21.290192873790392,67.00681644402273,20.416070191503607,78.59059053274962,0.564758503076754,Moyenne
14.698618412053714,-17.548403624331293,-87.42073192736507,-9.56946235204627,15.642286027232746,108.19671950159716,21.48614953965028,63.59859199561664,0.6214781117821226,Moyenne
14.72901995440519,-17.355886144368473,-69.82001599108199,-18.09141008646227,21.92153764985748,124.44005872607933,36.37454005599302,66.69465510701039,0.6941768879359529,Moyenne
14.778168805157506,-17.38513734337141,-108.41357960468834,-12.479841912655035,10.009902645732346,51.15211570861794,12.86381095580689,98.56744196049503,0.3471542894787707,Mauvaise
14.696073243711863,-17.426888083062934,-85.73683790400844,-15.636569741499745,21.54595115581943,110.19095638001481,26.60059929881931,62.2714059559383,0.619140137774151,Moyenne
14.657235657878433,-17.38389154921931,-85.26418789491137,-12.422739499718459,8.013104694608751,76.96619289183398,20.790222622471607,107.14041082427758,0.47701886396973464,Moyenne
14.67533702101656,-17.387942153949812,-79.67878376715954,-12.623481991910936,3.543310037241083,70.71101523949297,16.767195395403878,96.83964726587062,0.46763336466889843,Moyenne
14.766720738395932,-17.363629843954836,-112.7637773180007,-10.849972760593612,20.515469745253903,49.186475486772444,16.909295649283454,70.42780609609898,0.44773065710431964,Moyenne
14.740919294719202,-17.472786463327925,-80.62962694248513,-14.005213135110482,9.68853022550439,84.16295625505198,21.70765338268791,84.68878223801256,0.5218685187005717,Moyenne
14.752726107125012,-17.439029551582813,-70.00321136338974,-16.700213707617007,29.348198651416823,131.405007729501,40.43299614580402,46.940871532099884,0.7918745482907078,Bonne
14.666141866737464,-17.53027439525595,-110.1174290121367,-11.947927915740612,7.231981380783536,25.236610034540362,10.690829760432889,89.21437239548928,0.30006876431287716,Mauvaise
14.667548308531977,-17.356936914856206,-106.93511712918672,-7.377159619159331,27.260459718587306,66.87140819464804,23.56528326103727,57.39688595678213,0.6009184738451407,Moyenne
14.664591980980838,-17.352974586143503,-66.57326982770982,-9.703828807053569,27.653689199847783,150.0,41.59827162251321,55.201953221789566,0.8841078248448964,Bonne
14.761431991360238,-17.39218315041376,-110.04626760097807,-14.262849877046978,3.4648531472661155,30.79875051197526,6.242021089504988,95.88646229727449,0.24447859213484538,Mauvaise
14.677295789130168,-17.459175803370332,-73.00881986467314,-5.902677681375998,22.937741355580467,134.04828173214025,31.538378530444575,55.92612020099384,0.8328745374992507,Bonne
14.733609726899363,-17.45068664981713,-92.92471789535809,-6.229094002511449,10.15760768005978,73.0538505503464,13.182609166364461,76.22726487501522,0.5366725181321603,Moyenne
14.717101627603823,-17.46292661340243,-106.40229090782526,-16.06912240862262,27.11336545306218,80.67857734949472,27.688089442401747,59.9370557758456,0.52154954056327,Moyenne
14.7207706885436,-17.491337872695556,-72.10875543001188,-18.448153808314917,10.754349542233358,116.60925751047961,25.327150507641214,72.37741698380687,0.5705325361283212,Moyenne
14.675406596590864,-17.444441718890246,-95.5082109748534,-8.621678083089328,21.050630106807812,80.85120031051096,24.940184309098324,72.6132711309463,0.6005213508445039,Moyenne
14.732581992149019,-17.53931098609989,-91.68504553386704,-7.4134563411118535,11.343859320732925,73.67649847682823,21.988344334758132,60.669994132802486,0.5519068038520459,Moyenne
14.655603069479584,-17.351622587612567,-100.24216468301289,-5.449896076681027,2.973026449949966,47.510843561371004,8.564142181117017,97.08209547075985,0.40407936900735425,Moyenne
14.779151395913491,-17.465189972967174,-87.38770317107898,-6.542290482763651,1.97725451306402,50.825739780444735,9.675184303844784,86.58734200801563,0.46426659833556505,Moyenne
14.653478657844055,-17.36452668319258,-111.00618700782374,-10.592513245110192,9.890091798972096,61.84237685378423,11.280240913187813,103.32555686256156,0.35972540756211596,Mauvaise
14.656520350293063,-17.405145707868,-98.49051548415316,-11.579267251026668,21.442312995497524,81.67927577015536,24.461823333635543,93.84351494221589,0.5425976414569945,Moyenne
14.692204164585918,-17.492011416627214,-66.68232227155919,-18.610225282323793,16.177501981326838,126.1309717056078,30.196891393401952,60.48430996871434,0.6623293983373358,Moyenne
14.75811129625004,-17.50558947636508,-105.80266120143799,-15.54680974417311,19.102025146519015,74.39455050399283,23.761698916288523,63.09053384981492,0.4533614784113341,Moyenne
14.683434597530976,-17.35086491324753,-83.87948345022893,-12.565393475739029,4.881422275617986,80.48736534992858,9.600676682188396,87.84679212608636,0.4725839546077803,Moyenne
14.711351551792873,-17.395574728989192,-102.11454646764179,-10.20094539883005,11.850237108516193,56.410369377213016,18.91524462598606,83.71777932257051,0.4368617245627246,Moyenne
14.652337053052905,-17.50006770517013,-77.45897808723697,-11.19847433354225,-3.446165726073555,68.46844130433438,15.850502612308247,111.45197734776994,0.42311541526702756,Moyenne
14.660254311142873,-17.536510990364548,-112.80194866049077,-8.603096144456332,23.613634558534223,49.430768146650315,21.419174492903565,87.03450326227728,0.4873249874269935,Moyenne
14.729035586310292,-17.410616690939726,-66.65984252068003,-15.083262967581428,29.64622567839561,147.51899284883535,30.413708444231624,51.415212949324676,0.8431211860445341,Bonne
14.675266601028426,-17.489396708637784,-95.04157522389984,-11.090663492865374,9.240767191863482,67.04853823236891,20.055652055750297,81.1380821324448,0.4558999558277697,Moyenne
14.740253093192537,-17.50573383747446,-107.01722451594448,-17.76600859252891,-4.616272140395983,18.389316754445517,0.2,116.04266455817582,0.12835311183434933,Mauvaise
14.752100852752232,-17.403012516970133,-115.9576788968493,-13.208682669835103,0.9427423842831582,20.526756643955196,1.551656119950794,108.98116703813218,0.18290928988696947,Mauvaise
14.760543445931397,-17.414147735469133,-110.66331522018525,-8.497748338635585,17.83844072126466,52.58523710242779,16.24297018345022,82.75526046570796,0.4566246232532006,Moyenne
14.667393913939913,-17.453717465047962,-91.41243282941903,-9.292388051993385,16.42277613713507,72.34612435681086,23.72384590965381,61.677869392706505,0.5747936528039929,Moyenne
14.70921611137415,-17.361468813445928,-101.46482529627926,-5.1310016795894935,22.57526518549404,87.11417081351877,25.208280902725736,78.5481628312632,0.6208055083068859,Moyenne
14.7731205884875,-17.414072326788503,-74.41141487645648,-15.109524236171417,3.8859403836373865,98.7611902467549,22.354684724744295,84.90728678380295,0.508670214342153,Moyenne
14.75037086051776,-17.371316087876018,-96.30118619860067,-12.025349811564292,21.727117044149693,92.92817413352809,26.951127291630094,68.11083914720413,0.5806051746741708,Moyenne
14.66520484964,-17.511889411530056,-106.32071500768035,-14.386574207164045,19.07944075332844,62.10459662674036,19.902139887281162,72.33185273872573,0.4443224117670793,Moyenne
14.715325031852391,-17.490670817983823,-86.05702573677834,-12.831556403171554,6.2985074199845155,80.65515950245847,18.53676416328951,79.55881919634491,0.4756942591091335,Moyenne
14.769909475639048,-17.529095973261256,-81.12725307130049,-7.002698181828567,14.09208518199367,123.69912396684222,21.19765990497366,75.31641327752594,0.6777103107449554,Moyenne
14.707205044718014,-17.489084000425592,-110.81269506544776,-9.421072947361187,0.15458329744143562,18.848803499145493,2.070684614845224,91.65599374816881,0.2546708838650889,Mauvaise
14.758864289149326,-17.355644334158725,-110.78094310414252,-6.6458233211338555,10.839757620245392,28.858018425487497,14.500880918746386,96.99175380572093,0.3826181438409809,Mauvaise
14.714459683754512,-17.35742875078154,-117.98307151865514,-16.150844483353588,25.841906884447432,52.422311790763914,22.306888247769947,64.48086904920292,0.4153223619545001,Moyenne
14.663885518041948,-17.397922729089803,-79.49788917138977,-6.772944350219868,9.741698293888678,95.34079299884715,24.166325845068915,61.66622702603891,0.632512161125013,Moyenne
14.669221140387736,-17.44579034744341,-83.49075098080073,-18.16332816150262,24.38483472663977,99.99695829873379,29.304371180398,74.00723185147281,0.6106345150870108,Moyenne
14.656067847865064,-17.393844040241554,-93.89530183376024,-6.559610073879867,15.658867784089303,79.05094705008275,23.829328202877512,69.46577453270247,0.585495595063373,Moyenne
14.675390916274823,-17.439302609757256,-73.57062530669415,-14.39296708754981,1.7156849585824867,87.40400009831197,14.967527256223711,80.92754915382332,0.4936275162030051,Moyenne
14.766169832983156,-17.54929829906571,-75.68814158774708,-14.59577313220307,15.338718564426372,120.28857034818392,30.4783328689738,77.66176437235387,0.6317351250731095,Moyenne
14.734525745972624,-17.44969058521128,-87.80550995817863,-11.830759926218704,12.709416520497221,92.63102496052517,20.382050675247864,92.5547435566174,0.5351424571603911,Moyenne
14.746051401534778,-17.43021531079779,-72.24507957177077,-5.830337371874755,8.95244673187344,108.00493652575074,29.033446081213537,63.712847753846575,0.6867070175612304,Moyenne
14.730815989591132,-17.4968503284994,-108.67873344797775,-18.331060894460325,-0.8129346169375387,2.318851820446511,0.2,98.39419403329718,0.14153142203297742,Mauvaise
14.700250107977984,-17.509341287151667,-113.84442093312497,-14.068766349009566,9.584803234653045,39.002515907377045,15.154027075418957,86.7498343141072,0.29259242426540466,Mauvaise
14.67819194726348,-17.49523818103887,-105.16377136656557,-7.0079921584333,-2.453316831613051,27.9590621020944,3.3909652520825286,114.23675398077802,0.2830406207443944,Mauvaise
14.770329895921277,-17.425274450096428,-116.86022291508769,-13.455237315903466,-1.5430832010437063,6.299009658890287,0.2,123.86047381668692,0.1298903043095055,Mauvaise
14.716927871602543,-17.520787177012892,-90.78567595994323,-16.211803433641062,9.55707865264506,56.93673116422274,18.4994849278282,74.83162357564674,0.42104833503347605,Moyenne
14.712542984557032,-17.405934339734102,-68.48668692377711,-13.052881461360235,5.6883518688962305,94.73514469387487,20.920269146503276,90.17327920299074,0.5709349047039537,Moyenne
14.77949353151716,-17.46546503580768,-117.83610526323197,-13.60226497911663,27.39405140517782,51.132141706588754,20.71621213758636,65.00230250897583,0.45509650855024186,Moyenne
14.699910898490502,-17.479330428158935,-113.28395472944852,-6.184173179466152,8.149703188309468,13.596615820499718,6.84252928069708,98.25717838818316,0.3347489762654723,Mauvaise
14.76103629093599,-17.38855374166393,-95.12905344441106,-8.332918739596641,21.525034272523506,87.30735647822986,22.66916469228502,58.50139647302953,0.6256137269643354,Moyenne
14.76210472784119,-17.448787350112696,-68.63687403596523,-11.928382219583911,13.558663422818494,110.05206401295386,29.928816334286825,66.9290212155825,0.680436813065744,Moyenne
14.680247127346513,-17.474319887761816,-102.61141422627873,-5.162812065898004,19.64299840248174,91.84903726244093,18.131407416629113,73.78603692576927,0.5969864630725562,Moyenne
14.662329160005521,-17.37436905688788,-92.10208552213842,-12.486114562137073,4.104059405538971,56.28439790793934,11.332528946112383,89.17898886668553,0.39682860586600827,Mauvaise
14.776830615043062,-17.476349673560104,-117.71349275222843,-18.184670368516148,27.96667404934152,72.17043566682239,17.258575622019883,72.89749591998225,0.4273511292431586,Moyenne
14.705366592337624,-17.378199943411328,-111.84112394708511,-15.328159494590212,13.553097392004837,30.42349187641919,11.830982753039578,79.29792250856131,0.32042886783924657,Mauvaise
14.650288641861327,-17.44916026030749,-65.73534323726342,-12.895013276929625,24.096342494983737,138.2018847985807,40.79487570261818,44.77623857829658,0.8191478893858423,Bonne
14.714872318397765,-17.508398580509,-66.91847169601749,-16.803363261954317,7.776599271663972,108.56697966837272,22.48435347624975,78.72905044247317,0.5786656566356231,Moyenne
14.730509047287168,-17.427436362377783,-119.72830104860748,-5.734088231463398,-1.492602783231641,0.5,0.2,122.70366201620348,0.19237772659995098,Mauvaise
14.750891472168243,-17.492935294746008,-67.65035180172185,-8.264115430551177,18.57990767022971,124.77661179909431,32.91007807800275,60.248278020069854,0.7872954577349399,Bonne
14.772582475369072,-17.52056897356476,-84.84840342014748,-15.243979194011182,-4.728412308190143,50.557282319420686,8.880780885816701,104.83092495822994,0.3149769549239774,Mauvaise
14.76897218176291,-17.532694125720443,-72.26449380139879,-10.728736530749178,11.635254179792788,104.54960501364849,32.53656839541432,78.29430644129827,0.6439374620727961,Moyenne
14.772217656607133,-17.501660532840514,-94.98930794013775,-8.899711800465992,1.7480665933260733,62.85525827270074,10.489804942251268,102.94193685147341,0.3967072014282497,Mauvaise
14.654176269273732,-17.402689071599564,-91.64221842814123,-5.822094995304829,16.958142655237676,87.15032426608732,23.801578447469055,65.8694007686377,0.6273206896607323,Moyenne
14.74253063739796,-17.382400155524852,-93.11343808586939,-6.657105111544251,29.279695559824823,110.1026308772021,33.737389916221055,50.693391513247235,0.7490322749297805,Bonne
14.67936153516474,-17.37765583080362,-83.32246583496426,-11.787308834065009,11.254101721222607,91.17724971776653,24.488741760206885,72.21877046447399,0.5596903858222076,Moyenne
14.674381849336735,-17.495970345258012,-112.31918098840279,-8.154863322897754,23.612438978398334,67.18328129520883,20.916856683609996,88.9152872821753,0.5112491694606385,Moyenne
14.754041413917902,-17.41780541341093,-118.35145255700272,-11.12997344641381,12.772446543289238,29.684327868674934,10.03432172529351,95.44227200342152,0.311705192654338,Mauvaise
14.704226859592474,-17.503929188017015,-103.0638532124845,-11.26214553936244,12.354401088640842,52.93428074422726,21.647817746816784,88.78909818460099,0.41777812393655533,Moyenne
14.769158009851703,-17.425447577206352,-81.24255804948443,-17.393612583265313,27.564822261257227,124.35182431453714,33.56119943961771,56.89828598197778,0.6941622041852415,Moyenne
14.655516561803442,-17.37255780139166,-108.89806013323783,-17.234072787773872,26.148805406133853,82.42534017707116,21.864772424375015,57.82945226241365,0.49033881696544046,Moyenne
14.75428350783333,-17.541821263479584,-82.96121616712955,-11.586529389685596,22.503016281579104,118.98187058652904,27.77813877372797,77.33384824721387,0.6846258835622893,Moyenne
14.667788473466738,-17.35295486645492,-66.65483746410013,-15.235938370293908,5.368951366087444,101.5014912376974,18.248663235705894,82.31164519261831,0.5668066326833525,Moyenne
14.672955036203447,-17.384582424508313,-114.835460631582,-18.70548336555344,14.075294550337919,45.073055584331335,15.125142220894334,93.75582581497844,0.27739744653075693,Mauvaise
14.712055723018185,-17.397667576741263,-83.00688349761805,-8.880251145397029,2.836403165698975,69.00442708112992,8.888867800520485,75.25796283062314,0.49620813790498974,Moyenne
14.701426692313463,-17.411727421257645,-95.59373793824858,-18.54518764633769,10.537084431628893,64.83577876371716,16.900982301038457,90.50241468682357,0.3756739003480261,Mauvaise
14.713202399796726,-17.395945222217225,-72.2521760092372,-10.666124224543235,11.94745730159267,103.2780283350485,25.46037660506769,68.93733938090598,0.6523179242879081,Moyenne
14.772203447864037,-17.35108092879189,-110.25676158039377,-11.451286882217598,24.10740140592658,65.32514701393387,28.00521000770513,61.282916945070085,0.5079858870546661,Moyenne
14.735460561623265,-17.395961740577494,-81.90557262756096,-5.436594331910738,26.36099278637476,130.21315266229334,27.29079084467512,48.32200845450339,0.819916979211309,Bonne
14.68774021963946,-17.479679843066336,-73.90365906935394,-12.221016049133016,9.511702183876725,100.12655312856565,21.08860099348676,65.82110985615492,0.604698389739985,Moyenne
14.67247813260132,-17.4272156294133,-68.04621792892871,-18.109579890710837,-4.380344422436698,82.64300074436633,15.709293253124311,82.4990066985124,0.4258794777662059,Moyenne
14.704606015767022,-17.482615396768033,-82.42135844406948,-11.276368450709537,25.162084392627413,104.63011719627305,31.173395607007365,58.347075713066566,0.7119918223155648,Bonne
14.708713333544805,-17.355986911348666,-92.6553879795365,-7.224653611374579,1.0997537475476244,48.211396668821365,9.691808058015427,93.06116703437155,0.41377107699125854,Moyenne
14.728168273286936,-17.36997205343486,-86.01840178893323,-5.044110020059842,16.765868736163775,91.36993520118322,24.386703760981508,73.90861947168176,0.6635436760897602,Moyenne
14.68458035146017,-17.436475954507436,-72.2102258536705,-12.975195568352985,-4.1260184848054084,68.3574311956021,11.059519825242319,107.67883448142332,0.42928578306853565,Moyenne
14.749776202122586,-17.39374524910131,-88.61646393486437,-14.515817605045605,8.98272663411975,73.49078787259857,19.34372490366611,82.2655617739026,0.45772675796765966,Moyenne
14.66279983191232,-17.368062611405648,-118.32871171667398,-6.306853842672016,29.50861057403724,60.42495290790748,15.27652227475744,49.97675111718373,0.5680093219162408,Moyenne
14.722858937268084,-17.50127994726869,-68.79782174711622,-16.3226101929343,-1.4757239613668913,86.73222194911732,17.810447547920727,87.08936763973342,0.46685165186728095,Moyenne
14.731059114921734,-17.434103628614242,-82.07602869326413,-10.383995189539027,9.82926031998748,87.1012959399774,19.35280209855807,88.72040395516936,0.5542346681341644,Moyenne
14.676888105538469,-17.45365673614949,-82.79176378225145,-13.319998061466732,5.750248256648327,69.10846322088803,21.096920284135727,84.51843036273087,0.46871900739636924,Moyenne
14.75738147556495,-17.395681729031413,-108.13786661812556,-18.424846890622227,26.67808431858925,72.33218112649953,29.09233891856844,79.54736716166516,0.4616919404978504,Moyenne
14.730006176276998,-17.474183495733236,-83.76129913720385,-14.137961359720231,25.42690377675743,115.07859328235499,30.489221439457783,61.718452069383886,0.684493903157291,Moyenne
14.733943887904235,-17.408204072058364,-98.33745768902128,-15.286800684962556,3.3194566107180083,54.93963059935365,15.07768722376945,80.89845882987524,0.3302605528762875,Mauvaise
14.714706655749247,-17.469401382197653,-84.18218626271793,-9.394723844791184,-2.158427453234909,60.627181829275614,11.076986748893054,97.7804402562588,0.4180801239775364,Moyenne
14.768247248232923,-17.5277850270711,-114.13738333306051,-5.716933032313147,16.949843792139113,40.57065447873594,12.018426918538928,86.00805154500031,0.4456699554132559,Moyenne
14.74021058559339,-17.528575713678336,-83.81850824683302,-15.24733937669907,6.772904915929841,80.24638388619437,23.64226645131619,92.87910823896223,0.4567982614463723,Moyenne
14.69963862343645,-17.526188735089363,-65.03224508261334,-7.639476851876456,18.522953671212207,146.15148181655582,34.76711112513589,73.88946772037147,0.8200611624554126,Bonne
14.681018765411931,-17.543496024813567,-117.34833786266942,-18.224962562862267,-3.8758085376264932,6.08986033892114,0.2,121.49468814854792,0.057496912592495064,Mauvaise
14.659238017727054,-17.443405365680647,-66.25541986782756,-11.466305859442617,-0.3310267687878703,97.08394493060237,21.640416733404788,89.80221479592315,0.5511059790589342,Moyenne
14.671496908833447,-17.415619463603253,-97.62006216024211,-18.012299108061477,19.023028147042517,83.89667202553201,22.971743052235524,78.70629473887621,0.4699923764714196,Moyenne
14.779048783770875,-17.524654319634863,-72.10856023145075,-5.923538124171049,2.432972935587422,99.80102580913761,19.257426750078874,83.69863554273391,0.6090441158088379,Moyenne
14.702879696478913,-17.42762839995568,-76.96879837679495,-8.271082072196537,25.015568651684056,133.78919441495796,29.592514142376615,43.91114046274062,0.8114597408029419,Bonne
14.766829339546062,-17.43045198434842,-88.81410564573326,-9.788701243135707,-2.94931893014526,53.651465590904195,9.038929561407876,100.42736273256622,0.37307452172558986,Mauvaise
14.672174016395084,-17.520581189720627,-79.38529349117704,-7.465450657254699,2.5418693974951116,84.67787761670994,18.864222126710033,91.08708753420775,0.5337169674486748,Moyenne
14.70529691327431,-17.46918348000775,-71.68164412842586,-9.934722862017717,29.9496086969774,135.38721360551835,38.507836365874695,36.698026674727906,0.8711725747604824,Bonne
14.774867400714347,-17.398972858045806,-97.77228230919319,-5.434778439559924,10.157663590537743,48.08432523672481,18.59704298854996,96.38977112838364,0.48033106466529363,Moyenne
14.66184719268451,-17.5466487948896,-102.01317611402187,-9.004588729893198,19.603798224062523,73.0419862594385,22.169012188536477,82.50389986148177,0.5341327260638644,Moyenne
14.727217956895625,-17.520610423220322,-83.28236379400283,-6.054779465848545,1.3932067099954786,67.75584064739046,12.192008414839622,80.55248299100465,0.5078299070835707,Moyenne
14.76949234709052,-17.350834325135054,-75.56847319323077,-11.760153511851067,16.34540572449382,105.87312659238927,24.035302516018533,78.0489032329815,0.6567247113167028,Moyenne
14.773458838484052,-17.40329102057019,-78.07431758728613,-17.36109821825392,20.413712392929646,120.70790624609454,29.4920520197101,60.08773061049848,0.6447264420635185,Moyenne
14.75998097202453,-17.45717394415615,-76.1202493127751,-11.605511900077762,6.006682255327869,73.70603198732817,18.98990497494446,75.61682451234299,0.5362085592767623,Moyenne
14.761271476206819,-17.424039717581675,-96.04291768528869,-17.223780407116692,24.011398919155724,86.47165972485824,27.201923482423023,74.2375760135341,0.5353549946286094,Moyenne
14.73478378403527,-17.380755805880305,-75.01911811037381,-10.70509129153033,16.119615246529914,106.82708534640344,25.872626357651914,66.78270650244588,0.6775548412820916,Moyenne
14.678655004052349,-17.381539082889272,-113.38850195461653,-12.245097152612718,8.619305336526057,17.387743069408337,7.501361074187823,110.1512809751359,0.26912713432749213,Mauvaise
14.744988210783038,-17.48505971290776,-90.05309961215328,-10.283944430341055,14.51748376701055,93.90254625151496,24.802862925438472,69.3763132005602,0.5716774278505946,Moyenne
14.777189980379633,-17.451741715490957,-119.68327367260332,-18.859342265232357,15.18662966025735,22.038083927782466,12.186103882652676,74.74293143652997,0.24847236250853427,Mauvaise
14.718371356907465,-17.422388980700273,-102.14777935548514,-16.272233116824903,0.793735244285311,29.229525125784395,5.695710700298038,98.61176511863975,0.23975075890657002,Mauvaise
14.683890656679997,-17.53562061669708,-99.84461558207312,-12.121373953230169,9.095632945343816,61.71925746360441,14.474253034220139,94.50997088093536,0.40317034641797633,Moyenne
14.72455123880945,-17.36084068012185,-98.21050196149096,-5.692950137752112,7.020070580682258,58.25065057425973,17.67710744896079,82.94948318543143,0.46740751324430013,Moyenne
14.73977934631128,-17.463451634867525,-81.74930363205758,-13.629473435027782,9.031595290269413,76.22397683416297,21.591220496792605,69.5021501656497,0.5163415448910335,Moyenne
14.677076440225173,-17.475827534548415,-98.62930443013099,-13.058791635249115,21.638870596984027,87.06783733683046,25.40580529561836,71.92018737940334,0.5476774565852879,Moyenne
14.743494615189224,-17.368579927710037,-95.3218507557608,-8.99425475390729,11.888844261333542,70.04881806713949,15.702839608834868,70.54095319288527,0.5095955383163037,Moyenne
14.726366271654971,-17.52634267024938,-106.93507280191199,-10.546901397994347,27.91106536337425,98.69679146038986,28.189728405096577,67.49883284904377,0.5976245683880226,Moyenne
14.729605488189247,-17.542147840522578,-99.4711514603863,-14.815033898623334,5.278674467545267,50.68791478098027,18.83447589753789,90.64688949278505,0.3351740391302065,Mauvaise
14.689778430866179,-17.412999517539948,-107.50017050052666,-13.248570462056012,9.549625239972514,41.21902606050145,9.685275065257866,94.96133329609447,0.33242589152931007,Mauvaise
14.670184685314457,-17.47299940637898,-115.9742241927356,-15.952202815998746,22.54348836676645,47.07877994892699,14.643781466163084,65.55688674186118,0.39407497889051657,Mauvaise
14.731048486389735,-17.39710483823398,-86.81032736402422,-5.475699572177081,14.11086076622626,80.69021807796678,23.02061469045535,85.69474745264536,0.6133055613230395,Moyenne
14.726210288589835,-17.53629107769465,-83.2482960794741,-17.171118658196963,14.14598512485567,86.16371415086009,26.391801109116262,72.19307818101589,0.5222024360909593,Moyenne
14.693941584402795,-17.473248571292924,-85.9280309694712,-13.794285016070127,-3.133094294818577,64.62494927355719,10.457854138161293,105.16212729224664,0.35214153480146176,Mauvaise
14.688466176780965,-17.502934957590778,-94.50782759096852,-18.638254388919844,8.950988195145953,63.38242880577719,13.028332891635198,93.67614263301063,0.36343562483914693,Mauvaise
14.695141780016097,-17.402078693410683,-99.11178209014236,-15.895087112930351,4.4756806347606375,50.98330870807712,11.118100227441452,85.07478943297153,0.3226895599897501,Mauvaise
14.713684834004846,-17.504565977914528,-72.5166492735496,-8.073404062677831,29.976729299089037,150.0,40.39716008195232,53.72313123123728,0.8900558816570807,Bonne
14.77672656556445,-17.45841093304513,-91.45050181750801,-16.18354674795569,5.792427472130859,43.251288716838374,13.825928113525618,77.6427931557408,0.36989676818690154,Mauvaise
14.749263400863406,-17.38622448977266,-93.6449967303648,-17.87911236459448,25.95737871778522,108.94925311155329,30.216181300086742,50.8388163816857,0.5961697429635193,Moyenne
14.760726166091512,-17.366921892907108,-118.58968638064604,-12.357655482176675,18.66818072641671,42.17706990000182,18.055468630985313,98.94189974221482,0.3579465206359443,Mauvaise
14.715734443957459,-17.405478841266845,-101.2313694805614,-18.86043071371674,6.9320743217231655,51.251207499615504,13.142164584321069,100.7440391662132,0.29023317097779183,Mauvaise
14.718396069531241,-17.46415431769341,-99.08924096677787,-17.813273838031336,14.023703243094328,58.96847106868027,18.0515146179589,97.54628729818803,0.3837715351818324,Mauvaise
14.676562205986814,-17.435602825051454,-98.06474705067048,-7.693237826118349,24.41875579822178,82.0864464227156,28.25849936669942,62.98116581042793,0.6330504812373714,Moyenne
14.74373595871914,-17.412062010569503,-88.09051969249673,-8.19937317196551,25.917890431081915,111.99266450342328,27.742538927071795,60.17511657073292,0.7266591220293488,Bonne
14.704805920752783,-17.37501347468518,-90.65185993002169,-6.188056514331455,0.6137856252150824,72.19619177204505,8.837369461064199,100.15287506722755,0.45089735797453484,Moyenne
14.746518091646301,-17.372285203047944,-86.56521989636055,-7.0367838972495065,6.885059942285936,80.63575256327816,16.721998141087006,85.21770050141079,0.5362447378161009,Moyenne
14.703177199570641,-17.36380610170233,-77.93142061518294,-9.435542114642546,6.732811307475009,97.10639094048734,18.961332335475074,75.67411528080007,0.5791652477659699,Moyenne
14.66410723433781,-17.387857780218525,-75.28578437061486,-18.26733999779072,-3.5284321373419356,69.42129213317949,11.770047048274016,87.649730376015,0.3753472275818803,Mauvaise
14.672496979412164,-17.520640412811666,-80.5032308075428,-8.040119348186796,15.93832159481638,96.21951702012497,31.472099758727804,71.62370149328292,0.6608059262127856,Moyenne
14.755504110149708,-17.40047209332275,-67.44619672247859,-7.162848648232153,24.91870185472658,134.93242966860763,43.35290207392397,42.92972719519971,0.8762423578486952,Bonne
14.683620143642662,-17.387081525287357,-118.99720795280011,-7.812849959192638,8.355103573893123,16.508763830452555,6.138434591478401,89.09269063637485,0.296918049755893,Mauvaise
14.684366074933719,-17.374425714464724,-109.23221078740497,-11.881293505687635,20.901258074446197,45.685498344939745,19.674763725765697,79.04130963934429,0.450007326415231,Moyenne
14.770817851700302,-17.365036621076435,-119.58404187620218,-15.739374258907256,16.969514476025896,30.846803019375272,12.460717016355991,85.2942237659698,0.2994982495464823,Mauvaise
14.73549263097269,-17.448168037296313,-84.38889072149684,-7.165380340357826,8.14770574225503,74.35147200948668,22.489779987409097,90.06586295017001,0.5480440946236301,Moyenne
14.664859982004966,-17.41898146097514,-70.60831980775072,-8.819720663638062,-0.06290701776960184,84.43717689612585,22.159989840368667,84.46252245770252,0.5489303545846967,Moyenne
14.668666085117152,-17.548089444676606,-106.60847368830355,-5.269343558556077,19.826334847158858,65.47226530218002,14.233677206036017,71.56689677390992,0.5507170217502477,Moyenne
14.685407766253636,-17.435443286461513,-69.01310003620313,-16.82030363141694,24.909780912943415,141.3968987133464,37.71029402658617,55.570628906454395,0.7621836165603642,Bonne
14.727219439417462,-17.455360323785214,-116.68529353407415,-15.84069583727123,19.004907234052215,45.5254124806347,11.543118303427153,75.40531296622964,0.3529414561016057,Mauvaise
14.747867311087736,-17.357538791061042,-68.60601852569671,-16.034825901658962,-4.374253058781368,75.9697176980108,21.200732848485025,87.73164081440395,0.4349460328894,Moyenne
14.685684537648916,-17.369658140279455,-100.6607522018201,-7.904443253301286,2.5681513036846937,24.30615471815105,10.887186732573443,92.75429154262517,0.3517075999887892,Mauvaise
14.763183464863944,-17.390479214113324,-114.42185443529308,-16.383297849698344,-2.568200529076383,1.7439775346346424,0.2,109.4076983862244,0.10811185041116068,Mauvaise
14.66419342325494,-17.538601163095947,-93.2770532447521,-18.066762382473716,14.963513485167937,69.57643135276126,20.10352664014076,91.20524742727056,0.43564926517017577,Moyenne
14.676987891845613,-17.469594231543333,-105.87728877537207,-5.0201487078012,21.476718759414435,72.69058058692518,20.109720285411406,62.56306308607997,0.5847422668189922,Moyenne
14.776160439748573,-17.41079155556109,-104.33199039209424,-18.65255903976791,-1.12972845259692,33.6504586017955,7.268332274606618,114.89507616701776,0.17941194958306406,Mauvaise
14.667516832274975,-17.544067851287146,-103.09905192905424,-7.306583157775881,24.341823720768485,86.92382769862428,27.08034624190139,74.21831420931787,0.6064198962388103,Moyenne
14.765454470004094,-17.50283724164944,-75.83357561920351,-13.884864218290861,14.442814243841912,112.02417182406042,23.12359662805298,82.44099986622287,0.6194289943476203,Moyenne
14.741511559802532,-17.372498561976375,-90.346129782861,-7.217383563390586,19.14891542496037,89.64120433543714,30.29935887620725,94.94076519392111,0.6213287664815892,Moyenne
14.659501321783422,-17.524043846540117,-102.8780765464198,-11.23531312304397,28.999064701302615,84.92975474988438,32.10908882312743,73.14806803036811,0.604170314074039,Moyenne
14.712881887756993,-17.53972529913227,-86.4316419178995,-6.377162787190958,-2.0711654113305937,48.947055887573136,8.673138838030624,105.19920602218049,0.4222633677633248,Moyenne
14.717467315908825,-17.433882848743067,-80.61171291772436,-6.033298190195227,26.542840804222624,109.98577831549983,33.584294424839236,44.61532287406415,0.8043835868552791,Bonne
14.771178152084058,-17.360707076914444,-105.00567995965564,-18.872625462069138,-0.5864056404406739,34.25236239176693,10.969953698155003,94.58374578637364,0.19217926807591715,Mauvaise
14.704743597100032,-17.383075052018274,-97.25479941610567,-17.944229536100963,8.75355823228388,56.77626915374832,18.78706672699418,90.39119968697189,0.34977966820996215,Mauvaise
14.708079270010355,-17.35504549905581,-113.29626486646788,-15.494977786008024,24.800354371589002,53.02633612121562,19.696326266704858,58.67821388632942,0.44345877319970955,Moyenne
14.66462288812223,-17.399295369260752,-110.03678577559258,-9.629584170910977,26.718898285825386,65.76332974746151,25.63337322232399,73.03361000919087,0.5436926447442908,Moyenne
14.733092433246895,-17.462526045183086,-82.53851803192595,-6.564189248838916,12.723008574080087,84.19474884242565,32.009219565839395,58.250745984566464,0.6348486059158124,Moyenne
14.677416606865583,-17.360676712082025,-110.02089087674052,-12.56081268188452,15.79366233963988,50.89600606894188,15.86373177644237,92.61614070355432,0.3908061007519824,Mauvaise
14.660079323569082,-17.46467334430934,-91.11601389831169,-10.502376372160285,19.7851567109495,99.21283260333462,23.061060078935498,66.72938436344218,0.6157657592818648,Moyenne
14.779599470009202,-17.479981076731153,-81.00245560526619,-16.361002060862145,24.146553395844997,113.80501586597279,32.068987471522526,59.65870583194831,0.6648490022832189,Moyenne
14.685051851635166,-17.460360816446514,-114.1217692297891,-7.730464325656406,-0.7471090661816842,0.5,3.274060709738592,102.41377047469558,0.2214856058888454,Mauvaise
14.668336911466744,-17.387205209123508,-88.7978279204103,-5.457406441051424,23.352425788022966,100.23510143007707,26.693848062472178,48.07741517917191,0.726497166371089,Bonne
14.740933748697632,-17.366461290030223,-105.88904689642499,-15.239614939195636,11.844665267906585,48.42839961111313,15.554974477228516,96.9451019618761,0.34543985183761283,Mauvaise
14.756818680269847,-17.478463578008064,-67.03902186193311,-12.072436677592352,10.771819878785914,111.77794074480136,23.31341308429105,81.77262316720734,0.6555518414771364,Moyenne
14.658330074106425,-17.457550508693547,-93.40498943040414,-17.794374452910766,9.83649131989494,61.86481127629721,15.19719602225897,81.44925527419937,0.39271634395119726,Mauvaise
14.663701129971072,-17.370334535339126,-75.6704097623663,-11.172086809518444,12.82240548361149,104.744627017007,27.76577475016423,77.39575323388081,0.6315791971702253,Moyenne
14.661722597065665,-17.540591267094268,-89.7375401814056,-11.961031814146473,28.07676936881112,110.12884935042473,25.980986940049068,53.947284603613724,0.6981646378902772,Moyenne
14.656104709431927,-17.39322626117723,-117.61231069298495,-16.977889221828914,14.187132047725306,34.23469340436302,14.476186466847311,91.37147369915776,0.2724707419222774,Mauvaise
14.735729342222456,-17.459156448353134,-85.17667434232877,-12.811073016346949,28.361213839209874,121.22321218800457,27.005069570514735,60.696917670515,0.722967206532521,Bonne
14.726480714666117,-17.474696329790067,-67.67281617863387,-14.322534870788115,1.3101545715474208,90.13785905423444,15.037648800932395,89.05923027680986,0.5203887785293683,Moyenne
14.73616486535279,-17.460615741632633,-86.91134989195179,-11.694367745727348,20.344759259142158,95.04753834436104,25.32542279004873,77.35520139585404,0.619476375069926,Moyenne
14.715736731225643,-17.466261864899685,-74.94461273152655,-10.800839303996812,23.42838385130615,136.49191237570037,34.02984576833806,61.07638374300102,0.7730509929386807,Bonne
14.756275999102725,-17.39867627636244,-71.36864451583757,-18.881061899499066,18.769509096720167,126.68716579423995,35.13542159654313,62.06325423302744,0.655586588168284,Moyenne
14.721066879324814,-17.36441049555117,-107.45561254280871,-8.345916238706225,16.242279807928913,62.425586780625416,16.932999765045974,75.52448217014407,0.47672744509560455,Moyenne
14.76943710152395,-17.451708834910686,-108.33753380504754,-9.01779991393563,14.76844733801638,61.17192389012449,14.680115482116856,80.24802089645709,0.44768267337007017,Moyenne
14.713134309225518,-17.383453242843498,-86.39604561319545,-13.87199059310869,25.13256689025436,113.59940968307484,32.09292460251406,66.17303805338197,0.6660004503407049,Moyenne
14.752785625957507,-17.403611092857552,-97.39343416063124,-18.258896902036543,23.7576309007575,95.37353316153126,22.92994321290551,54.55174995991061,0.5367486102816083,Moyenne
14.702956845978873,-17.483863842888706,-73.80762834233039,-8.430944443009295,-0.7198947586790165,66.45248100411823,17.08164922714827,99.06774384350167,0.5022922066237372,Moyenne
14.706579106320937,-17.432537237094692,-70.49872821310939,-5.627547753306146,24.700567996080736,137.18652900584374,32.017503948802144,50.89448269326993,0.8711163820773836,Bonne
14.760368965880929,-17.416636864996864,-100.5618241383505,-15.6378776556918,9.492401680415487,52.5679546311205,14.695814278494403,81.41461127441292,0.36456128614109556,Mauvaise
14.663995778596496,-17.545300125621907,-106.97211925640349,-14.47065540768147,3.879389049853378,45.3276480910193,7.885821617607934,89.9165155813351,0.28108221312177273,Mauvaise
14.723439308147817,-17.47080888975515,-77.0710966615876,-16.42661954725459,25.441899880487405,133.28409969070228,31.421642320437268,60.458275950219154,0.7156387407901647,Bonne
14.744423740811241,-17.35147236483051,-104.88566804485251,-10.922894273172245,10.120867987180958,42.89253877176721,13.86974568494151,88.91220460770374,0.38220740475625403,Mauvaise
14.747554680004217,-17.422548714585982,-74.7562124817477,-16.83222047493563,23.292764156188582,128.48232036163972,33.61590950019925,69.740547583961,0.694508533776599,Moyenne
14.726894158532097,-17.483151186141647,-96.69439604931804,-14.013284791540688,4.219126418454557,51.39923022066235,15.63671191267428,83.50109603214936,0.3553034840664852,Mauvaise
14.708248382940736,-17.499995192119854,-83.28475553896912,-9.241817804920318,-4.862473750222377,58.325619548525566,5.62970372701678,95.66029425835252,0.40054780834720316,Moyenne
14.683901717702678,-17.50810367957985,-114.74555773909324,-11.158376237869122,12.341071751603053,27.46395559175038,11.249658294348373,89.62023126532839,0.32903288422088417,Mauvaise
14.768225410596035,-17.46967171820696,-85.68773714278848,-13.589524099408907,-1.4920110174990509,60.22695654416729,9.68409708866426,90.63344318699401,0.3750003201311987,Mauvaise
14.698072433177773,-17.51134686187848,-95.1527776694524,-13.116505574694413,21.403158443371836,85.2213840543687,27.28802490058082,68.90327744366743,0.5641663963083633,Moyenne
14.753868971509334,-17.522962763589295,-87.73653452534893,-11.130447643274787,4.662629762429363,68.43274894421035,17.817789945404826,91.50976500033006,0.45054795111094,Moyenne
14.654116529685144,-17.477187343114608,-110.75921857403252,-18.91789380957974,10.527597631121756,32.96944236541087,13.12723137607971,94.97888558778209,0.25402785079446627,Mauvaise
14.680181997909258,-17.428600061470842,-79.47194402806998,-17.900861841649462,-1.9538252217956016,62.30953933751702,11.705642160710195,106.54706717022103,0.35022683450279873,Mauvaise
14.694926023074936,-17.520720163582777,-72.54616073512243,-6.662387051317838,5.033073695653844,102.12841030453319,23.78840707848513,71.17168972663707,0.6317062251150379,Moyenne
14.737304628230326,-17.541131345227427,-108.07931099500735,-17.90969415272193,22.352158514050018,58.55710786986626,16.228359325352447,76.04475058756577,0.4190114688466536,Moyenne
14.691513004931046,-17.543073436387264,-114.73569944639111,-9.104749653052927,0.305576916581181,3.7384295659610878,0.2,102.027714510957,0.2159312328836432,Mauvaise
14.65537729410651,-17.496523149512807,-118.6998777674515,-6.1194657024732635,17.650584639443508,39.09872701649484,9.98283902929666,88.14423354032094,0.4195810734246269,Moyenne
14.672602777087022,-17.51197354189674,-84.69156747562036,-15.210429539775765,27.10990484815754,110.06902198627284,32.23446034626243,59.607996067432985,0.6787521045609075,Moyenne
14.683691495808013,-17.44214892794197,-86.60982801511706,-13.8131198811668,18.79428659152021,89.27163649923902,27.868054011738053,60.76706631281573,0.5904132132702393,Moyenne
14.672886172391657,-17.458855962589823,-89.93164230072615,-11.035100318173972,23.38575912522794,100.72833410888778,18.96585916037683,56.51995751893495,0.6557023039081943,Moyenne
14.676484192818348,-17.485046677132196,-107.24290971362134,-6.656074425059813,-1.1859929743629474,9.274540682888178,8.603015013817826,110.01284404299433,0.2704646077259804,Mauvaise
14.749964402287535,-17.38329143316981,-98.5001702251967,-5.813321778354117,3.7756139100719057,38.03724055800032,11.561206746766793,95.2264532131909,0.40833012307720684,Moyenne
14.70356437371356,-17.449010601400694,-87.30380156476048,-8.646114526442247,26.308859828420687,126.6340216601377,26.156554289458988,56.697332218500414,0.7464748436258569,Bonne
14.702673301806831,-17.53169400158318,-92.67782276274568,-17.787323348034285,20.028696476633122,92.18089472835067,24.88569047755094,74.92873981414897,0.5187831073902998,Moyenne
14.775658823765733,-17.490847129185262,-65.6717963881812,-9.631841822512088,17.384383923205892,123.15420716834443,35.46151625441596,67.06791868909035,0.7670171886835047,Bonne
14.708071238932746,-17.355332146760684,-112.49581360937968,-13.25574789378273,18.2318357642595,54.566509018703115,18.18707331761754,76.86150515264393,0.4049330104680364,Moyenne
14.77059555722921,-17.3546045358484,-81.76704952738234,-12.410186007125137,9.49701940066252,90.52869842066809,24.326665433541844,72.68292002525453,0.5454821008331622,Moyenne
14.68887820276817,-17.499065672890577,-97.76246775426394,-18.311922535167522,-3.4405178933821374,40.87808439170894,2.276033872448793,94.71448372545262,0.2197699737097673,Mauvaise
14.702081413787543,-17.516552774241017,-96.44902117909119,-16.325130049150985,22.455453972475517,85.93032370484217,23.71964466263573,68.23205693073719,0.5328939537518742,Moyenne
14.70151683628877,-17.450862370756553,-80.5321228888003,-7.932809494528932,18.754963267537384,114.41729924629736,25.168154584625466,54.59722450821927,0.7154894912662574,Bonne
14.720990248200904,-17.453707016366632,-81.91601167715967,-12.644576337329962,11.548156243945364,73.5315204376619,27.565845898888824,77.49021417903063,0.5395373872399487,Moyenne
14.725952147811013,-17.467972462546197,-65.48092034637963,-14.776728617163915,26.49158653788901,139.2151434431266,40.54387698574933,58.11288733422174,0.8130272375194515,Bonne
14.682256253775495,-17.444128554501212,-112.9383140800231,-13.623732964490586,6.765588274478461,28.847013826809285,16.74853063099976,94.52273958945028,0.26280090152702007,Mauvaise
14.753165952554225,-17.503560924296362,-114.27396928387085,-7.038406813440478,5.301261048093258,24.973842576068396,5.312164884058798,95.71188646609002,0.30885526334881436,Mauvaise
14.714548374107983,-17.527014131691264,-80.16136505791923,-8.514013756330604,25.5478713777805,113.52716385574918,30.653009559127707,72.28835253618811,0.7568253241048224,Bonne
14.650915661957445,-17.435907708304715,-88.1887195646475,-15.18758443946484,22.89456791656449,103.9436725033335,27.731665778183064,75.71014327440226,0.6069299247605128,Moyenne
14.726874282331169,-17.363480400643525,-104.92116333921068,-17.354974237026774,13.024293372692068,48.6918870792279,19.529669856428356,78.8637298164326,0.35048348639590726,Mauvaise
14.753747727398787,-17.52245014467594,-115.63193470560574,-15.472024896982996,-0.4242841189752511,6.361470008702408,1.1334649016292717,109.74047383255973,0.13404711990099094,Mauvaise
14.68256067591601,-17.409037055153707,-115.28879627219632,-6.109409685233729,2.527501501276836,23.26223974514001,4.791485149345904,106.97088215948544,0.28028070228213803,Mauvaise
14.654923231217051,-17.462420662523925,-70.8195018934735,-10.857756270103426,17.96797966430823,128.81430608482032,31.08083221096049,64.34288770384097,0.7382830328149338,Bonne
14.754933225234593,-17.49120468205424,-109.44729714046915,-11.53127707757304,8.476443324414408,28.915998891125167,10.745446611532453,107.90165064073324,0.3100761652101001,Mauvaise
14.776915973076312,-17.379378156321515,-102.21456408364637,-10.65048960430554,24.276561708308993,72.33035277825833,22.261300385152634,68.70720658536364,0.5639380144763327,Moyenne
14.659953269906438,-17.458701661092565,-107.53389787751566,-13.875604279548787,28.248425326627142,76.39983709705115,24.72516026777742,66.74033759265218,0.5397939420316846,Moyenne
14.771944784952343,-17.4333375971864,-100.47520317924345,-7.700501715526821,23.197292384622138,81.37276895514701,23.531475752446216,74.2469304533599,0.6011308376995573,Moyenne
14.696705673556888,-17.461388742612016,-116.18168864896487,-11.673992509796502,8.2140898048445,19.6561209978508,8.0635778572295,106.30139189363322,0.2613722435196279,Mauvaise
14.772387149116451,-17.53375008366609,-91.45171150004512,-17.365529361236863,22.604025023099844,104.06528003852033,29.645268945612223,73.00282869711337,0.5652327790310059,Moyenne
14.734349112120318,-17.431019062619963,-116.28130900242817,-17.193088252393117,7.300458571473921,25.70181057248839,12.69374695305536,102.4106253415223,0.20250410018803586,Mauvaise
14.765731760618293,-17.466231804992375,-75.98039206977012,-11.483971948963344,0.848503071797186,81.7790205039806,14.479510637829367,76.53367368772922,0.5015224220306191,Moyenne
14.752158293256683,-17.532648678786476,-107.14583549492619,-5.888016947008252,-3.831237829694991,6.057293367675721,1.6411102216261946,105.67425714182237,0.2562249073499738,Mauvaise
14.653639706566683,-17.430837653116207,-90.29934469675192,-14.683070296533216,8.5000849466357,78.82960964786338,14.870253123563257,91.28995584589055,0.4419410455450254,Moyenne
14.658507525302257,-17.548025813592155,-71.59565018411979,-6.826423635970944,26.624575629404866,114.97519536788057,37.1400299878083,52.94682627992155,0.845200003887771,Bonne
14.71834679866541,-17.50829592234908,-84.20174470240431,-8.302661787895689,3.364530571448677,76.25853876360497,14.269512381639633,95.78947138663742,0.49397241620020654,Moyenne
14.666850472579839,-17.39378609261896,-90.68732173967656,-15.530625799303305,2.22796077254244,63.761968489000886,13.538400433118877,108.78747819466503,0.35025013490626267,Mauvaise
14.70993445109043,-17.542414515028256,-102.16164357865435,-18.491229523572606,28.94372748343641,86.75345138493674,30.814914717210826,52.035815493108885,0.5457603814772253,Moyenne
14.77410193881338,-17.420663580388972,-101.68489478179912,-17.57413828800664,-4.124856050229276,35.069248508462344,0.2,116.63628252056725,0.1799906243720786,Mauvaise
14.688318447382082,-17.360058610758536,-83.17821746409955,-8.801084926135838,22.502375263781403,109.09700041495881,31.11462624101421,59.28396478960178,0.7154291789765902,Bonne
14.713558652796046,-17.5157615083654,-65.32233513283579,-16.204623667430948,6.247948450930462,107.94738080265962,23.130185472465158,84.13072153267132,0.5764634889089204,Moyenne
14.699953751908849,-17.466577627958085,-83.59884455828418,-13.802207112924487,-3.6879215095619235,59.22235153102677,12.540126151860356,98.45280421766962,0.35907593081076744,Mauvaise
14.731877505352273,-17.434900460525803,-89.32191204464863,-11.976211675910053,27.12308890733543,133.89152663325663,28.034084706257175,75.23857226096625,0.7016631406341254,Bonne
14.675199840984703,-17.45991683225323,-79.81422193684146,-8.84344564169772,-0.112518442664574,80.8462570867044,18.575042377160912,93.11462118140298,0.48867792036794244,Moyenne
14.683792107717457,-17.425924462763646,-94.4136913243955,-17.414762874372244,14.31227493039934,79.73032421502967,22.713642341861963,73.32486239857106,0.45292723490767517,Moyenne
14.76163982067732,-17.4691804949666,-116.69217115695682,-13.31087032611554,4.591897260034173,9.504667660432197,7.077124622716964,105.44181783891688,0.2004240482352067,Mauvaise
14.755473709101844,-17.520299174195618,-89.07367512671496,-12.208979272002264,-2.7182519235358136,50.28696704134888,12.301114512604988,102.48024874571803,0.34297462300105475,Mauvaise
14.752594659553182,-17.53219112803511,-67.33060935220408,-11.428421104398446,-3.252713001781732,78.52754534691852,14.920526223964838,99.95734916386984,0.49527770321736414,Moyenne
14.750219549211327,-17.40111136876457,-110.35833817032872,-7.542951020466965,-0.9555155407281424,23.056680807247396,1.8468494978073786,110.58339632250672,0.25934640515972496,Mauvaise
14.709726874150006,-17.50227521009562,-82.04973100486339,-16.596505269394964,-2.502154513871698,62.63488406986769,14.788394591040062,116.22591238496332,0.33931424314938835,Mauvaise
14.744755800429187,-17.380509937446657,-108.9486471237519,-7.690359674427288,21.6195340431973,55.03019453910521,17.69845990861911,73.86831046199396,0.5154069132587963,Moyenne
14.700336626323375,-17.401394551235633,-90.52947735398052,-9.299702012246868,11.994817079920022,76.73851932542118,24.047960022025094,79.14856129915943,0.5343227419740992,Moyenne
14.663092245424632,-17.540109363131528,-114.68279526943041,-11.21780860121457,7.001223197214289,18.246354678666428,6.791104679906263,92.97445699471925,0.27151456777740735,Mauvaise
14.701138703414356,-17.509757776587254,-95.22959850579981,-9.206609814363993,9.642911854620252,64.6052360200812,17.925361990786104,86.03858943797498,0.472797310872208,Moyenne
14.670626195749632,-17.491601468688092,-78.41101691076148,-13.23175165467681,27.513135745041815,120.85492421086707,41.113087660528016,54.61504053544776,0.7517805773703444,Bonne
14.700810718482225,-17.431103550234795,-100.88356616685599,-17.062433796446257,26.87631344583515,88.47046547490163,24.38550119148078,66.02045019056301,0.5427134710028837,Moyenne
14.688665277997176,-17.388034599936972,-83.42985515320301,-9.679286636284857,20.048676804290192,110.27035874361604,28.039909711916426,66.01278869688707,0.6803030803684349,Moyenne
14.72789088671883,-17.537933348968316,-76.2502521565649,-11.654587706401289,25.96388320975907,127.87792181795697,37.649679485945555,49.08460724297312,0.7778953977889099,Bonne
14.697000254014796,-17.50007820962404,-69.00521992863011,-10.048752792401142,6.187680965566868,97.93938191508343,26.03338186750586,71.33627459143109,0.6203358397223355,Moyenne
14.741726656239292,-17.474758047524055,-107.09468549795005,-14.26801706560114,8.338826410289899,42.24289724252441,10.370592632202337,89.51686170098722,0.3179902289552607,Mauvaise
14.716579068536195,-17.513324569082368,-98.03762463048805,-6.303867917242297,16.47992636489798,77.8733518243091,18.672588522192203,86.17733545474336,0.5603602107545165,Moyenne
14.769533996207002,-17.44094158049873,-111.61711926682705,-10.776821839941922,16.826908155404247,41.04724739814843,15.013436167758352,93.52442973643807,0.39961569604849734,Mauvaise
14.66183330659555,-17.45439950412834,-65.41340738128936,-17.804365219927767,11.859494330431932,120.60144535031358,32.75052674630516,68.21702496745202,0.6301888034001915,Moyenne
14.739402194523374,-17.48670087158977,-69.01494676416377,-12.702744130137999,9.023024695328365,117.26096644371754,24.323568350192698,66.89182773867458,0.6384346581322733,Moyenne
14.737411594084104,-17.44662262261593,-90.30235783456922,-8.411015233589119,29.516310906304327,116.1078692000547,32.28993946976419,54.66383687419576,0.7509599520622456,Bonne
14.77358145116365,-17.478835687129777,-73.68816880929683,-7.882116135748188,23.739326914120355,128.67080002577393,32.546310343860085,72.65794176657572,0.7982994325894747,Bonne
14.698301742715675,-17.481361186506543,-91.34731125003768,-12.075641261307378,10.224306926081582,76.27608478069027,20.302101605131877,90.78400304853571,0.4767244265442565,Moyenne
14.689706936062581,-17.496920894928603,-85.70278715984821,-6.473534008361785,20.455236703384898,104.8357068838493,27.789265299173522,70.33486436945323,0.6974213825016073,Moyenne
14.672411147747775,-17.441912413137125,-115.09815623361908,-15.252641879279835,4.434659263836082,25.23126180379824,2.809605370643892,109.28712667217863,0.20012928054536663,Mauvaise
14.684487506996188,-17.461176921109537,-78.46012687267557,-13.251618238664268,-1.494073581693454,53.43818426520105,11.586631745273147,105.72329299780534,0.40117771753931203,Moyenne
14.715245800458169,-17.510735043174556,-112.97575840006209,-6.419643252034419,7.335085894345923,16.183733439280168,2.597227986353894,87.3470414155667,0.3367852618373071,Mauvaise
14.758902685054796,-17.54740674782036,-74.56628033611094,-6.452405969397896,9.104048004318797,105.4840526331149,20.780671258007477,73.67283999562662,0.6595194625528775,Moyenne
14.686957258452484,-17.519814091877418,-76.98845517812877,-9.400021236454467,-4.421200640376522,54.2349915071365,15.341037650287877,92.60471266399057,0.4349249953908286,Moyenne
14.67050647516546,-17.541433079700294,-81.01904162413629,-6.974272340288918,23.517720057256362,118.51537843923467,35.077021085668555,64.23067582727029,0.7616030197697159,Bonne
14.685376701239642,-17.463680233272314,-118.01117907113809,-17.757174262612743,7.571769083621353,17.708136498049626,9.053000773288169,99.78544099005902,0.18310663408896158,Mauvaise
14.663120506753703,-17.504980629217528,-103.32794042300692,-6.890070333091131,15.314635802305148,53.00225892073055,19.219362515483223,87.10757339264117,0.4897437462744456,Moyenne
14.770470404120038,-17.465908933495054,-105.52880865490364,-14.511321308296825,-2.4112884455165413,24.575646452810513,3.9974369103361966,102.80866891949202,0.20525224697688949,Mauvaise
14.763441139762891,-17.484110025326,-100.19249758906645,-16.50335882600497,1.1248890062704389,39.53080014086048,11.04479181295801,110.48739571173454,0.2531622340639008,Mauvaise
14.69010392320807,-17.442397037862687,-115.17964892798888,-15.648822291211351,26.1392803864646,79.35589881211912,21.843453814974765,70.68117981135015,0.46134152934994554,Moyenne
14.682108416071143,-17.405226634242283,-68.46731973329155,-13.148440887805581,16.304063475898026,117.21519376891331,35.86262944243795,69.54096942938943,0.6972434289588958,Moyenne
14.767701650828439,-17.45413721237323,-89.5408767608193,-15.483311935537458,28.25994175596699,121.82127397909456,31.147316420359893,66.29272807539843,0.6665308098843576,Moyenne
14.650230353671725,-17.537606387812176,-103.1961629138087,-14.512053795769013,29.95625120369609,93.2984087689919,31.879743073962608,69.42051614999914,0.5863855060862695,Moyenne
14.728075078638875,-17.546497903717018,-98.16601656091441,-17.11030119499701,8.015104036658304,49.8598048674204,16.874809274794345,91.84018906830424,0.33953227478817727,Mauvaise
14.769080488922937,-17.507353766744494,-95.40386027223404,-14.85352528217402,5.458107242914611,61.12362368316931,15.635653833370789,97.84516223348524,0.3641217117377953,Mauvaise
14.716112473557827,-17.46500649775583,-86.96731166516605,-10.988026596411984,25.042461930568386,112.7664020659861,24.05669029220429,74.00912885830728,0.6869546715643289,Moyenne
14.650385704747952,-17.54101899427455,-91.63763147669262,-12.814048086725105,29.9513999463109,110.40557274110874,34.680377630218345,59.413784111473994,0.6913616959673046,Moyenne
14.678453285820071,-17.484453239032025,-69.43344147320704,-14.145937342697245,17.037443198136007,124.16839874334504,30.241981786345278,57.55545696906011,0.702515870516754,Bonne
14.76991740720595,-17.37259485842097,-92.66700844017933,-8.549670196000404,22.829925287903283,89.35003997913746,25.215715264164857,70.40266424272717,0.6420140114377588,Moyenne
14.652212915143378,-17.531996195629567,-65.4313091847178,-6.490860400493549,22.361105058534605,132.88268750101287,31.30307620278925,53.84029230701785,0.8631868170969081,Bonne
14.701321369588216,-17.360296698046085,-73.17162732401974,-8.404950879366442,7.436889787684144,102.5575505151154,22.578991886067442,59.73157751781632,0.6382842820613235,Moyenne
14.752666814423288,-17.378665644898177,-108.53192171034652,-14.351990170352492,15.099463308998054,49.903144315900825,15.68410650813208,87.3961003266834,0.37627345113342403,Mauvaise
14.75895182917905,-17.383643768797292,-68.8172631945846,-8.577809650274249,24.156992944247477,136.6839744717084,31.914847177424214,54.08118351574146,0.8413918240759528,Bonne
14.712089031241726,-17.37726829782474,-113.59984811629882,-16.872277445363284,19.08398566913694,53.28680230812011,12.179002609010196,89.65369388752225,0.3576587826648391,Mauvaise
14.680222887725272,-17.533989946949404,-75.04026603298446,-17.175548166721928,-4.259266510628661,72.03532148093956,15.21427877139971,89.73034356981668,0.38334684739005764,Mauvaise
14.7279616132992,-17.51976638120426,-99.0657188587881,-14.161221481493776,6.7846984114136735,39.72306299509505,15.691402680597864,79.03531841144104,0.35407559498845886,Mauvaise
14.684291144102449,-17.523125514687784,-71.71141237552118,-7.692166833383201,0.0566493808111872,94.49391441487523,18.51150896490268,89.54027331113294,0.5626907593426309,Moyenne
14.683184353539469,-17.527751637849725,-72.25688204409023,-15.551124538607773,3.1540274227313674,90.44081258571477,23.37041442953346,87.14137762886025,0.49960746857513333,Moyenne
14.754987969241611,-17.484457756093555,-75.67410299353084,-18.114452275418486,26.6921317121964,129.1170622328132,34.93940119774718,53.43502551309847,0.7164061865082334,Bonne
14.67005455858856,-17.383956623409897,-76.54832600311163,-17.156066507111028,-3.708734888123115,71.89714405982197,13.448917654024141,95.80464501425583,0.37586092856328684,Mauvaise
14.650717792192259,-17.499607571273756,-103.24264734960775,-6.977570440585877,2.693024918667331,37.76588689192039,5.999106784482048,90.13914078753862,0.36382882696432106,Mauvaise
14.69378077821076,-17.501155664201548,-115.54943943218113,-10.127034013537973,5.8349273283381,27.372309137885892,1.961419395912122,98.71701238900879,0.27377505084415155,Mauvaise
14.713826614149355,-17.41482224851588,-97.83609016791613,-15.455183712820327,16.59094251882382,77.16440112939776,25.935014605984783,74.0116744131736,0.4717627345789121,Moyenne
14.74166045094639,-17.530614979572658,-110.45615167574202,-11.22585844540546,13.693559153005292,51.35443028921928,17.319735471343236,95.11595536601602,0.3835260286994814,Mauvaise
14.751544983488557,-17.477944001527614,-81.7776901103646,-11.613885286045095,2.639431899868513,83.06474185793732,12.047873089864915,92.13935880209306,0.4747416175470989,Moyenne
14.736257497447372,-17.490914738631158,-100.96451504042179,-9.823896301830743,0.7484373528104058,42.92619552867155,8.6535816063135,98.16224250029369,0.328902335422857,Mauvaise
14.7314461544412,-17.38053982717412,-66.34143895270468,-15.735374238097371,3.2879312108641585,98.51152643950186,21.78190928084727,95.0416228448894,0.5338510483429615,Moyenne
14.736547333901527,-17.447099744474908,-84.74653574600674,-6.898358179278432,12.588536934557943,78.12475385228976,21.32871092359907,74.36072796760185,0.6012618945004778,Moyenne
14.685298447285543,-17.420705287175615,-74.76356900011015,-14.66884013087982,4.491222499892121,101.22676116363309,18.749553056441112,87.81818834128991,0.517184091385111,Moyenne
14.699706971985394,-17.524193132358754,-112.71114299919833,-9.282156844332684,28.166087556270277,68.8214450271265,24.411168680573713,65.9521211021466,0.5530112646936689,Moyenne
14.730136745129943,-17.36421634788882,-72.58920347500576,-18.774254950788993,11.235282750009663,101.28406028562536,27.913003285169168,85.9849658339631,0.5441433577959232,Moyenne
14.658524185846018,-17.48550956917498,-69.2483545217633,-13.782800181481939,-2.9421394209377025,68.49970392901147,17.910751829811066,91.97563293061516,0.4575471469101329,Moyenne
14.688392295508821,-17.40863223243137,-93.21159446495852,-14.076062548576683,20.52432420428217,91.29672266063174,24.381413757124452,70.1424774463617,0.562190041120216,Moyenne
14.702834462818496,-17.359074764016892,-86.65608842369625,-11.391217999837798,6.509585087314637,72.89491268597581,16.7553984621532,84.76285779824111,0.478438472895924,Moyenne
14.719347288771012,-17.4482702276768,-77.93546095033525,-17.98169233511925,17.872112622038664,97.13302213851155,31.043510453577724,67.62209516480645,0.5884516845169262,Moyenne
14.713242673956925,-17.44849294825323,-110.3838755006773,-7.938160767834484,4.785802968313121,31.54520992254023,9.106040466930315,108.5689225288497,0.31401553363065,Mauvaise
14.743357144160019,-17.52655011528831,-92.35886579451066,-15.95106877525404,14.976030960666197,74.95645470505276,21.375687033493904,83.36179702007462,0.4740419890825004,Moyenne
14.71154546780414,-17.471944888715374,-98.07353347252278,-9.521470591651857,22.025337668261262,104.84818849154335,23.984295759599586,69.52222677599885,0.6113003693137788,Moyenne
14.767536897897248,-17.379507012223694,-111.9494304310763,-7.755030274582696,27.48030596210939,66.09169065466213,24.089725051436737,81.51541619868442,0.5545447185231942,Moyenne
14.699441384479814,-17.52297869858021,-99.78560677396577,-11.133722612618817,4.139450055157697,41.161821936991245,9.567606602044021,102.09217810180436,0.3459803833227312,Mauvaise
14.7182983218029,-17.36649917388787,-116.25052298379785,-8.627635105892203,6.719993284964341,14.815887703437394,9.480928707070422,95.39929579018016,0.2832576163002909,Mauvaise
14.650417350648263,-17.41653811712267,-118.58034511777822,-9.733955628989923,11.24932471000789,37.13507488812858,6.143830820269546,82.56931387911766,0.32839141063826227,Mauvaise
14.690362134338004,-17.465808032988193,-112.56585409648474,-14.022582839871895,27.45111932075961,66.55808032177714,21.58336506146262,64.90295687998211,0.4953212500418337,Moyenne
14.762654487050819,-17.44070031629487,-67.02866886259544,-7.6759804535300855,26.548539988372998,139.34902968020978,39.95726217629076,52.301735232847776,0.8851605775666285,Bonne
14.693364931297518,-17.51990067845266,-89.77587552577407,-14.874180821602607,-1.8542601964776688,55.328131292593085,6.881812988381887,103.77271122671849,0.3221738740896398,Mauvaise
14.68291422333322,-17.506503341372454,-66.8797811365729,-11.00301915147876,-0.3824560986166201,80.49663638728734,14.60533170521935,97.50444151593723,0.5305012091114993,Moyenne
14.720659805117489,-17.492718314586668,-96.21261669184274,-8.564431652018447,12.342821206572339,72.1250784070036,18.154792028743397,73.25936002117595,0.513497282629015,Moyenne
14.66023491279747,-17.473030776365118,-102.85011268031073,-13.694617262624893,-1.2683254518101776,42.86935527265827,1.0252582822847067,100.5449636670996,0.2582133877336729,Mauvaise
14.719108667114552,-17.366895601001403,-92.16219754378658,-14.76125349335605,7.095330567204412,68.04778797265236,11.813551594562202,78.11838474162167,0.4169008268108675,Moyenne
14.689476553771485,-17.47648619500697,-95.82685712518995,-12.569155857580482,0.19348823761171818,48.584505892479925,11.865824128031019,88.1408084810435,0.33509498848615726,Mauvaise
14.69980337568367,-17.44523295192276,-114.18844236560409,-7.548511079111849,17.261412429616005,53.362954572964924,14.502678099952565,78.19627169543288,0.44643814274647153,Moyenne
14.752877450563828,-17.51759476771643,-84.75455269203866,-5.981095315960694,28.23234011087066,132.05960487467974,36.95500548452288,57.54717051055064,0.8102796129349727,Bonne
14.736055322419835,-17.402805359789586,-108.11789996197203,-11.368832219961538,29.88568196030335,91.65008566540709,22.46426936270977,68.98425571758526,0.5912546796238614,Moyenne
14.7079937921061,-17.43794383018666,-85.92266248061938,-9.739473125468875,8.13343963739202,79.71571083591527,18.338618781060777,75.69154977095648,0.5269233346722487,Moyenne
14.725077120701043,-17.462018508403325,-84.23893991810156,-6.354169288655202,15.965442299011428,101.9558179423382,25.890934297595727,65.0816963894318,0.6688231825390504,Moyenne
14.74969163819163,-17.360562706888363,-111.63863307792435,-17.620344080218807,24.969367873342847,59.06558011049341,17.893491143679743,57.0416844597985,0.43830757017838795,Moyenne
14.746951886875504,-17.371869831171633,-116.62577050891325,-15.75089990987369,-0.8888274521265602,12.168883956572934,4.6540868188906455,111.4407728282041,0.12633033205647728,Mauvaise
14.674091822371654,-17.418097745531103,-77.05811276623581,-9.075399912477845,19.134754386818773,105.22626930156669,30.956025252088722,58.03038338749392,0.7139721471170962,Bonne
14.689119498859897,-17.365637518768697,-94.71097669268738,-7.467577533227805,9.309528160377388,60.674216594133206,11.539966609761283,98.89085111287577,0.4789018774540442,Moyenne
14.695270801025583,-17.437043641013386,-116.80099124719884,-7.001593603371909,2.2151156098057427,0.5,3.5570086017186253,108.73775460470819,0.23585550458213983,Mauvaise
14.674380497700652,-17.384612569656948,-65.28235255566281,-13.188499524030943,9.09637665616047,116.42419124263387,27.67651047360624,71.27056538376941,0.6504625382901902,Moyenne
14.65158098902082,-17.468107967162965,-116.82206914519983,-17.749241367913864,-2.34138995622791,0.5,0.2,106.71897763370337,0.08287725464302949,Mauvaise
14.672615744942545,-17.53265116173041,-81.77306241277958,-12.871059317805322,19.339250200625703,114.55345602116182,23.47730857943869,53.765566043320995,0.6615096801549152,Moyenne
14.755071762520593,-17.35117028209418,-65.89765911051225,-15.769715737101247,3.8459934061958574,104.78750720936412,23.463391064000042,69.32658161549287,0.5641064528669869,Moyenne
14.720969658681021,-17.516873695834686,-106.84509426812409,-14.923249630047263,5.89919757657073,45.154502054943514,16.367384160603766,90.84428817687973,0.29344683629809176,Mauvaise
14.694415543508333,-17.499697992148203,-112.17628472220422,-8.18825420427492,-0.7621545615488037,5.107234491774925,2.0438398566712905,101.95512145496578,0.23197648712602123,Mauvaise
14.72908477793183,-17.517379322115033,-113.3238283317664,-17.942620795637584,25.26306898614621,72.18271810556658,25.72853191803823,63.63405142592224,0.43690229605253095,Moyenne
14.746178436295082,-17.482504096404252,-103.31986688378224,-7.4138629552701705,12.270549774895851,71.74417660226851,13.170564967818907,88.33192823238657,0.47600923512454973,Moyenne
14.696075611792713,-17.492143973254734,-114.44248039441443,-13.012632798461633,15.02514072252401,47.61133117399864,14.109367272751612,90.57804390527176,0.35333413808322356,Mauvaise
14.710589729399546,-17.429779550290153,-81.93112620682274,-10.655104964591668,14.930143908319913,102.90016533457947,27.089774156064337,68.29774614300854,0.6252561316743591,Moyenne
14.658347718167116,-17.350707997116146,-116.57395110284655,-17.744868762700495,9.367259008946961,27.915582554214268,8.730957422352484,110.82533352987774,0.2093153353544023,Mauvaise
14.727621769707621,-17.539498188902886,-91.98178295176157,-14.276972902998086,1.7385470403348808,48.91071281815217,11.130151948474172,80.98400153969514,0.35611085328832603,Mauvaise
14.696332922421783,-17.394311377341335,-65.18167303808627,-17.74418713379216,21.079646197444,143.4399872117534,37.120549338931724,56.28555938249533,0.7419202995143964,Bonne
14.706358074188103,-17.524401615118702,-75.23163517716897,-5.538387879664466,-0.553030712481398,64.95149549063342,21.956171535061543,88.8798371944966,0.5322377895855768,Moyenne
14.7049380803331,-17.546032995073556,-86.1629308972944,-7.698336909432493,-1.3644173402416326,53.452141794749714,12.78964282169521,92.2778961243827,0.42875076033037857,Moyenne
14.73221320753653,-17.42228463597686,-103.15605085673636,-12.565141439009556,19.855076315877618,56.176411756605965,19.245755091665565,69.04181327519822,0.48401304690821073,Moyenne
14.724420495364082,-17.37533695422613,-85.68572900395989,-15.869564323468605,2.3092957158194336,59.32360110638639,14.057247177908591,91.26988498633588,0.3818372503871331,Mauvaise
14.704873786210953,-17.514740298670322,-91.01271948485916,-5.9316285265020685,5.737046297349131,67.88883020558617,22.720603525379808,87.11963633332401,0.49997160301685983,Moyenne
14.652204152793795,-17.481677243071612,-96.56541388602957,-14.175647659822395,11.63296134506091,69.14786609363524,17.749899430446668,80.03327814872756,0.43787509195449614,Moyenne
14.730725139902079,-17.516249959155385,-112.81092927928903,-16.746217956376753,10.727296085534118,36.08332196056067,9.242040916388804,81.35694657601731,0.280011530370579,Mauvaise
14.764345071624462,-17.36869848613942,-71.23676816177434,-11.115698561644631,19.800269377274972,125.86124083202965,28.49211595802384,47.39127400212949,0.7572967185236763,Bonne
14.750041704307206,-17.495927913516375,-95.26184431482726,-5.787162315172575,16.820112770517635,62.60817326291526,15.954730146834986,73.01154026138305,0.5774648638197875,Moyenne
14.77761003219251,-17.46105742171878,-109.29576184985793,-18.946375932995483,17.5538656798653,52.32443797040481,18.124942149994002,77.3909120446524,0.3530106424131408,Mauvaise
14.668079793942693,-17.371051744743387,-99.77323570174907,-15.666252194444017,19.991901572941007,70.9184896014269,24.037624583920042,71.33299898145505,0.4836259878950474,Moyenne
14.678927606862421,-17.439426159247468,-97.22286361090902,-5.861733034254293,5.241445459821287,45.931545256980925,11.450921018161123,91.54329059804319,0.4376925749055643,Moyenne
14.720104770478857,-17.36343003984626,-74.4854157438219,-16.604796463999733,6.281665913016578,96.73475408404595,21.282359374681075,76.54408607143411,0.5163296206085353,Moyenne
14.680664621304695,-17.364709917070595,-79.65120906912288,-17.414591677042523,10.329921176344394,84.3687283231374,18.841636521382192,75.68189504367749,0.5023842879104122,Moyenne
14.65449147156662,-17.457679796021257,-77.68823084972631,-11.017378978802737,5.761176056173413,80.6149128667928,20.24072783639968,76.06583093890612,0.5384625612799525,Moyenne
14.702297475901313,-17.433523477453328,-119.3932804564244,-6.934186473872382,29.472825413980217,45.28052008636281,23.287815591738983,80.65658709912495,0.5195767755343571,Moyenne
14.687393815440018,-17.503937145257414,-97.11153010011311,-12.320462552285035,23.49181742475004,85.54104823629842,23.849743860782525,60.4137229652011,0.5858934829606106,Moyenne
14.684288909935654,-17.35189283623977,-93.5260716600572,-5.0761004064166535,0.7629140889610353,39.82880597411587,15.871272790010224,94.05080684675755,0.4201125585463622,Moyenne
14.773912466213151,-17.494336667917644,-118.94442477473189,-9.4915962064681,-4.804204544134567,0.5,0.2,110.4605671975067,0.13617130661050564,Mauvaise
14.680999035114509,-17.393338602403812,-105.71027351902312,-17.96295129905373,-3.502585611345625,11.67849942102973,4.4000241524569175,102.54859061780505,0.14520295152175083,Mauvaise
14.666826234254362,-17.487406187968954,-78.18405972828258,-5.100350156452345,3.5422207865023836,81.00787799931813,20.660085304766582,86.4208503097274,0.5736247797946475,Moyenne
14.66629150352802,-17.487391547582043,-112.45896618490505,-13.289480685077333,-0.9998049957100203,11.662661408302625,2.70762983783807,107.18838809813721,0.17680816899632976,Mauvaise
14.754822129553508,-17.52922741465981,-90.55794277010746,-14.976364526163245,13.666834021240025,92.76149951763593,20.30607338864693,73.94182349381065,0.5071718045021336,Moyenne
14.742930249688476,-17.438020837840686,-108.16389703905193,-11.189691429909601,25.02983279545755,76.15878446815236,18.37692054180312,67.36417982149831,0.5368903372138819,Moyenne
14.666833205423718,-17.501033532374358,-119.33335739458587,-14.7396937145079,20.78625773196296,29.988704912631505,19.855729811417863,74.84074159486934,0.35040231462298443,Mauvaise
14.678567905451903,-17.520321048448476,-106.73391983202522,-17.789594900317866,2.5463172078766645,19.52585994848878,6.9158704993020494,103.6792249351933,0.2004181589309023,Mauvaise
14.747154591097658,-17.504666661096653,-66.32694347994703,-18.980003196891527,8.975473960902505,111.6368080778337,27.680497829454765,89.72300296143837,0.5645876275128365,Moyenne
14.6857001317185,-17.499781368587193,-75.91545884643557,-12.705833059116328,12.776297333594716,95.05753104110777,27.391159000844272,65.27640999599767,0.6118068237394289,Moyenne
14.777600469770455,-17.449183308776103,-67.22328456234317,-7.283912088827709,23.357204732616744,114.68787826736329,33.93699823995835,56.70209721726782,0.8333507416038176,Bonne
14.720274108660718,-17.47281539268889,-93.16802758405007,-10.987587401178928,24.369256108715767,107.14923583521637,26.85708380880987,64.16824551678614,0.6483103774449618,Moyenne
14.674961036153311,-17.53490194379561,-113.96450907273731,-5.011097814791828,26.84014091677216,71.70240854513415,25.903967518512964,75.0568698643115,0.5773819433193598,Moyenne
14.761645099086655,-17.442794283420827,-89.86222810644689,-14.9841469609392,12.823583767600631,83.04919474217573,17.17313580284269,84.0593290572288,0.4871980607274069,Moyenne
14.69153182096664,-17.39245050968225,-95.00924659920216,-15.073629093359227,19.299616125255202,78.22492866809942,29.640249202229654,73.37799997203297,0.5159701460328329,Moyenne
14.68754495615837,-17.435152967821203,-73.56036044932112,-16.763507556724782,-1.0869870068121994,82.19482739060912,14.258364582140242,90.30537940281079,0.43280089634922614,Moyenne
14.692567360348695,-17.355091949549646,-114.60545805686655,-16.70310976428531,14.785113598389373,35.10606590633855,9.699116829047732,83.39769549065726,0.3031286027071686,Mauvaise
14.749865642268995,-17.530169958371108,-93.1467374638022,-15.00738765585933,3.704213331489729,56.697831376257255,13.388518281777644,86.6104503697563,0.36281540447913424,Mauvaise
14.672517683463074,-17.38576953264838,-111.74732344183087,-7.90023936617062,10.110090975931389,28.885066294058475,17.59054527153078,91.35740289490568,0.3614358027379957,Mauvaise
14.699632151433923,-17.448861466020535,-102.1428240210467,-6.31940493108973,17.191767790735177,78.87104235013908,13.55135123937166,67.61908525110032,0.5572731013372398,Moyenne
14.654008260461973,-17.445680964490954,-79.44536074367102,-5.348779624092462,3.994507824882339,66.3700091528692,17.567232061663702,81.40725345887694,0.5566644868755777,Moyenne
14.757461460255449,-17.44618001307009,-93.81900288471783,-15.747944842649662,-3.173522977113362,50.01891977783961,9.370677958139073,111.51631246186228,0.26897911573405764,Mauvaise
14.69429343961991,-17.484936234418473,-99.32614431698269,-6.6618343614027165,-4.641815025693487,28.173251233881096,5.087528846677212,107.9834037472506,0.30421558971085244,Mauvaise
14.682262479575089,-17.48508899715195,-98.30380467864805,-14.404428750117281,-4.224416255941746,26.518963571678896,6.782341993322989,113.29221021519446,0.22521983105418358,Mauvaise
14.725386121508814,-17.423631098671507,-94.73042773767074,-17.420232376763618,-4.707759187018062,36.87877784548953,4.394819614385775,116.97670643704451,0.2161593403409194,Mauvaise
14.741648944887679,-17.541046982923376,-76.82409008896187,-6.81965104271768,-1.1375730204743584,78.99068486524156,13.516101816737152,90.7472071213784,0.5176077657308272,Moyenne
14.755676484833781,-17.43224279093964,-70.9353421082871,-10.09452111498934,3.3821050099545467,103.1081023293762,20.094835827590096,84.84456360834196,0.581432926173467,Moyenne
14.695212042914878,-17.405081856357818,-67.45659224228395,-16.693767454865135,2.7427529963804718,99.3144433659465,17.920455548958692,80.10084516087308,0.5235903745433919,Moyenne
14.755599110519379,-17.47873474130492,-76.72031375595877,-12.982362394817965,29.537880796296385,127.52565952536463,36.69034753850132,42.67026199156165,0.7956635009551649,Bonne
14.710434530048289,-17.506528612108074,-102.6526207338593,-14.978392271721052,5.710213682313013,43.35601310719154,9.90249643975385,86.57563410033922,0.3151514782256124,Mauvaise
14.663148494780879,-17.50732261745542,-82.15259116524018,-8.684876038057242,-0.5402725824210313,79.7943957475486,12.458266729006608,100.47025062051947,0.4680000608075142,Moyenne
14.760019972753051,-17.533632069331087,-95.93182817695345,-12.652172771260247,14.09468904587153,81.8866948750232,20.251661707972275,81.1057762592941,0.4907783124294123,Moyenne
14.721192521673599,-17.53205613615872,-105.99311578746719,-5.150080768510611,25.02851093891279,83.13883286412623,17.960388652027525,83.42981136653074,0.609699373618798,Moyenne
14.72832104435316,-17.516662426361084,-73.75206313157426,-18.23357024836567,18.73211318756863,124.4512152124401,29.611986825097585,70.73988605000346,0.641182625382123,Moyenne
14.771873865060314,-17.546165418989382,-117.88655080707213,-14.029786274092547,5.362873119740762,21.914210592311246,12.445779698187872,95.69122157925445,0.21172488422257785,Mauvaise
14.722689693042103,-17.496752918495165,-70.4030904325517,-12.253397660460315,14.656565592700925,124.8979161261429,25.360185204520675,73.88493630668115,0.6869397625662489,Moyenne
14.650725858988139,-17.48871963415041,-94.61873944563962,-11.956130233523524,20.01995909701432,81.53503085066605,27.753914051389398,68.10988570189974,0.5644985052425238,Moyenne
14.763180059330402,-17.350955749328776,-84.95391877554458,-14.576898486601085,20.483657232870982,91.70496402111613,27.768656854307178,75.2870209960077,0.5984957808010967,Moyenne
14.68701764044205,-17.351662452468776,-83.73553427868195,-8.790636512634048,18.32884593541911,100.8593116029754,24.71388173061044,64.12993509787597,0.6652597721534015,Moyenne
14.71522969970192,-17.512590230632583,-70.7685242611405,-6.753540971154354,25.47836486714663,130.10958579613288,32.103946937014044,43.75671742156657,0.8619289515164144,Bonne
14.676635258332984,-17.507393568380618,-84.98316748080359,-5.857929772309918,25.45369104204365,103.99583132370374,31.492521007004996,52.24121729100923,0.7620087905797706,Bonne
14.688607863899147,-17.451618725887915,-86.2336528381966,-7.728692724806633,15.262779579245116,84.16612072085255,27.862358529546796,67.47993314692602,0.6178045483929503,Moyenne
14.739264350248714,-17.52024313325246,-116.33413776916206,-7.0918772377076085,10.04497291889243,48.20442302647886,8.14689938842769,87.56538579272421,0.3663670516622233,Mauvaise
14.70584453563493,-17.449192118368362,-91.48755879301378,-11.292365791320062,17.454960344778492,86.47006781404032,22.954942389579802,68.15159076932544,0.5716109643139139,Moyenne
14.73152698197558,-17.470122059038985,-111.74070495506271,-7.437564830024595,23.63742004796621,66.21090436321371,23.46805984987539,80.04446412522744,0.5272454629000024,Moyenne
14.757064839870683,-17.485075421790025,-79.44114272031828,-14.750945271928668,-4.8021763305585345,51.56680225830781,12.856688990536469,112.83991475305464,0.344791540863932,Mauvaise
14.694306862884225,-17.385478965838047,-91.8277943553029,-13.421297330470999,29.719895315519786,94.58251655668361,26.947371357334095,45.07313789373058,0.675571251225503,Moyenne
14.723884204982385,-17.38437646000139,-82.58747214354057,-14.56321780654038,1.4012820315219727,61.85144027407455,15.371943819391733,101.31067196312769,0.40078440983270347,Moyenne
14.751086426138507,-17.352422106603257,-117.70799046686886,-12.456577303729045,11.458714498099166,40.31940988419125,14.36000821726211,89.10476568495673,0.3046008989567837,Mauvaise
14.742966015060018,-17.505382377183686,-115.33643911748082,-15.00188537265909,25.521040719500334,63.64433866789544,20.38615125312945,74.95500084518378,0.443557805806836,Moyenne
14.720179646677641,-17.372344500571252,-80.60221365655248,-5.537439808437744,2.876413966546978,79.51782544850988,8.578246708357383,75.01084834769645,0.5561614456869437,Moyenne
14.699839856394556,-17.442430814065215,-116.03536152007297,-14.620175207920646,11.687832836513412,38.02407940251927,11.733751428307068,96.0452268516729,0.28558449033863786,Mauvaise
14.702975257560292,-17.43170811373353,-116.08087997291078,-17.627376466446844,-0.3596236936587287,3.212461620347997,1.5245861052880094,92.69736998440358,0.11727256806465122,Mauvaise
14.706307577559514,-17.370741357133497,-119.33403386208118,-11.624559675294211,8.82767138858674,31.891209883422405,1.9251748785186518,99.85305587239642,0.2665005210629775,Mauvaise
14.695349918763,-17.361473840724337,-67.39242309352859,-18.20061290176753,1.1997409177550882,88.76990178273411,15.2148462895322,86.70500148346544,0.47962248515494504,Moyenne
14.74087983253566,-17.404637748459873,-79.43704022975461,-17.452395671679874,7.726971206990495,97.66083289749858,23.531237194345657,82.45696948796662,0.4896118273208571,Moyenne
14.666303982795338,-17.480431513612977,-100.57117253238647,-15.928548551252552,8.07124758774527,54.70991911951627,11.252814688301186,84.0779998116671,0.3495810152129443,Mauvaise
14.775769035693246,-17.4520664020663,-103.69054302917897,-12.499096501650016,29.760977635941643,74.93567088830847,24.81850514273853,65.39158906824939,0.5879057269242597,Moyenne
14.7512681152563,-17.42698922718918,-100.76632236397828,-12.934486947673609,29.81845602563203,88.35008813969671,28.49779070775502,62.727658703239115,0.6148741665654447,Moyenne
14.68876119678168,-17.38427199220278,-77.394055785035,-7.804313931960923,-0.9824802468785654,58.18563640870654,13.29173530746294,90.52317517976678,0.4846225752084857,Moyenne
14.655531184005183,-17.41841045892449,-83.6246163911272,-8.647354845622413,20.408907276492155,113.96222375042173,28.31776523998322,70.43340964631979,0.6941296325217874,Moyenne
14.74246941240926,-17.476910476662475,-109.81424376728927,-13.031543884130182,-3.18890821158146,12.740085806026112,1.724618845031722,109.11604801897018,0.17502611215295522,Mauvaise
14.745466675846078,-17.466423909727943,-110.42398655662537,-14.32814109394118,-3.9432794631983983,0.5,0.2,115.44160247022927,0.1348849680242402,Mauvaise
14.775270939368584,-17.539912459592145,-114.58823926576315,-14.56943702313902,-1.313313701426249,11.579340899107413,0.4412032703003692,108.39631223243745,0.14790431354088238,Mauvaise
14.682981722484772,-17.365146427912574,-83.6833504164264,-8.164068777883873,28.79199799527769,117.02498618352394,35.193485914872454,55.08232642287945,0.7841392113418205,Bonne
14.660754261726549,-17.532376197334102,-77.95950357780453,-18.270986312902224,27.93022417631441,117.45884543009454,35.391084791904376,56.57724629177396,0.6991224052036992,Moyenne
14.768967518503395,-17.434013841862892,-105.42244644212478,-18.820496906851517,1.787473709823816,43.78051516378508,7.107547894957504,97.75433711625853,0.21822647909457563,Mauvaise
14.683624374499662,-17.375669623752238,-118.84802714329979,-7.862378513026927,0.6585317443799035,6.133704273922797,7.67631544444916,98.68897508231947,0.21445790198342768,Mauvaise
14.743799088152103,-17.465826950097,-115.4805582887965,-12.31995073615331,3.418728028058146,14.173055746655738,7.168026794718532,105.38866403506226,0.21229792898601724,Mauvaise
14.657885752917599,-17.389974902497727,-66.76769808352333,-17.167664060249937,13.044144792629975,115.38780459538216,31.319530820071844,77.29879245680698,0.6285095557499323,Moyenne
14.7488760246469,-17.389236784072743,-103.75053723874188,-15.702076915676983,14.939662121239348,47.397175183355316,16.64717022792311,84.16542257135833,0.3861666065121407,Mauvaise
14.666513366627829,-17.53803079228275,-77.69272686890265,-5.944944656636645,2.7557700653806574,68.99751325695394,18.397020212704355,89.64878751704425,0.5463522213601394,Moyenne
14.740426225245407,-17.46757125485386,-85.64350371301549,-6.966958341251429,21.481797583148083,113.6489731331705,26.768732040071157,64.12765120247653,0.7142085590918501,Bonne
14.719204596220942,-17.411794902662592,-98.99331981909073,-9.063009296864385,5.834360929092776,45.589015207445556,14.769040010255573,98.29183784004654,0.39397672356434105,Mauvaise
14.774213456960743,-17.465529298186226,-108.68720057924446,-12.248846775277428,27.274596393529364,75.95749340983805,23.720497560437863,65.2373219806154,0.5431453062908498,Moyenne
14.654799293600055,-17.44096655036413,-113.32374700123265,-11.7154692333206,17.98529472598557,32.96557574026705,16.593528104550145,78.18508328515999,0.39232346819704267,Mauvaise
14.687966336954007,-17.431108419078672,-86.17428675786233,-5.346576506024579,10.272291800626409,69.5035598265228,20.51143780165217,89.23960654316001,0.5717064177930867,Moyenne
14.659036159253452,-17.51975412465375,-77.39514206492166,-5.479213785619979,22.646920059599587,124.60059876783038,31.710043674780763,54.87781929943387,0.8022446871863742,Bonne
14.764295692581163,-17.467603758770295,-84.58526605523781,-15.98623335899832,23.627011911633268,112.48076561027293,38.74862942027737,68.10132062018442,0.6379159059410304,Moyenne
14.727207149975944,-17.54430735566329,-90.83338267129629,-7.644536071725547,5.166856196313027,75.94396344121688,12.825257569981249,98.48890722290676,0.47818549856250725,Moyenne
14.719546049606526,-17.520074783360933,-117.69268271126,-16.238602673661767,6.8900090342629525,30.446108112433706,4.603432784566987,103.85023002859535,0.20529875153207217,Mauvaise
14.66708952597512,-17.4475491873247,-66.7331172323089,-16.01047530962468,27.758430380501117,146.22487368619852,41.15660047547793,37.17421606525639,0.8248058640555165,Bonne
14.713574193450697,-17.43528280041224,-76.0707194589984,-9.534697521695925,0.7659363427145172,81.99527812283792,15.125896632025183,89.37675215052893,0.5128613008191925,Moyenne
14.701831475172856,-17.520753118681668,-103.89478798144694,-13.329984619774322,-3.524735406297303,19.796562075721006,3.29529033803878,106.0712841839984,0.21032427350702398,Mauvaise
14.691047742858073,-17.398876145957516,-66.10163188526322,-5.958378300508716,10.891936291334222,131.84957692683017,24.229551384024973,66.52902949781803,0.7574362472514495,Bonne
14.750384564214817,-17.4754024224258,-86.89651257000229,-17.753863711455878,23.04234650852701,113.55273921646933,30.190536914675867,63.986158243334636,0.6051742075859662,Moyenne
14.657965885178347,-17.365870014234467,-87.96675379860145,-11.838641028667098,22.008383720876104,101.83076671099175,29.13027650855522,70.92695278012448,0.6375022070010637,Moyenne
14.734069144557086,-17.47246745533892,-78.85597513137574,-6.140698573796303,27.18357201194914,127.91514457957032,33.48333293261255,49.7597667113407,0.8328013388411875,Bonne
14.756989094056287,-17.52003780471348,-75.35266165504243,-6.342408753286929,13.66202325291641,116.78332399033914,28.334434763216855,69.41080379649672,0.7096176396023539,Bonne
14.767949946771841,-17.39840590826385,-83.89367659676736,-16.808591012179622,-1.497736495171334,65.02189957206359,7.014422603310714,93.92051409112928,0.35285058919308254,Mauvaise
14.746969157318203,-17.436439839912136,-112.954733949859,-13.867072198649609,15.604114101760562,57.6542046253215,12.26816278423871,94.29483889932627,0.36482204991757056,Mauvaise
14.686719238251568,-17.47266236635117,-101.3952871703026,-10.332300399346252,22.243846502362405,60.566521405139405,22.57240448341498,68.42968918084412,0.5428138747292274,Moyenne
14.728065969868082,-17.47880856731355,-68.95539978206727,-16.76847161320037,-1.7335157905560763,88.99861488136386,14.135301532178342,79.58160674661481,0.46627697127809375,Moyenne
14.668382469418866,-17.519846205288548,-107.64614134858815,-5.447689591359659,1.0430090384156419,20.964098866780354,0.8078177426289317,90.39307224115866,0.3250872803953012,Mauvaise
14.665217881086821,-17.4818330745068,-99.53081368893677,-6.193509397812756,-4.569826859551519,41.708986910728385,4.041648512070725,110.08846029592142,0.320866384853885,Mauvaise
14.733021138478007,-17.544131171804334,-96.23577143806922,-16.66269749351743,15.777840280638362,86.32605861407768,22.44402845430485,71.13166683515023,0.47166631296311645,Moyenne
14.760643995095945,-17.449519617184848,-95.83272556680512,-17.303823542346205,26.035703718106653,95.41846044545505,31.5298638285724,68.02453734189282,0.5660839025654479,Moyenne
14.65874225634095,-17.370655251637253,-86.28832296280109,-17.804281240684286,18.473216060073483,108.54133091387337,24.088474555454937,58.317482941100565,0.567555150923367,Moyenne
14.663780485177329,-17.390933840756936,-68.13082892404108,-6.267788703487165,29.37140306568437,150.0,41.91383953542945,41.22761139097551,0.9364662529455512,Bonne
14.723528949965816,-17.54429576055916,-106.76190084921222,-16.28926666286355,-2.7938221625083455,19.512377606731707,5.587285303246881,97.309655613496,0.1748007546334001,Mauvaise
14.678367541932515,-17.373747934746355,-113.31742430344951,-13.172011000379033,26.60503798030237,86.34592482419542,25.618252603007814,73.22267348852036,0.5073242868825594,Moyenne
14.729536355961095,-17.45953503422349,-109.13912305770344,-12.716080880871958,23.492390058533825,67.19754169761403,20.195406879715463,77.4140396190164,0.48637751997338896,Moyenne
14.677890697283194,-17.5118217069169,-71.21913048849018,-10.613845381010055,5.998453217482673,95.20821700184476,16.876720095712287,82.35977547643765,0.5905032828622204,Moyenne
14.665142656659787,-17.399517608956923,-84.48040530396366,-17.99570518753605,29.073429314303816,127.45715032054416,33.99381622089362,44.625890783527566,0.6942680673747103,Moyenne
14.720924747681428,-17.485425289964592,-104.27512659184619,-15.825379356392776,5.077821185999527,36.05760131672202,7.016799300144333,89.84874735304612,0.2823255902479412,Mauvaise
14.76208536794424,-17.49933631537263,-75.12291835672605,-5.959134583135036,26.125665333987644,131.22508766790014,32.82442898175121,55.10389370183645,0.8457882154102321,Bonne
14.739065856379568,-17.517736318643692,-72.62465020001102,-6.282258498240026,25.82620019759663,145.4659704475818,34.75605513615423,39.02248104837477,0.8783480712035717,Bonne
14.756434267879674,-17.452675618619956,-73.44171137203472,-8.061930936320309,21.518016581104035,124.3388746474872,31.341229732513245,56.99446734876674,0.7847877467804716,Bonne
14.684623572670706,-17.53132120009011,-69.4590406498245,-18.728382561344983,14.721466583449814,103.80242171839552,29.419040181663675,78.78175790227833,0.5989105388619975,Moyenne
14.765177224668612,-17.392877374177242,-106.12674389046511,-14.42190524105457,-0.7999037634089179,26.923282962185056,7.405175953209822,103.43725562603878,0.2186892587563161,Mauvaise
14.699015092694916,-17.45586508466672,-78.47269391895469,-10.208577705199291,13.619010707377438,94.26409312011273,23.964657873702166,60.337740160945586,0.6343368422870849,Moyenne
14.76081819682141,-17.460604716636215,-94.6703276499223,-15.14733703517134,7.48786894792271,66.95835014933388,16.293986105897105,83.25935693396416,0.3979313698381015,Mauvaise
14.711252826719335,-17.549629208703696,-73.69007959104661,-6.265786269247117,22.72759616043731,131.75157474270534,33.16223748523132,52.29636258593814,0.8235900130904372,Bonne
14.684821494156864,-17.386427227938288,-79.93301275611128,-10.125547534345813,21.534522227389573,124.95412555472214,32.90409428216908,78.94399486059716,0.7133941800200612,Bonne
14.683833648033483,-17.45143258819235,-77.29539044251514,-17.99330595756976,26.871437758041182,135.60097017014817,34.190844222429575,66.48834548198532,0.708179400274657,Bonne
14.723796824967405,-17.46202109603973,-83.91109892754108,-6.273921756300158,-4.480944314890224,63.11119746266424,10.257674327613799,105.88080003105242,0.4301724358011519,Moyenne
14.66027133512689,-17.397723022943122,-110.24141767916612,-5.591266785532884,23.318612588806612,59.87404104192911,19.615331280459763,70.21797288536432,0.5526866537326122,Moyenne
14.770907305296506,-17.53742029017985,-90.0235194606684,-17.912026142515842,27.84617185936341,115.08425260271456,30.49734287044496,67.1309804420298,0.6270338200066023,Moyenne
14.68529025444081,-17.47666390878096,-65.84316432615205,-11.546956711941592,22.625515718785255,150.0,33.442289103958835,44.8860248280654,0.8321210752669511,Bonne
14.693631226319962,-17.43485320848925,-68.44365634265846,-14.752900049001614,-0.4431939045371651,83.25019713931215,16.086692688462982,96.0327193425024,0.4850077844866818,Moyenne
14.68032920198636,-17.457884487452162,-117.62544453116436,-13.500252929260366,-2.1552313305689292,16.12418796969951,2.6497286385423977,119.37256220118081,0.13280419349915912,Mauvaise
14.650391034872895,-17.513672222024407,-110.93518513488095,-16.484882948625213,-4.270416606730471,4.474551327630792,0.2,110.68865068292483,0.11332781689345695,Mauvaise
14.740031530785144,-17.49014469846394,-112.75491745999909,-10.906990571826224,17.006082903982485,41.51303616556672,14.482682652694347,92.04468729823029,0.3950029263867316,Mauvaise
14.726771877134448,-17.489959888470473,-80.07110495080875,-5.588289054515531,17.038542815096054,106.32581076065594,29.948121596597165,64.60026825101866,0.7136516368008653,Bonne
14.755253790225625,-17.351605839446957,-75.02180685786803,-11.956983596197473,29.541979997637426,143.27417166592969,36.36365121308157,38.280356304562346,0.8346245373928433,Bonne
14.655331400548627,-17.48476057623867,-108.25687485291304,-17.839195860477265,8.931511093643351,47.12033592911265,13.848372928087505,100.03519825670955,0.27633375309157543,Mauvaise
14.77072523381533,-17.50896358749154,-92.1781018876494,-10.319981331316283,6.616719971412387,54.83656736763517,13.596231157130852,87.53479445634922,0.440807931106478,Moyenne
14.693015302207847,-17.38547256937917,-73.76133345938399,-14.236878077682402,16.854872451453737,117.79179879998901,25.828453186182635,70.41002345107691,0.6614236188923039,Moyenne
14.768699082125753,-17.465765748999278,-79.69591503785622,-7.017047345721831,23.89630353776579,112.82511493930795,27.04936464848391,72.97542954663845,0.7600866721957303,Bonne
14.66392709266878,-17.46122726110259,-90.17695369794835,-12.914505923569417,27.787088233305063,96.36197713153331,34.8272001768496,51.89967305827929,0.670667263844606,Moyenne
14.746709675591053,-17.440222187300854,-87.53087702476749,-16.300245474808563,23.10934581626635,95.98631016616568,25.13012156781458,61.888774479652675,0.6016946255124108,Moyenne
14.725316570086202,-17.4308621605475,-92.04016991960461,-16.32452128232397,9.933589321553166,63.391686852131954,19.98101282360088,96.06812745026936,0.4085224702152495,Moyenne
14.696564857982835,-17.431888879917935,-103.63483517746486,-8.237301469903755,17.221998235922246,68.43753795297428,15.783365372652721,83.87473214641032,0.5075744829528068,Moyenne
14.660288511471293,-17.54310005551779,-88.92379039275411,-15.281773623696962,24.970476435064093,113.98821850699554,33.308158620900386,55.45877671401284,0.6432502363162975,Moyenne
14.728615746280076,-17.386231513420412,-82.111308387245,-8.258732481770878,12.17133909091088,78.96780088450312,29.401327601947166,68.27007241866919,0.6023879255044895,Moyenne
14.653437184799609,-17.511029436185034,-71.96723962765557,-16.11757764926761,2.584032529688745,91.63944628602746,14.560698722031658,80.542967170054,0.4958300993241748,Moyenne
14.71516667288898,-17.49153157444323,-85.00397553114135,-14.496390838181668,0.940320391175554,53.96029689324356,10.652563535446975,87.0280228029448,0.38599900844794643,Mauvaise
14.728547114853175,-17.515314095995866,-78.13831546262631,-12.48318238584421,-4.9944789397680145,68.20858910611125,14.474849921652854,100.0532974297733,0.39971322117191505,Mauvaise
14.745228087147378,-17.396584668492824,-111.19606007749849,-5.79525810429169,20.13832982434495,52.26151286891249,19.717338620014438,78.4720413383722,0.5049190850781058,Moyenne
14.77887350244923,-17.433268401474916,-94.61433890691156,-5.955760053446454,-1.1115976903903322,34.521796333283454,11.437628563588298,102.36659130885947,0.377833520820185,Mauvaise
14.683812182756009,-17.39894076944959,-119.48676090950987,-16.10379374408797,3.534368489357915,16.338559555329653,1.9324249730089575,98.0944241117001,0.15792427398444953,Mauvaise
14.691910676778551,-17.419320318914142,-106.43266245131073,-13.984933422596981,5.425671603297767,31.220436195806524,15.509140747419782,95.73208659827093,0.2844984601300784,Mauvaise
14.694348895085168,-17.52916827311612,-80.04460566878473,-16.90840856164719,14.613295104786893,96.62304896181817,25.567842989345493,55.11586121260174,0.5683415223297481,Moyenne
14.745105752541647,-17.4897000448298,-65.45045267578502,-11.860208889611041,8.928504705351923,94.83132716141832,22.69140712669103,74.1128476555015,0.638850692548315,Moyenne
14.771136504873294,-17.448546968081978,-114.54520452270313,-12.551844290274667,18.613589720810662,56.07274264441379,15.179245721492531,90.8898415857284,0.3967225250079081,Mauvaise
14.776662087445603,-17.489010993713727,-97.91781262762915,-6.389357725689745,-3.0526469234954052,40.0016928553925,2.981212045196518,92.93875410055725,0.35029644037962826,Mauvaise
14.772955477652555,-17.508539219118777,-75.99609672154622,-5.979924710924983,-0.6621282007446192,75.52604192613269,20.710700482599904,94.99264885091796,0.5289014649165946,Moyenne
14.76431979100298,-17.37603760618668,-108.77804009541056,-13.63005652589791,12.472402623664333,33.801489554284636,11.677374014770988,82.60063955572018,0.34724364661688134,Mauvaise
14.778827058596681,-17.400443264956927,-89.47032778837425,-12.115668797734148,6.793767574639043,77.16293133571996,17.91847303055021,93.1703821298207,0.4564249558467561,Moyenne
14.698872944488485,-17.480955987889164,-79.68107871836789,-6.452692511954137,5.3534676962975905,75.91899448048345,17.44703040103301,85.63081025814715,0.561932622647949,Moyenne
14.773281771599832,-17.396997527474223,-86.12080023569015,-7.706090691569139,-2.6540172336867047,50.65977753114862,9.153745924640212,101.7076171345055,0.40876492939254805,Moyenne
14.748932595111468,-17.424492276310957,-109.65863959615211,-18.94881164117491,26.35017111618005,90.77700736977775,17.33383337882964,68.9747394456599,0.47046546725006044,Moyenne
14.671899781738638,-17.549242853273523,-100.45384872228433,-14.519166101429846,19.213650514376777,68.02666664799635,23.085232116235925,84.9317756559753,0.47357536394812055,Moyenne
14.655910474424036,-17.473947594797675,-76.89145185330315,-13.095160612894237,-0.7433645113122713,79.73548252617209,19.465180451312854,94.42114747138442,0.4516771695605153,Moyenne
14.677882914523142,-17.491902500161135,-89.51754172273908,-15.783972028434757,-2.7233914792000786,52.870134209604345,7.01458361750581,94.45225213409309,0.3101411502334409,Mauvaise
14.75123764615739,-17.50641827565882,-119.7123712551398,-16.205997377456857,29.12053867009351,63.85142374949004,16.84935978477051,69.89153334525004,0.4412234546626276,Moyenne
14.732120594559365,-17.49968212118583,-78.14550819845485,-18.471016907660484,18.84103926538267,113.09071893382819,31.247747744522155,61.83697537404054,0.6101827378140994,Moyenne
14.679166313455069,-17.361527030684897,-118.05787547828685,-9.992823849023353,9.610962488280952,27.534645158587864,3.4686932770775174,96.96989573379247,0.2952237345733845,Mauvaise
14.746449789081277,-17.452736586401695,-78.98464194978223,-15.324855933235682,19.56058642645247,113.02280626579947,32.70638462393772,60.800110181434036,0.6461053900967567,Moyenne
14.668371891126966,-17.380458256355176,-108.86356919091195,-18.267139501961616,21.47161252680557,63.45981055885234,17.21469418308085,69.51386271401206,0.41261301617449353,Moyenne
14.75683938120163,-17.507156569569403,-67.3059585934341,-15.76628965260711,22.298677083607277,148.26748955126254,31.742110222349282,56.66371115198272,0.7665492834482647,Bonne
14.753240926876195,-17.51511924007081,-99.76325867838536,-7.773204660294228,11.725705697857016,49.3525871560647,17.03624071445891,84.92379545720603,0.46676923352988897,Moyenne
14.776434876191786,-17.37224208233722,-102.01876110140564,-7.079151456948347,10.04589653436968,60.83156402847278,11.211143333532487,96.35583410788178,0.45136203087574506,Moyenne
14.669536343401811,-17.450859062843506,-111.81115723171554,-12.237072567293762,-4.6140170505884885,13.271736994407018,0.2,109.45499759203338,0.160736515759117,Mauvaise
14.767859689273898,-17.37096957493752,-103.19176814803818,-13.175010614278394,27.429499029964333,91.02018517889897,27.14547626717469,48.18816624470466,0.5909537407666814,Moyenne
14.694343346283839,-17.537394229425747,-71.78420809944896,-5.310048290975056,16.115775743613007,125.13423313928381,21.869233174222032,62.82984121598732,0.773913318419036,Bonne
14.704087782423391,-17.36671289556474,-65.2016114305014,-16.19209476576702,2.1103878016488835,98.63724100929825,26.58396519826369,69.37473615008459,0.5423185982926169,Moyenne
14.71089785817528,-17.466910936731555,-99.74297582212334,-15.984970040035481,27.186119679750284,75.85738785527587,27.251162635479243,66.14914736107771,0.5504357336879008,Moyenne
14.731497526916332,-17.51892590251563,-95.32641529750016,-14.913859521490403,27.022616561960376,97.41198584045459,24.672688202036618,47.67404027034025,0.6184721286998062,Moyenne
14.779319238115345,-17.413323462112963,-80.28609839884946,-16.581397544064778,29.621445752813358,120.8269704865862,32.58314147951151,42.75175172623074,0.731615931181912,Bonne
14.72799464439718,-17.39061946334115,-71.25923207442091,-13.688881625141388,25.59197970986426,130.18839121434846,38.948593705640064,49.33920717348054,0.782276129243872,Bonne
14.770473062455252,-17.54052505448372,-87.38256161972687,-6.248320822143446,29.922453573702263,107.35519500320954,35.16497973990949,65.78232256378308,0.7773740639445386,Bonne
14.683153666271014,-17.352560805116266,-98.46608660021938,-10.38513023119996,3.5640165843145404,41.91692708070545,15.192023270799027,86.73699482633903,0.3672580058477628,Mauvaise
14.70179351603597,-17.410594622536767,-97.30579875332569,-13.232748319428309,24.478735481973192,84.76462353142512,24.029856739304538,65.61661962940677,0.5792736205513508,Moyenne
14.715584938827016,-17.485719601668432,-81.74100194267562,-5.918248876002993,23.805990807851757,95.63171967373813,31.94459439701217,64.09487635886963,0.748657357874612,Bonne
14.691977258672267,-17.519741240860924,-119.82299550176467,-18.321500745338486,3.0829125727256805,14.068508082709743,4.499694110641376,117.47675479974373,0.11326789326842437,Mauvaise
14.776992723385362,-17.47149371706436,-85.92258643970877,-16.05613350937394,-1.554685784965323,74.58480634660351,13.924617197382915,103.06408201059169,0.352824910963071,Mauvaise
14.74433886200664,-17.505886867888275,-100.44788442572535,-11.077559528575375,29.279717978715986,98.6479299816692,31.720886406393525,68.96119843443375,0.6380311456929977,Moyenne
14.712254575783733,-17.45116935528038,-76.31914677976036,-10.382263275295491,5.360859303221362,85.35577742857629,17.88910842180579,89.75286949719458,0.5449199894153984,Moyenne
14.747669611157272,-17.393621458301936,-114.88551480972774,-18.446194908123417,25.481212666373214,61.219078990799545,20.2844078797751,62.35180016028586,0.414749567288949,Moyenne
14.710767524880744,-17.41797392220989,-87.64887531783853,-13.35745738930015,-4.855549586388864,43.91792584279136,7.093559691543874,105.11730014850812,0.31199436591675406,Mauvaise
14.65223929255783,-17.462813019043654,-93.54649105626319,-9.911844492367782,-4.264131747313923,39.1630343806604,7.116000287119009,110.8549930389357,0.3132321095443853,Mauvaise
14.720615143015344,-17.52621121508399,-84.6720960752125,-9.227012350352378,11.305495804372892,84.37236352829868,23.37391178292558,70.6227467903314,0.5744601646757334,Moyenne
14.731274078438956,-17.3585686155264,-116.43305230343674,-10.06604136477223,3.3550139377272252,8.045451516425636,0.2,99.05977500993623,0.22879707041265146,Mauvaise
14.777556964433412,-17.495925894909902,-88.10089169145277,-14.512114858947056,19.14444492025875,107.98048107663044,28.89391406055051,62.41764001177505,0.5954007259821478,Moyenne
14.655303070273881,-17.494433090824998,-89.1183476622262,-17.690718269629265,14.7947513948784,72.1910778782941,18.74735792184446,81.57158838291629,0.4699527115542797,Moyenne
14.716572604469167,-17.420899555632296,-89.1636948071106,-13.020425750129323,-2.2879970892327997,55.59237699500034,9.268997895956634,98.77260962549263,0.3452546051009041,Mauvaise
14.662760118372088,-17.39589807557058,-86.80817833719499,-17.197437876847225,0.6919903710500979,59.000496550328464,16.833356616615195,91.52812657758683,0.3471296999774638,Mauvaise
14.669369467204225,-17.35316944693653,-82.79426345255007,-5.733268780710661,8.581724452044499,97.61985555527984,21.013244061988843,70.98964498756133,0.6117921365271053,Moyenne
14.729360234065902,-17.35616714787444,-75.72560501755765,-12.347607875683204,1.4961422384401608,82.98567274101808,18.561927655553912,87.44276909853437,0.4931440423362503,Moyenne
14.680103802594644,-17.367247895153586,-105.15986039294822,-14.558371559003854,22.7277821535375,69.80455734159705,18.56161823405904,66.96233532199619,0.4913647968254392,Moyenne
14.747392634468353,-17.46293728652333,-74.62228244009658,-8.271743004335399,9.562458244364802,96.28537875308942,20.44366410955003,78.13930207804603,0.6314740150888964,Moyenne
14.716845830037386,-17.51666606804871,-92.59593747551006,-12.028719703848306,-1.7298846605125258,45.446390526765946,12.204271811219467,90.94627279953345,0.3370140956128691,Mauvaise
14.678367675071547,-17.433105759342677,-115.76179464761178,-14.659523663825698,11.95200157952437,23.96662669813751,9.082342342549765,92.78325545614078,0.27703658108451473,Mauvaise
14.714192918088138,-17.546548698890646,-116.77969889158115,-7.632451606528775,-1.820663662850504,0.5,0.2,107.58818746521166,0.19538643614009715,Mauvaise
14.650114624498055,-17.510750232200923,-101.61689247171665,-6.859869885984292,-0.4871943103063989,17.99734242393403,9.984905370848827,92.41529824082028,0.3254126534816522,Mauvaise
14.762156205675518,-17.549494120641047,-76.83066625886929,-9.577885671958523,3.386344120987186,74.77674041490384,15.329967057978195,75.21464574408394,0.5329369109373846,Moyenne
14.65164818901725,-17.513892817485694,-81.07754858924963,-18.342498086292657,25.08346968366214,119.08635861888351,32.98899217098491,47.951876203853786,0.6643256965073194,Moyenne
14.650911286023984,-17.45504857532075,-76.62617694301764,-11.07147967766855,27.361438631654018,132.85977685445422,35.46256709060471,50.52457308051798,0.7980934092607022,Bonne
14.729495512613354,-17.471335137781317,-91.55020189571148,-8.313871232038057,23.91902052662242,82.3680602705641,27.692686527546947,64.67892559070678,0.656801049075122,Moyenne
14.77655772035271,-17.476140687014674,-95.78905511244801,-17.088957830829848,6.692702609624654,55.446317903734084,12.60341564174794,91.89388020614453,0.34694204752417646,Mauvaise
14.761271352966016,-17.38380942721323,-111.89011103115439,-15.798609480615553,4.535625438809108,29.36534173123281,5.273833401872353,102.46109769151431,0.2213282463224484,Mauvaise
14.68276245863663,-17.415000739070866,-101.94939855148786,-6.645068529046089,14.22044917765837,59.82362327077749,14.03693243995551,75.90041441161421,0.5048021460764537,Moyenne
14.6755666854492,-17.36271364742578,-96.12893486043686,-18.718295894056965,20.264860618658933,78.04022280835281,24.988270310032274,79.35443908583548,0.47491727970785325,Moyenne
14.731394583482349,-17.460931781864467,-115.12697636762105,-8.461820070436335,29.76804758560612,66.52294618587074,21.538744006706704,62.594068537515696,0.5622946031866943,Moyenne
14.756942907112869,-17.49555406490481,-107.86634260088339,-12.36717390479808,-0.39502508423758265,17.511060570205302,7.876496394226262,108.69408736880798,0.22176912891187128,Mauvaise
14.697070227217004,-17.52546309239333,-87.09760882649437,-12.745189776245503,-3.2747800341668447,46.29066045376143,9.549825762038221,98.46537255180552,0.3419180905047618,Mauvaise
14.706206096747719,-17.41559452086297,-79.53852871684455,-18.90064854507158,19.302456114834484,110.78000161299202,25.49788276122543,67.77386921543611,0.5956676029806061,Moyenne
14.665013636778108,-17.38165178230567,-65.09088687338777,-7.528424766469101,24.127902422636694,150.0,36.3942796437147,49.79721117217382,0.8888835823325811,Bonne
14.669867434763196,-17.51325212714765,-68.67876677610433,-13.96245139108807,24.622207295324813,132.5409117360308,34.96540513768143,55.583433848388744,0.7832976576289176,Bonne
14.723885707353382,-17.374249451097494,-84.65891402556446,-11.4292811617924,18.74622421770062,97.02715353065025,29.51904727862703,67.79268644768055,0.6292554985109837,Moyenne
14.663345298947297,-17.444744759660935,-96.83135706882604,-9.517790391300768,28.390553144171548,97.75421575633698,27.87541165907637,66.33806084433706,0.6677031020344389,Moyenne
14.676265996223467,-17.52118387357181,-85.0102449410472,-9.16318592986918,12.885166724060543,81.75408157347448,21.43739983387488,69.6658964640969,0.5848592255389431,Moyenne
14.680508013121544,-17.42142733501965,-76.78916100558723,-5.616279176434988,26.98351794176744,138.21134860222398,39.24689632375898,38.619066646915215,0.8657022379197913,Bonne
14.707710189317773,-17.445989451692558,-113.49150949921369,-11.561240654687474,28.873424794703304,51.84420045429184,25.014170995957567,58.86152520658875,0.5181486750098638,Moyenne
14.655929555336073,-17.544363290537454,-97.45523106670414,-13.403926286358015,24.65051099510877,85.37865581379108,31.134144871240174,73.89548590876888,0.5731916351972614,Moyenne
14.714970226320082,-17.470151359054675,-73.81087429004106,-5.64814922911609,5.841549714051721,98.75112302559334,25.032413810513546,79.80025327174414,0.6334747528197915,Moyenne
14.77072767283123,-17.393042401411417,-98.88918764368258,-10.010456709642705,1.8675477909603346,39.27072212055121,7.034580013294768,98.62206589668519,0.3438537943742577,Mauvaise
14.65318027594548,-17.43891524931558,-88.54702508250475,-14.825895012128221,14.184202274363646,77.27175023766688,24.90733537637821,67.55918519064693,0.512952547748087,Moyenne
14.73202803247697,-17.493591774747493,-87.6726851525791,-17.229500564350005,10.855516263306596,82.19352180273883,24.489331457135705,80.7794153512336,0.45954544841850137,Moyenne
14.7586595074697,-17.36427164732349,-109.85380607764984,-7.204236979487462,25.721541976745655,77.94235950466381,27.154686653514773,61.241552814916936,0.5821682114457414,Moyenne
14.690619909531392,-17.50244419239123,-100.07705070912414,-13.929457560881879,-1.49889151264962,34.55631433091019,9.88809614368188,96.12687073639329,0.2634791080749367,Mauvaise
14.667097410852499,-17.49945279861348,-101.60187911919374,-9.753423900897964,4.02090214590315,34.90884691067388,13.156542795141922,92.87171313678172,0.34974023470685256,Mauvaise
14.655634172389204,-17.479072130743948,-118.55918103073644,-12.408570128877425,21.3129630581548,50.7249449172716,15.515377648923957,83.07426124515183,0.3993632629072871,Mauvaise
14.733707397726654,-17.371092427748774,-118.66945298597547,-16.214983082869463,-1.6754674257940754,0.5,0.2,116.16168888494076,0.0886518637065621,Mauvaise
14.721790469429779,-17.448474920914897,-74.25666259783246,-10.576387479313489,6.226754490759507,98.17867762035446,20.312244277597927,85.33040106546399,0.5772831721790236,Moyenne
14.67980834849096,-17.413564188154837,-104.98110545149532,-18.150437034690448,8.550438791889409,56.49906939508949,7.247553242000933,78.56621022417274,0.3112919174629486,Mauvaise
14.758110249992127,-17.354747165497944,-91.50566785686516,-13.21320556180331,16.79078287969415,63.17731635720925,26.754950212148216,73.61713850089542,0.5183023618444094,Moyenne
14.745615825779804,-17.39334074062153,-103.57009345261748,-11.347390844708606,0.5346426001777607,31.888666116470855,6.274838233455176,100.28378774636711,0.2840825143608847,Mauvaise
14.685935742048281,-17.51547997626978,-68.26264151865627,-12.895342362339893,25.121157162239832,126.30995224718298,40.566877669233065,39.291109327607906,0.8059080461194129,Bonne
14.747937192972403,-17.392329214192007,-105.73867826238245,-8.518589546486128,10.6639782413196,67.1065121192272,9.761748645425062,88.78070581400225,0.4322718994971553,Moyenne
14.6818492477551,-17.4003325701548,-96.36887529935856,-7.409050636365626,27.095759915819478,92.61943555235986,31.485800349304764,59.428512263070004,0.6811927279446242,Moyenne
14.737784770042627,-17.503476601104555,-71.9998362233469,-8.202596963535507,11.375446977187607,112.32215830928845,24.27822823132195,76.56650590938656,0.6791443313769008,Moyenne
14.665410855339605,-17.48493003382248,-73.69365382645051,-18.45661873063477,4.626409062925667,89.69107174412629,16.59259927986276,83.33514814372522,0.4750483962065091,Moyenne
14.739991130233317,-17.407974352027384,-109.76442201845475,-16.28219721375639,-0.03599099593137911,12.903823931011686,9.438612752868144,101.04981306034253,0.1730356714178648,Mauvaise
14.681040674467694,-17.50232138118643,-75.85461796123593,-11.48749487030716,-4.868921685105032,59.93288171826944,16.364573542016224,104.35716804535903,0.4127690840963614,Moyenne
14.724421016051423,-17.508362626199478,-94.79972122941591,-5.9124914337867835,13.625511974469248,84.77693124373752,19.993333212390258,61.81428978277921,0.5808940223052733,Moyenne
14.672420302690744,-17.409305445573935,-93.43671203530546,-7.310605149270364,-1.2495156075576803,52.30606280629184,9.5243035177576,99.28172123903133,0.3883994356084387,Mauvaise
14.744375703183833,-17.37388090143605,-112.65860151712309,-7.204516883074778,8.710471727091239,47.44999357409373,10.98534973442814,80.39570280884217,0.37779535543510584,Mauvaise
14.657914344671097,-17.534996663475578,-115.56691674335815,-14.755085287364551,15.624511643298035,41.228891504148805,14.072623023885505,78.83325006424496,0.33511660302353347,Mauvaise
14.671504312284354,-17.460818452948377,-79.96333811644291,-12.987729440898164,4.64900639159451,81.66369495520408,15.89030827084672,89.6734028282418,0.4873861721277879,Moyenne
14.67393774238321,-17.4285649559342,-92.69463662045851,-12.410116737576876,1.1328502328140342,48.5472856856063,10.11371553645458,85.93301630974025,0.3633701336595946,Mauvaise
14.65537466616102,-17.414744642833586,-95.97321135616512,-16.796797833101255,22.115256791326956,84.77939665225313,30.772209275387183,56.836843052785085,0.5339656030202393,Moyenne
14.746851627100831,-17.350760817525035,-79.87704742411819,-18.56504617657761,28.137691029856718,118.14930597889357,42.75588735034238,71.60746376637877,0.6779610366181813,Moyenne
14.777523825616191,-17.413461607936657,-77.89679055548896,-5.743359407552763,-1.4845853748311901,71.2783668334012,19.38491905888908,82.25766286337237,0.5182613548994865,Moyenne
14.751191712493519,-17.42596917740057,-111.26005077818556,-15.630023800710905,0.44566135347527513,11.435263624945524,5.805616995555617,118.6472641800219,0.16279352297076533,Mauvaise
14.761882155075911,-17.352053169538202,-86.43761677872973,-15.640715347869161,28.60044300384515,119.79220886116337,31.753897132030392,53.478690028411094,0.6912034264198752,Moyenne
14.650780995843977,-17.537866371924363,-112.55552547472729,-17.832693247237366,-3.67755223657138,8.660583971662524,0.2,107.59992662331543,0.10137564884841242,Mauvaise
14.665323095290697,-17.535112620769382,-78.6743702684025,-6.0008914727870994,29.21713177926653,132.9892904516546,33.719115420255086,55.03377325451363,0.8542784978474008,Bonne
14.722672644108332,-17.437863494715184,-83.86746640530733,-10.883680390843192,-4.837443092025393,67.15146044444856,8.600373617664378,111.20553281557984,0.3784548976139996,Mauvaise
14.777122955023241,-17.478267077130084,-67.38619584040981,-9.661484000245046,25.578402947796597,142.2985293687718,43.77320564359149,41.345480464402556,0.8638753873150766,Bonne
14.735892681036265,-17.53066049725059,-116.20730910039684,-6.237923578317265,5.756381334571234,26.014153221295263,11.775755638208764,96.15235690895062,0.3115340742413706,Mauvaise
14.69863777018595,-17.488710220781442,-116.86199033668102,-14.161317635388947,27.85061003620538,79.44791221273768,23.83256557731159,76.37199947829295,0.4790693450275594,Moyenne
14.66899940971259,-17.415129102518474,-104.47971089187399,-10.298897644066823,6.093085102245491,51.02359824266557,7.815421230177467,96.7895052576156,0.3594630670736035,Mauvaise
14.669868640269744,-17.373877007262674,-105.60618739452516,-18.456807633795577,17.90072125369196,71.49628152432989,21.247507069633674,87.27711721749864,0.3939350565029858,Mauvaise
14.697157916301181,-17.53113510466869,-106.41616605104001,-16.38518460476419,-2.1988600581922175,18.24129187268355,3.4992887558696286,111.08657443989134,0.170302865465473,Mauvaise
14.74279532565472,-17.44197098750318,-70.15599807134299,-7.3625587287408045,3.481543400880865,95.53503452502102,14.423452739714193,97.16183044406432,0.6000226692515688,Moyenne
14.654136507833238,-17.490776887040717,-106.27495900827716,-8.2652430112633,22.078777126773776,58.943913603236844,22.120210248048412,74.34215236691064,0.5313653960413405,Moyenne
14.760783086890013,-17.41653476734124,-105.0427650629253,-14.091002319599944,13.504004878758689,58.42662435825969,13.16209652060506,86.13812663470192,0.393788284262599,Mauvaise
14.772401686639673,-17.4401097011085,-78.23309556701199,-13.724651211161024,27.478917162546566,130.1572532820835,32.42949827805829,55.308179953716596,0.7560169247405735,Bonne
14.765546139869008,-17.364657798795566,-95.2643086652203,-11.530237930249887,10.0062992919474,64.25035485426974,15.910677490832054,83.7202090768103,0.4520174224070014,Moyenne
14.768693498221596,-17.542463222610024,-77.28091936746503,-18.996625934408115,25.44343280348731,133.72686098822695,32.26711226500111,61.94030506088444,0.686426351814472,Moyenne
14.651994106324375,-17.455992545011974,-116.4048613339588,-15.62257929546761,10.713440311738314,19.876417776351488,9.654936294019212,95.27970095475203,0.24683974605834116,Mauvaise
14.777113001073486,-17.51144808892986,-93.18358434796386,-16.084754679485,29.27368975456948,119.21418892688318,30.630336656359667,63.25488737334762,0.6483248770151611,Moyenne
14.697626424935745,-17.44264365826715,-118.15125198991946,-15.493238745503312,28.59420334896069,69.54539581858057,16.035576869257774,76.69217753591208,0.45402411394841824,Moyenne
14.763006545387473,-17.379284131186633,-116.5540738099555,-7.717318204531821,6.51978469446281,20.33257207478548,11.330757419288041,102.74927209471466,0.29025590642842236,Mauvaise
14.67428515319095,-17.36773669444279,-70.14594006605739,-15.084566008349796,26.007328464588113,137.57672211433953,33.70392073324555,55.169143773176046,0.7804567085425528,Bonne
14.708048346546091,-17.470353667356562,-112.34150458853226,-16.318701491297926,24.666398097547724,68.19712811657935,18.089756906905695,63.938081427500435,0.4503569624057413,Moyenne
14.655741370521117,-17.387643895346837,-90.71686247486306,-11.940311548897558,2.373813906464699,68.69577146217243,11.925108112952323,89.09641994207924,0.40786800116724164,Moyenne
14.655209879589568,-17.4938983850549,-97.38974185696114,-6.880969490781753,16.85016402741444,74.95062864751502,20.383700627145824,82.98222182117814,0.5600917039044989,Moyenne
14.772625893100052,-17.548739010736163,-100.89611705576365,-15.621104146275002,-2.45611895435648,30.716610312322636,10.344015212928701,116.23086866574081,0.21543951266538436,Mauvaise
14.755378859628774,-17.378952188495408,-70.50916598720002,-17.90049260090082,24.284875220421156,134.84911608360926,36.1294749149395,38.20685758158351,0.7421215339960269,Bonne
14.718877385773792,-17.526117551518677,-118.79971317734808,-14.010333698104695,1.109105922622379,20.5148923453648,3.89587098609244,103.36421746012398,0.16397690849976096,Mauvaise
14.71830956256339,-17.54647777532741,-83.4915672603426,-8.53287445609031,-2.521485451498242,56.07029993092488,12.836520205581163,97.29024971856892,0.4237392234050317,Moyenne
14.747338100401905,-17.479240467326413,-67.01330611825472,-11.290332374272875,9.007668343858391,109.85665549773118,26.54509544680804,66.51105637516744,0.6572035918775472,Moyenne
14.694416941604164,-17.47412400207501,-89.1907499095987,-7.564892825959136,15.192274850987523,96.46776008974521,23.347018436592748,68.28649551448342,0.6145895318013539,Moyenne
14.749043005862053,-17.534555965845545,-68.47476458817995,-5.565709933470725,24.922093549591985,140.61317396818097,30.681095451144582,55.72207208560264,0.8849257742303565,Bonne
14.713051089399125,-17.387163470703108,-117.12581663926869,-7.902725325477361,29.09848839326078,74.17955938012896,21.625150597019918,80.6197414904773,0.5472825580082148,Moyenne
14.73292926237849,-17.468881453958335,-96.96636745092113,-10.546756896187453,10.382237939945227,54.63141075810087,19.816121281852737,68.84514378641406,0.4567908595535953,Moyenne
14.775427828513408,-17.452015277246083,-105.69132149708719,-12.093217767266673,-2.8843576955155426,18.913697890892582,15.81598012157866,106.23538625555743,0.2182727594459078,Mauvaise
14.711271022477634,-17.497074946409434,-79.80484692605987,-18.439032791124266,21.219045265905475,124.64532306503101,26.308708464394346,65.91176047878238,0.6306954755667294,Moyenne
14.704392605767039,-17.447698649530683,-66.02866002265144,-5.219492296603422,14.78106396783781,117.90268817105982,31.50595365053152,71.26111923282215,0.7819846761876399,Bonne
14.767747392612376,-17.396653721876536,-105.89084656556636,-13.631264283949404,10.67619706955621,46.12756265949194,11.698401917118094,91.25722380167846,0.3541380040312426,Mauvaise
14.767335464339125,-17.3687634568999,-84.02039691892591,-16.868805005163864,5.824410757726639,76.86762860041107,23.812904320475127,99.74622395218829,0.4222374221330281,Moyenne
14.779014431244812,-17.355894079852973,-109.1046301982143,-9.666076024449605,12.583948474523748,37.7767894681393,9.560795080417174,87.71080847146955,0.38945809364427747,Mauvaise
14.72161218991008,-17.464655215079727,-88.90683599856146,-15.01996395266357,6.853786155996083,65.2554701654625,18.555076180648385,96.90871790409491,0.4144958593023103,Moyenne
14.69475400033346,-17.35199322824631,-94.48371323214151,-10.799104206965334,21.49541537115761,89.26961170227976,20.75585783004822,63.25314807207529,0.6012508932912624,Moyenne
14.681250708213101,-17.491008857655466,-66.53970687026546,-10.785249290175724,14.036279377242437,121.32851094832927,28.580798155294296,66.75594053619083,0.7196094446048109,Bonne
14.654432526403717,-17.54860481294299,-86.53100000169434,-12.759782507359832,25.68967209539392,120.51946035460455,30.593980473933296,49.27168846082015,0.700143655237995,Bonne
14.744474721147414,-17.396476591220473,-100.77714953522496,-7.294339382369403,14.024037012730474,75.05857737423653,20.75389861680142,88.92298099742052,0.5091094683952575,Moyenne
14.680351902585608,-17.51431287029176,-113.72473183116367,-15.290461138223797,3.339184466897551,12.497645844809577,2.302272507445419,101.53772816923767,0.1902583457669933,Mauvaise
14.728863315079336,-17.53950903237523,-111.6814244195786,-12.719143717351722,24.788215878125058,66.60815839630641,23.25340171437718,74.41570725959448,0.48499418892269386,Moyenne
14.769157007497371,-17.36519821548046,-107.60756885268206,-11.4723101997264,14.502666572551536,57.46645256294168,15.545550672511192,81.61272373185419,0.4184725818280684,Moyenne
14.773527768961287,-17.391637833900603,-106.1968336262836,-9.709253909257805,2.239436335024644,42.07503523176074,8.217093824175928,105.34479227606526,0.30873119167463664,Mauvaise
14.650573317417441,-17.52946703969235,-73.21611681873742,-8.024394092921748,16.822773348467774,120.92607048361897,32.025298601424765,68.57484167142297,0.7350424472843833,Bonne
14.691219754078926,-17.394617969523136,-89.13274664446112,-13.472698039704415,7.520086772984964,71.84181146312467,13.219929336512216,77.62440306805891,0.45499516781697624,Moyenne
14.75885914383048,-17.3812000605146,-91.21349987440985,-9.955342782647655,24.5541964302223,105.3777833298089,30.694997464557936,55.17606048050912,0.6758397417238884,Moyenne
14.7197378766957,-17.368939666963488,-113.68771204719305,-16.89144665704073,10.865490852629,39.8520218997199,9.10842982105446,91.72563338482546,0.27171382575817554,Mauvaise
14.75497613535268,-17.44126118650673,-72.69231686578108,-5.9429265924053,20.425447533759584,115.85224205741638,35.1431227355388,65.39250770159134,0.7881287674414494,Bonne
14.76093202676893,-17.40931758589438,-80.24521332353339,-13.637176710105951,-1.6562327327316995,67.81306222457998,14.758485327464763,109.33223624632518,0.39788887894359665,Mauvaise
14.707541408592371,-17.3975521442078,-116.27824009549991,-8.786700092329863,8.860852120582116,37.72198403232392,7.876627306431345,98.34394192748584,0.3206953818378368,Mauvaise
14.696667781943223,-17.41227221296878,-81.06906965236271,-18.715224853649513,29.413450276533958,125.35062799449926,33.44516290797435,59.36250217632401,0.6961497489365934,Moyenne
14.709206324586567,-17.420633275938883,-90.10539804615446,-16.127379999332703,23.296110131700193,100.44861672531735,30.240272759102062,51.030067458275894,0.6028061952347927,Moyenne
14.734863376341155,-17.440488149444423,-115.5051059839272,-12.180844379469908,0.5979280828425022,8.897044396800599,6.774617620058017,123.2438451722596,0.17229670703127634,Mauvaise
14.697730689875286,-17.454160909160887,-94.7934647159239,-6.704465451747149,4.721741731703927,35.78371748148221,11.528951939038826,96.89211038681381,0.4237462546852317,Moyenne
14.750748477530708,-17.350774996087036,-93.34170420784741,-11.61842790069052,6.543553309972637,60.5709308844821,11.511871146890059,88.44595617029941,0.4250488613928065,Moyenne
14.767519063179053,-17.48248784391557,-110.88240029101983,-5.981813247885693,17.7627946173406,55.439844185170465,18.707749259117154,79.71159928701869,0.48662138053552295,Moyenne
14.686700456280635,-17.532346245911093,-67.98660191498448,-12.226843447840851,21.494816582137943,129.31246278175504,29.905468111150892,47.64362926387791,0.7809274497069038,Bonne
14.77544865374265,-17.396992606999277,-73.25135456856358,-12.1337126456967,21.23343130827684,114.70246425891776,28.308890504047618,52.66601135850466,0.7330097486168786,Bonne
14.73095428207429,-17.507235124426103,-83.20377144689904,-17.323544960992553,12.845591970724097,83.19992080346663,19.682493546508507,90.74135344915814,0.4943366215364276,Moyenne
14.764161940258566,-17.44346132807626,-94.57374414496661,-7.762812581868923,23.378718824335294,98.09557353131186,25.017941277180142,57.91594300487747,0.661818211135854,Moyenne
14.663509136585374,-17.530839696679887,-97.35289521285203,-15.542484225461125,10.297732896511627,76.87574211555004,12.125904035413594,77.32583472773638,0.4170230848030469,Moyenne
14.682694887817311,-17.426143227836643,-84.19645930669752,-6.4054251487875895,-0.6641802146553335,72.597125476547,7.249913364252401,89.20049509992673,0.4805282118830646,Moyenne
14.691732480326237,-17.361198519219357,-90.0012471826202,-6.248460915374455,14.755464457883466,71.75404066666817,18.42205602358998,66.25746496745207,0.5971681437228084,Moyenne
14.689366879652686,-17.40545905747861,-116.57497917649629,-5.7936584337619035,28.33054846103873,71.32065080643939,23.957564550671265,68.9184253827332,0.5712438978106374,Moyenne
14.67234195035781,-17.50709304435468,-91.81235431763176,-11.71677315255674,22.754777798737898,90.12325425102749,22.97938823156511,74.17015462602315,0.6103599479146617,Moyenne
14.762866123178227,-17.355772390942228,-75.64780105219383,-9.52068701302898,15.254522669228482,103.24964704965726,26.18062646632959,63.801240126391086,0.6778108341604677,Moyenne
14.704419578367641,-17.488582613795092,-94.7418067321673,-8.10077767913671,17.638198112218394,76.5195199959821,28.027201709391004,62.953741434282975,0.5831414024328595,Moyenne
14.775206927620681,-17.46267700270173,-117.14238823451524,-17.16579533889348,27.56967094624504,67.64581749265761,21.151411390209923,72.45142588490603,0.4337526410772423,Moyenne
14.725851407682718,-17.45037659592544,-76.75469903387818,-10.58659927003504,9.991997805223617,103.17503426444662,24.157846770987945,76.10462293649363,0.6069684963687735,Moyenne
14.667991302633832,-17.351856251325305,-108.9249919825214,-18.519829381753638,6.598794862992307,33.240854785459916,6.6572891554574625,103.79972998459841,0.2290130963148079,Mauvaise
14.720967612278415,-17.536221719856165,-105.77585408115786,-12.034074832557838,29.203454775015715,83.93939168399886,32.91129397520617,59.07823125708087,0.5899475366541335,Moyenne
14.779160869204151,-17.41065434111289,-110.94115056122372,-16.832202457316818,25.22050967286167,71.55517333752937,20.20107060715958,68.53354997353095,0.4575373883476649,Moyenne
14.723472319322905,-17.477613824861454,-101.83817143206764,-16.439079036530813,6.306525461651084,50.03211580498111,11.086893768577534,91.80179858177277,0.3122469504918086,Mauvaise
14.650243014866843,-17.534334936179512,-78.37866718712507,-13.88933406630358,11.2323209076323,104.6307132512202,27.381267153750926,76.25718384794891,0.5747093566046785,Moyenne
14.771300387466754,-17.36299366847343,-91.43377772728344,-12.945879665968958,9.527734515272966,59.34307109009049,17.122389221581013,80.66587823703468,0.4507705904930638,Moyenne
14.680536272796665,-17.43202833617139,-108.7315299217108,-10.275586056549379,0.21834875350018734,21.75331535852425,5.240475002876995,100.18634734550153,0.25463136665466196,Mauvaise
14.739508776898964,-17.399296398482246,-71.71934570163776,-17.95800214186078,28.523676333464067,132.58026996701452,37.019737475484234,33.53753721983257,0.7720809951758265,Bonne
14.716960420144208,-17.501922912885746,-71.6229979776659,-11.948315342675775,9.150935092691558,102.13523539084386,23.513108138529336,70.89594228722055,0.6155933239030332,Moyenne
14.692306388389316,-17.397691815474115,-72.11818662246962,-16.443248176456585,25.63651789232678,132.8627162250091,36.81570323924865,58.28384507550786,0.7451728413511435,Bonne
14.686743138077931,-17.384304911995358,-106.86620837401534,-10.964347549555614,1.627467968823277,27.208386070598852,8.39488421486524,108.6133027669054,0.26934152553275115,Mauvaise
14.770738782125923,-17.463834120557106,-95.18183607004565,-10.07633542834343,14.175478372302692,66.14389232064353,17.679446942458206,75.21725232156636,0.5113427957242391,Moyenne
14.768550366469578,-17.43560870545041,-65.82556891225187,-11.206070408260047,-4.161351520650556,73.87551146221128,14.749863447815667,101.84328612487822,0.4921716882414307,Moyenne
14.71670752920699,-17.35562549301409,-77.53931380295053,-8.663862853303693,21.7477169344808,100.92310019022648,29.257233756531182,60.21625492945178,0.7323931448546943,Bonne
14.683604375419568,-17.380654071658448,-118.50579183259421,-14.301470580627381,15.331986438619744,34.154685527710605,8.05160132302654,77.16005433607218,0.31548043178134916,Mauvaise
14.66330446418236,-17.461029987786368,-116.41374748067294,-8.288507717136168,16.895635421441344,38.439891279075184,9.310842401215519,71.51322432465089,0.41276864956001763,Moyenne
14.670354929771682,-17.417085228248833,-94.4837742753217,-12.94126085608529,-3.189769110587129,33.59054419234825,8.58934206790114,112.72943855967455,0.2780483252188901,Mauvaise
14.717892724346278,-17.3931537046395,-69.99288867761419,-12.221417023483646,2.386341557301539,102.36516006531224,22.988715462471443,81.17189192261564,0.5569558010196772,Moyenne
14.690017894875272,-17.54513423588435,-90.37140111260072,-9.926570218345,-2.3984194676246946,40.6962736789669,12.304251862688112,90.31240157076427,0.3616131261461731,Mauvaise
14.655468858493794,-17.432326802674947,-92.62031205811404,-18.742982624010864,5.112001053133412,70.10414426458338,7.015317697443499,72.44812958028027,0.3605771959623774,Mauvaise
14.709171760090443,-17.35309427731746,-114.19894650238531,-9.844080900116523,16.960365268875286,58.773271437849594,14.16742915124806,80.47928566264684,0.42309335983409013,Moyenne
14.74700460802036,-17.360563870034735,-83.87709424016383,-10.339807912990384,14.816509451108132,77.43475495962271,20.70829776494067,76.23958604849324,0.5862859633339452,Moyenne
14.765920365074798,-17.383511921047514,-74.7843261669876,-14.662140365454082,16.42524375646866,112.45618470105016,28.75436878454497,61.076076363718656,0.6484917626356478,Moyenne
14.726086925938802,-17.528757181373862,-99.07689958708407,-17.798880011407146,14.223794498226301,62.81928777172176,17.026270736850844,72.24533123560003,0.40642626001521553,Moyenne
14.744027976099517,-17.35119170949677,-77.34134819910699,-17.726903701217424,4.556007848655078,60.33729220109015,20.89546934310487,80.0301895526272,0.4352163439666509,Moyenne
14.69732916121244,-17.42809236937241,-66.95378403545536,-6.0748675422068,3.5577624070548826,87.73696192928833,21.999150001325017,91.09387159923692,0.6281865216178191,Moyenne
14.714510963298203,-17.505418350114102,-108.7928447479771,-9.35008950283828,-0.20291107621965576,26.84583063286741,0.2,94.0970027018957,0.26975423648142693,Mauvaise
14.744851491346303,-17.415146262077137,-91.21687028428923,-17.220563407209635,24.717480621622222,116.51987578164287,25.475074217235704,57.30951051427891,0.6090990793338713,Moyenne
14.744595569558397,-17.378695287584065,-104.20741230534834,-14.00587562967531,16.576777548943557,69.22237932038891,18.14850532186853,89.37190888582651,0.43423477711391995,Moyenne
14.705188414394035,-17.527534447830472,-76.39300695313884,-10.70523808537765,1.5278854376420918,81.77671883505198,17.60229866044413,92.19122383160358,0.5029979814939255,Moyenne
14.720676754402582,-17.366712371342118,-88.23236487653634,-7.301996128730918,1.202328293743383,58.238977244326286,8.743271675720644,95.45432709343225,0.44637933865635454,Moyenne
14.770101194141626,-17.365959143716204,-85.0979670347333,-18.38874699801788,25.556246053414785,125.90725146496787,26.495704664595326,53.327771607519296,0.649189948756505,Moyenne
14.73215968864262,-17.547307118753736,-76.11472122112582,-15.687136159419875,20.995580231716175,135.7820480031796,31.225489747526826,61.10185074110739,0.6927359575767067,Moyenne
14.733534701339256,-17.369936175667323,-98.22162400356498,-6.54351413586468,18.078967796687998,70.48643335112203,17.066707138282272,70.58654333861465,0.5735019521067004,Moyenne
14.752000638010097,-17.36063641635197,-69.67004623761262,-18.87168229742657,9.240243763875494,90.04151644132719,20.07776617204607,67.54009048893397,0.5429758747601799,Moyenne
14.664978976521077,-17.542461640603932,-90.6834123014623,-16.18041256088558,4.1691447497481136,43.39098888084071,12.84378548141785,82.33027308359675,0.35721533503492325,Mauvaise
14.717974957914334,-17.49116673529839,-111.31248474405587,-5.573661536378477,29.280776708948828,85.9053772902811,23.071835761828677,71.37029551327677,0.6234004824618262,Moyenne
14.774726125715228,-17.475378498636776,-81.72554850071586,-10.412374148689604,22.903385125798007,112.49686947418397,27.793226180790146,60.22850859147585,0.7122964153490065,Bonne
14.697015850982893,-17.480221905586724,-76.370625725896,-15.33660086707491,5.562272809769677,88.7604171691859,18.05266109260028,85.09570959339723,0.49979282117490625,Moyenne
14.688340399034871,-17.398199352545962,-102.57810776128603,-18.062124678458133,24.664767869747315,66.62154460165466,24.40450696204019,68.8428589613437,0.48007291145727576,Moyenne
14.728157035528618,-17.478379108155227,-72.85514086506859,-18.60532123373889,21.562618201513853,119.24598563010338,30.434044727246228,62.124498529628355,0.6668917160281314,Moyenne
14.67874552519349,-17.358684238021052,-70.16212098788284,-15.573568885083018,5.397819245729943,95.15618630085278,22.433822191246477,77.97825718063822,0.5408495848524292,Moyenne
14.722272870348075,-17.351001474939054,-104.77025319422052,-6.659198525755253,9.929349898457389,49.41197643365246,12.139550702590988,85.3922644711223,0.43574387554374205,Moyenne
14.670234761411493,-17.486636225858753,-65.90631900066279,-13.177208839834867,1.508370588685933,93.78726256493506,21.49159822800814,77.02388209100897,0.5556675314140967,Moyenne
14.725373149890727,-17.4482398493587,-112.26086595731829,-8.915332831676098,-1.1131644467661728,4.631589392615824,5.564098498512214,96.76406683900896,0.22370140860290247,Mauvaise
14.728309293873872,-17.43845883194,-108.88913823786305,-6.144009504680591,20.296671149389386,55.2052713535914,21.614214957492287,67.6085072329099,0.5253089988779678,Moyenne
14.704392062271594,-17.43411943400659,-109.86763384190857,-13.287433537560567,4.3629150073853324,37.617438771103956,11.465000073699983,96.40901244971762,0.2700718420226158,Mauvaise
14.69975703530703,-17.47515820116094,-70.83056594956713,-16.32211680547644,23.702077801118875,134.95047044480162,37.31519706912619,41.866529880254966,0.7499457789064784,Bonne
14.681909576192059,-17.516801299608236,-84.0139096221271,-11.760348968003127,29.846304903004913,127.76621790403816,35.203217658984364,40.96314523266208,0.7729955231959511,Bonne
14.693019900018367,-17.539087891653775,-111.63426442277499,-6.286828381162039,-2.3183065124622964,4.394146969339286,1.004897980384712,117.81816724877737,0.23067848434137567,Mauvaise
14.714784975734878,-17.528730266870035,-95.7822119897408,-7.738758202072191,11.556229377929508,42.65211049009466,16.4023035996927,84.71671014511239,0.4808380288829563,Moyenne
14.682195657133784,-17.369741752481232,-86.15860862116088,-18.078382192915846,23.072189575878106,101.48991004070673,26.361687766400934,58.855614647664886,0.5973354854275847,Moyenne
14.751768480238342,-17.4939249986759,-115.40947532558391,-9.303980798913855,22.613281378943174,48.09789026898972,18.449568474460524,94.4482656372288,0.4507427943149928,Moyenne
14.74217458137235,-17.534635403357793,-71.46709973759637,-10.993434685574648,21.599900541583896,130.4978296782786,35.198607907085794,44.734336373996676,0.779183625152616,Bonne
14.68500976272898,-17.42529406009113,-75.80180555071556,-6.295515531150043,7.214822735566884,117.85236574437205,19.342741163497312,87.81495087972293,0.6412080828328878,Moyenne
14.662666571203202,-17.534938569747744,-92.2136274532849,-17.28526016409584,10.88486394897683,76.56788936831538,18.232981579642743,81.36559416317532,0.42841438123225023,Moyenne
14.650023405067916,-17.535989412066197,-66.80803616074563,-11.523494415134808,15.82389250695146,145.96180481570326,28.661825412439743,70.19054294590599,0.7479020182793232,Bonne
14.727573450809594,-17.42568589882576,-97.02314613986951,-6.687522290833508,29.087920425064,103.78664997506542,30.031506139153315,59.808956906018146,0.7133438849190108,Bonne
14.677477287038975,-17.431720951160294,-65.87393245299262,-13.259666985615599,6.464154482847251,101.90353389502533,22.820881627595806,61.61549282989847,0.6158273836788517,Moyenne
14.6516357211132,-17.54170454261001,-83.26440006580052,-12.25207115173986,27.31003607009002,121.85392065328624,30.755953512150676,55.99861327195484,0.7341399154213919,Bonne
14.696681085176962,-17.45790443311261,-85.09307997103322,-18.013550512662583,4.427492136317294,84.44185711769978,14.2767664207644,90.77784383323751,0.4057008536425825,Moyenne
14.775059800101266,-17.462846338418792,-110.87248075873183,-15.105989033715248,29.617606291579662,91.38849606388513,26.43694246008632,46.892085145022484,0.548357460265387,Moyenne
14.739692564991875,-17.44066217405949,-71.49397329324458,-14.456906911634738,18.45922903896571,116.776004535071,30.60832145864933,77.88175367782327,0.679188266331535,Moyenne
14.761509281379919,-17.402431057912644,-96.48806716436617,-5.768285717571583,11.222901812549281,66.44155901127047,15.799942571256228,86.19722843977796,0.5180454578469014,Moyenne
14.668816082773896,-17.493439990487563,-111.07716268196364,-15.042656952423773,16.468664982226173,38.672018367745,16.435272056512677,88.30449415285896,0.3548896098341714,Mauvaise
14.659527460100527,-17.463443943283238,-119.30658640133325,-12.547837706224872,4.538590916407237,18.85333394807939,3.176159748615478,94.00970148101933,0.21085211662263742,Mauvaise
14.651498869256264,-17.391451463127808,-89.21343739988896,-9.601738070100083,4.596085012901332,75.95616403843859,18.372110100126907,95.23646798905312,0.46333971125866663,Moyenne
14.774236097702532,-17.365488721907887,-90.9930207832528,-16.729432786289717,-1.0255909654777158,49.579078370442936,7.5129305889473486,107.09872238063701,0.2947936857677176,Mauvaise
14.689026355595962,-17.371735405390027,-80.43555076969628,-12.189806580013757,-1.0082395803110433,61.90401209601321,13.580874985936726,95.63607908390155,0.4211341601337272,Moyenne
14.709735642504311,-17.45447380958119,-71.03580708402089,-8.660453447337293,7.168510951411896,102.45719747020878,18.94112952158001,77.85522538766664,0.6327135081458312,Moyenne
14.70128807106823,-17.44582684059958,-115.63263784463338,-6.864027017621076,21.69994172637301,56.1640713677746,16.67791278716914,70.50606361397548,0.49186692967433776,Moyenne
14.744959401601072,-17.44417891156957,-79.76769303128006,-10.232370154726027,16.278990865935686,103.60205423349223,21.437694552087066,67.37521930949946,0.6544644299414141,Moyenne
14.690295434653857,-17.376256886058503,-109.69234307463297,-9.63325078556273,-1.4095403884142716,18.133656990983027,5.859951219665848,103.23867481329057,0.23666485240824575,Mauvaise
14.719608874739826,-17.3820120986124,-72.80026207635598,-17.232031383816036,24.828278374156884,130.50559241475364,37.19921443620196,58.57649330968202,0.7235211912025735,Bonne
14.77942569444421,-17.487693494290934,-74.95150673760892,-5.759129038551141,16.047866944652323,118.64581186118072,30.35299002426693,60.46215690847154,0.7463335240980018,Bonne
14.70772826167475,-17.517430062115594,-90.25634347579506,-17.143962915217248,28.629945187467293,115.713926027404,31.537858855222233,61.05063707368203,0.6453944124653856,Moyenne
14.721665300290969,-17.47420508770158,-80.93664607571787,-8.154578879454824,18.456491359392263,97.45585921291095,24.952106610943048,59.87051832908663,0.6878716007144786,Moyenne
14.715328648100408,-17.49231872335012,-102.71074377489384,-15.292571495103537,1.131120229646335,25.56925121670438,5.442001943431741,98.5374459439172,0.24645756192055285,Mauvaise
14.754414200557683,-17.35984385503702,-94.08576555869519,-5.929695988182479,11.58241768077378,67.18403857555325,22.768190596659892,87.05156492443207,0.532674011886644,Moyenne
14.684689155024365,-17.496816864112272,-74.80997062592405,-8.920566448827287,17.697415914152145,120.11257875707483,33.511732732232474,59.25773074196447,0.7296417044118232,Bonne
14.672156942098564,-17.513758663654613,-94.74041415547323,-8.446608018302834,-4.01073546325078,38.10428432032046,7.401005692161136,109.45250793033486,0.32446697211381004,Mauvaise
14.748032110574432,-17.37010418748816,-100.3210954071007,-15.933171577161634,-4.478140754581724,21.35265301778412,3.206015977066567,111.83784325098067,0.1914655256535211,Mauvaise
14.704030364227926,-17.532704279128787,-92.8183154012335,-12.797440327107749,-0.4708949790501231,49.359222633609434,14.289833392328717,96.2598895142097,0.33872659380740405,Mauvaise
14.768784381166968,-17.49794678971471,-74.44629111595299,-10.350615275749991,3.808255226591477,84.4113313998847,17.52606728387606,93.46353929579709,0.5387483906358863,Moyenne
14.73374070715314,-17.462177761199882,-101.563557394602,-8.220369345107587,10.034219323223644,60.45428275741694,15.163256062433572,88.27796851087471,0.4465254977486217,Moyenne
14.723364604522526,-17.430978524368065,-110.44311237753409,-17.544568737226545,12.060416581592595,45.03200960191361,16.843074191173258,97.6330295683435,0.29389784967853605,Mauvaise
14.659159417127364,-17.48446542072534,-80.83922888180706,-5.526885569636603,-0.1690336871736129,65.71301802696362,12.078930811352116,106.96201955787365,0.49377229123716365,Moyenne
14.744953547667913,-17.4507532006158,-74.5711983010555,-6.536910612236216,18.568705269054078,118.2185236026855,32.38584503987976,61.63044368518878,0.7604755992762502,Bonne
14.739185247516684,-17.51023376271388,-114.46493868120567,-15.215119733061819,15.864832159378718,53.65965303690142,15.604336360674727,90.45809725563151,0.34293920550683854,Mauvaise
14.73320935018333,-17.435145175954904,-106.80692379842304,-7.481356597547352,5.306243459440607,30.483675849191023,9.213397465465675,91.53383146349053,0.35317662147417855,Mauvaise
14.68482823806419,-17.46843663834407,-112.19154056314534,-11.743465077442472,-4.52190407976478,9.451828736300653,0.2,104.55434368902051,0.16418708335847956,Mauvaise
14.773076111817677,-17.38014806254631,-100.86322236298084,-12.53470925813174,-2.282322962634824,29.404193333934963,3.9269268188025026,103.02002495193871,0.2576719470142491,Mauvaise
14.691815166514267,-17.46685317332227,-95.2306961602023,-14.597922518640324,8.70931714287938,64.94232028431165,16.634131562496737,75.75996703406419,0.414214517791522,Moyenne
14.669790024378011,-17.46123691642359,-78.81455146701813,-10.866439787157706,0.3891022907989372,67.5569475549012,11.417268205458747,83.42094271586116,0.4699284801777631,Moyenne
14.778336150141552,-17.431565002131517,-84.18688283150792,-8.781552352149632,8.18868621517898,80.1423550820695,19.65890293665226,87.15139736749653,0.5399149484681717,Moyenne
14.747012016286089,-17.52536599918461,-85.8489287886863,-13.246939330521386,16.98639115786243,102.89218963429256,26.466501686648485,66.74187821031073,0.5947708915018016,Moyenne
14.703922294702403,-17.518640964658744,-100.61937793646901,-10.19093129788391,14.153309975774924,55.75762160958367,20.646195223705593,87.14819880230107,0.46192541370597484,Moyenne
14.77166913601553,-17.39195245055455,-73.7203845803382,-9.209619103825748,3.0911559098087977,76.22241720644199,15.16660331036712,87.24185029155977,0.5447451527186772,Moyenne
14.661845258667606,-17.49531624417209,-94.07920579310095,-9.044294561785998,7.033787194056334,49.801280023945324,18.94467089973792,103.29757303136948,0.4321374014857336,Moyenne
14.661395958135452,-17.41306061421431,-66.14922840916651,-18.272474626163476,16.49109194570277,117.16319535422095,36.477624901323466,66.87432234474942,0.6583160694498731,Moyenne
14.738718632421715,-17.53051460600456,-85.12218239373448,-6.963530720409063,25.129925981520707,116.31472819683412,32.028639052398205,68.03683026528604,0.7484181621078257,Bonne
14.673136366289249,-17.3856306679364,-113.05543921395235,-12.584453593289329,21.362470355860705,45.28381656107868,15.270179779945186,80.18256645309394,0.4244102235647872,Moyenne
14.769228136975126,-17.35235437781621,-82.81023408585114,-15.326174856252997,14.369000939169524,91.57744117444388,23.090390862290047,75.63915203242024,0.5493870287465838,Moyenne
14.759246692658852,-17.475261810958443,-102.11927915125656,-15.615296895284459,7.680254941077017,52.70404975150354,12.491639020458594,100.51918303746416,0.3281750413062685,Mauvaise
14.689827739133154,-17.448893979617022,-82.25200418226464,-12.237802420184693,7.77679471396319,85.05845480246523,20.466945362173277,87.47626900939272,0.5146066013245002,Moyenne
14.765549145695017,-17.46145760403204,-116.16973685106768,-6.584358447434571,25.779605859253863,56.98618723199279,20.45226086153482,73.86544228368449,0.5254848274912541,Moyenne
14.655575399310953,-17.371162450272198,-110.38152095532223,-13.703133856442943,-3.626474838580876,12.625854552831303,2.6714307073144568,112.39398653134597,0.15868617141594943,Mauvaise
14.721322920855874,-17.548013192460626,-72.93445076018176,-8.503839545030393,29.57939255470913,142.02738145500982,37.9062767502154,51.715187760132345,0.8731254226302672,Bonne
14.771623160582148,-17.419308135767235,-107.50512436370668,-17.64453776617894,18.25313937980468,57.95363969692251,18.945725322102664,73.45192267626237,0.39097499125668683,Mauvaise
14.76119978726164,-17.419526345439294,-73.96273811163829,-12.335206169885135,18.83981946753367,116.25630639604562,28.919345024716225,57.197089166580504,0.7049870662355838,Bonne
14.696289532094129,-17.47352299834041,-104.63981513500742,-5.116394034501701,-3.6700756943340247,38.65558235987501,2.7924515657661786,119.62927024180443,0.3028378343186615,Mauvaise
14.673773156580502,-17.506133271576598,-84.64149494677108,-8.213870760907282,16.193524621194527,100.97099506432863,22.982868492036285,86.33304756725462,0.6335046559233367,Moyenne
14.677370276492487,-17.502063463716993,-81.8217184569593,-16.05260116183142,11.967232103165646,110.68275016959763,28.49123961579241,68.63458869391845,0.5501842210531607,Moyenne
14.716886024150192,-17.389907175757223,-91.8039885770221,-11.97981936822925,-1.2977382587076551,43.36203783828311,14.351889575469876,93.77667296233302,0.341590574929817,Mauvaise
14.727580482698741,-17.536779380725008,-103.20791278167978,-15.729253308920068,4.727270376927567,39.32135624989432,11.852202360302222,104.96556478009046,0.2793578338502794,Mauvaise
14.654265861161074,-17.43723517074513,-108.30455929958971,-13.26614701832487,26.161005967477795,63.5472550034399,27.38203541418127,72.37980327548563,0.5076158416845834,Moyenne
14.703761702700536,-17.48863187940435,-118.17458549906655,-8.078823667710493,14.249594555308352,27.125859345486983,14.0089952809762,94.64055593971563,0.35599809007443506,Mauvaise
14.757950325033708,-17.496950437506335,-103.28294793176019,-8.202852585934348,9.469580131086806,64.5734539674813,14.023487794186863,96.39272474459503,0.4312042526890349,Moyenne
14.707762763530653,-17.448852466893793,-84.07604652077944,-15.806594709366609,-2.4561245455716167,53.98219750479766,7.337382512768012,95.3469380041984,0.3423861127656513,Mauvaise
14.671992800823423,-17.37042769874405,-68.39323498533345,-6.088873545831959,19.994253459080696,145.07425784425018,32.27185341611436,61.424760300608575,0.8381858191223099,Bonne
14.774131838092481,-17.426381616192536,-72.08375347553215,-10.704045441292426,19.59977881886114,112.7102786438785,30.48541778071149,63.015535923168606,0.7318017404742154,Bonne
14.68461582019044,-17.392277874448936,-77.86643729055837,-13.681059926531796,16.491526244039726,98.182356821544,23.891589799855907,61.08382723713196,0.6284809640267848,Moyenne
14.753795674532427,-17.429863244147423,-76.63539612106857,-11.97290186906795,12.859192617722723,98.7083620614415,20.720559366212058,75.00378613539468,0.6136091719304919,Moyenne
14.675193241624061,-17.410456844025454,-83.42583030882025,-10.529002451871587,10.182454077258043,84.03099725608824,22.406835285694616,89.1878735000052,0.5449638946434234,Moyenne
14.705012454798807,-17.463518470241343,-105.68422283386984,-11.161532554159004,15.764488254579732,65.25049603118177,18.019176753463807,78.81455080808291,0.45275842710219283,Moyenne
14.713754930170726,-17.364803672958363,-70.10427331117936,-12.190329502493505,3.1688408104942347,96.7665803294737,17.17950196823035,84.33109984526625,0.5556837471599938,Moyenne
14.71508258847327,-17.44961219591217,-83.10972284517914,-11.930940742748398,27.94406724621767,117.27108359687858,31.234808557231098,55.931352463712734,0.7393208487261912,Bonne
14.717141602853092,-17.439645066154647,-89.17576529607581,-16.530233254009595,15.607808521308034,84.55028958714233,26.197614930751577,72.00084604992071,0.5077820601662456,Moyenne
14.679243180289669,-17.445006899349032,-113.89557919325854,-7.621739339734489,5.89173555240318,21.608483117989238,4.627672628492054,104.41979076515675,0.3005597989906106,Mauvaise
14.717069017854909,-17.486762195967017,-95.4119450906466,-11.415355520825784,10.738794780980504,57.96005302525595,17.63537227676145,78.46053754737838,0.4559376943922975,Moyenne
14.712622658004108,-17.503752312880163,-94.68029508389405,-17.164881936134158,23.19896761069123,84.3377300859496,25.531839149417,76.78874228235208,0.5326201325103992,Moyenne
14.677133534626414,-17.53523300717689,-72.44900147625316,-8.273800577841108,0.6565621255604102,92.37289287295773,19.62153338438987,92.69250818158731,0.5533553537318731,Moyenne
14.778464902735482,-17.406365003599493,-89.93434788967164,-5.9457843027170885,5.249246786109115,48.98478273635932,12.629128030922015,81.62736224441632,0.486278290791099,Moyenne
14.762523241062251,-17.492144947365926,-99.07796980662746,-5.737703410682531,18.78278079577944,88.07188249985262,21.74090755734632,87.87327077798118,0.5895583083788324,Moyenne
14.765384925632922,-17.472160407360878,-66.27598193191373,-13.833751746243582,6.0421222268778365,102.67112136468448,24.53905961468231,78.71003244182498,0.5932372867630087,Moyenne
14.739124236549776,-17.36601436745476,-113.91036736705264,-17.102763770149444,22.73755886515131,51.64742435517585,19.73820504582515,69.64350276608144,0.39651263610156906,Mauvaise
14.670786613989929,-17.436710530117626,-96.75983644284304,-11.742405227137088,-0.43412794879237104,46.55809647516025,9.067389254738117,108.9861417275182,0.31756118729856625,Mauvaise
14.723851968306967,-17.530584387219214,-117.6886428655727,-17.42347078911091,21.694015965911298,61.19907173352594,18.02861413496979,82.5456390928161,0.36447328376183585,Mauvaise
14.75678715211156,-17.39007761743523,-79.30527335781883,-5.924176140823359,-2.6076899802301816,74.90671486407928,19.993082334754714,81.16246134946842,0.5033732707599086,Moyenne
14.655035743529526,-17.49877388017811,-69.50578962904672,-16.429885217027955,-4.559258556637682,82.73645691222436,23.165385970500587,89.45528477441295,0.4298372939592146,Moyenne
14.71445960342739,-17.439458831470766,-104.59794687472308,-15.461277960683702,26.437823159125674,89.7540445489968,22.979546382874727,68.28890236862179,0.5356212431440524,Moyenne
14.70149597439934,-17.448003705027205,-72.79120777604835,-13.307088623610415,15.34687259263045,99.21671134882777,21.311159152166894,49.99388844839787,0.6587871995354005,Moyenne
14.67757621485571,-17.502384231529625,-103.92799732459562,-13.635697440172239,7.313941398038402,39.775643012359055,13.531445817184334,93.2086415219134,0.3283247572128984,Mauvaise
14.69917250048949,-17.526845793041083,-69.90764110958466,-7.874719506429553,3.140812293734765,86.14927422097685,21.289651596963502,84.32513626972651,0.5921413901498389,Moyenne
14.777854676413028,-17.50774767870101,-78.53209530217688,-12.611564512286527,16.591002414128564,115.47455266427784,30.310593911678822,58.64410444719303,0.6560803121727402,Moyenne
14.74402163242703,-17.530532440087207,-75.73012727372088,-16.609244359953284,12.815076423785836,99.82111233085509,26.319666649993728,74.30260936995394,0.570073966531506,Moyenne
14.688939820401943,-17.494874396209582,-119.009639441975,-15.259061463194962,29.70592214354948,69.85870968999791,22.316583514370542,68.02575746091975,0.4674709883780944,Moyenne
14.728696156692507,-17.35054049785251,-67.04543036092858,-11.872412607374692,29.412559532881104,150.0,43.50961083432344,35.46250746930419,0.886533239250257,Bonne
14.682065311237139,-17.469581546951723,-80.03309543613221,-16.935645156034113,17.225859814956337,97.49700189917846,30.85286023306469,75.25517358022323,0.5779536412565297,Moyenne
14.729409708173156,-17.377222321733,-103.23868975376267,-10.436820540955804,10.500467713706168,46.79949716620552,10.057105809434386,94.459585948147,0.39986127166195007,Mauvaise
14.76650166963304,-17.440164461574188,-74.38329343276342,-11.079537708283958,12.189933919713173,114.27881053024633,23.048982480913267,70.08867786232622,0.6485758114694201,Moyenne
14.722393983992532,-17.416683384133254,-104.51633408717885,-8.994167570648393,18.88676731829017,59.891905498901,19.323241314424486,75.00222550648965,0.5062958486807841,Moyenne
14.745334196808848,-17.51873040604989,-71.99853882386296,-5.872135384688853,-1.4448909517616522,81.71164297747349,17.08440061718856,96.2323013039674,0.5505109828888533,Moyenne
14.708934069833118,-17.495038826515607,-113.80807852734347,-6.228436144583821,6.492322583375136,19.250581379654815,7.033848713735635,96.51907857568492,0.32402245242783473,Mauvaise
14.718136109296319,-17.447911315394215,-81.29727123965623,-5.754941347036361,-2.365471564873865,60.5520782675098,14.192746504294274,80.44816664450748,0.48251877542081606,Moyenne
14.740359760238134,-17.373771313154634,-90.26158378452993,-15.573981641668187,-2.4323734169078155,47.32126518072371,12.694098651530354,103.91852794590882,0.29896735695222193,Mauvaise
14.755612650656682,-17.541422392823012,-114.69060413925075,-17.158085707049036,1.8543734662981812,8.471787813490153,9.324479109833147,98.50857444393732,0.15024631447367084,Mauvaise
14.735728680248307,-17.44861600808686,-106.69583944576385,-14.76812619304972,11.983863910762942,40.90122513185628,15.78190000283541,84.11697384018487,0.34830887250182013,Mauvaise
14.777073959205712,-17.539797557498314,-119.31777800474768,-6.468807581271596,22.467101240697627,50.38416656754373,14.408747531467318,89.90202290877158,0.46386576777534105,Moyenne
14.756576936413776,-17.458635464710145,-94.21776189945217,-5.391251355271164,11.992356190805538,63.05661788221297,17.97630399316216,80.53686639555535,0.5414525518011462,Moyenne
14.751030826599024,-17.424226368133475,-103.43041065819997,-6.969450685013335,6.741681369630442,37.16640417473155,11.292476504592647,93.11921036569836,0.39500823465443174,Mauvaise
14.759863205267532,-17.40105536171434,-87.09033836362326,-17.45975190421439,-2.1176453382134652,46.19870895579776,12.57995055592591,102.2326939408381,0.29875938022139237,Mauvaise
14.686557421605166,-17.522293598947876,-103.65192057602606,-5.736008027162896,14.260343311409535,57.68915727292423,17.868572216679382,86.72155517423063,0.4962489861332634,Moyenne
14.706166130013289,-17.51668494330773,-103.50444886711584,-13.072987617088996,4.4944005269111855,46.580851054924175,16.070713218681814,88.93125911350421,0.322153358478921,Mauvaise
14.723380179391297,-17.45598701566164,-79.12437406976181,-18.86965592932705,16.52269622710016,116.58618562610336,25.487817028788747,67.99180548917761,0.5800930719089632,Moyenne
14.71011022139755,-17.350392708404186,-117.35214402119055,-12.80648762952529,29.201570869634644,59.09715221529512,23.522100802627964,68.21548581545387,0.4875783953171198,Moyenne
14.76016951636913,-17.478790632868648,-70.34077526444071,-18.355031624543454,-1.1039987482857443,101.41517090052899,24.672063726878008,91.37516228962897,0.45167156649295764,Moyenne
14.6535189072983,-17.46449451452742,-73.12548690848502,-11.385709103744354,2.424388955267897,78.49781128045692,17.34753116000697,87.82610009877615,0.5208455479893769,Moyenne
14.677192804240267,-17.46351065143709,-83.27074242254764,-14.260243615881281,11.558308833478115,96.2247437352482,22.38150242405407,97.98973155349674,0.523951126546209,Moyenne
14.76462185033024,-17.53385983572858,-87.37281364409387,-12.371910929683317,28.90148353710753,109.49561224713194,29.81591219717037,45.448811023193734,0.7187622605734375,Bonne
14.657683017898005,-17.395165570942,-70.92336260231913,-10.415614949596362,22.013342169449846,122.4895817559971,33.83242330668549,64.93756709539748,0.7704071067934273,Bonne
14.679508479469144,-17.49937969511478,-109.8068401259207,-6.836784658550517,26.438021760699055,66.24636605305781,20.733569744004168,77.86685403835011,0.5697231062076274,Moyenne
14.695662542948943,-17.409266588623417,-115.65669607950443,-9.733377929392999,6.680019696652751,22.32407446095502,10.336572870304416,102.63575745185136,0.2769906758304965,Mauvaise
14.74759627290552,-17.454982024232883,-106.8269406549754,-12.92331584130547,29.72134658225081,88.47667141931231,26.85746995542836,57.2597149206032,0.5848754515170771,Moyenne
14.72282349050169,-17.427644051556126,-76.29819467148954,-7.528010048614888,-1.4008514377544912,78.85031048619737,12.508844078603635,105.6127238571676,0.5005793343946113,Moyenne
14.774098611361442,-17.539205672701,-118.09313533004342,-6.321850073976149,-3.145948288386471,0.5,1.9869419259892869,96.01037558433902,0.19862335541151901,Mauvaise
14.679623751959486,-17.372006863116688,-87.94562407040807,-17.32336046994924,24.946091946890984,98.46734867399809,30.220294054795627,55.18486852829365,0.6111642699278872,Moyenne
14.763375652648534,-17.501228646116058,-65.25093660947795,-11.55293831426092,27.45427045724452,142.64883913146812,42.23861783842425,56.300400411905244,0.8617159014092721,Bonne
14.686778753667403,-17.415980922499834,-72.93671483893533,-15.016832563605782,-1.8295124858864389,77.45772458295296,12.74850318240888,88.42194633038177,0.44507098973915743,Moyenne
14.681914773686453,-17.39039617758677,-91.32048710260258,-18.341143229722736,-1.0300400638955476,47.01384696425751,11.423274706108195,111.30799148402642,0.2703296337266113,Mauvaise
14.714788775752915,-17.44199225654336,-116.49974998923467,-9.640346268404205,-3.8389044785479163,0.5,1.8578794527184495,101.70491580769549,0.16202324717469233,Mauvaise
14.659256585683345,-17.482533195584278,-74.27445670878596,-6.921209115570841,-1.342235307504657,79.2057825325605,14.794242965964443,82.40581979787613,0.5344485090613904,Moyenne
14.699959911689128,-17.354419325103787,-87.05618205025343,-16.71936283731648,2.329693588009831,80.76442815727138,10.384113613113726,87.66060553838449,0.3892789201298716,Mauvaise
14.696237875854267,-17.494312057345862,-113.67868516172382,-7.626208793265393,28.952681661850036,66.61387485408838,23.354514870580505,69.9608482164779,0.567338242810892,Moyenne
14.67081320224123,-17.360267532575346,-114.83784933471541,-7.052459730482816,18.375107778388816,44.05777711813315,19.35367405906456,80.1757201078374,0.44713190919569373,Moyenne
14.761903329885739,-17.518755173263056,-69.97052493098741,-6.19923380266923,22.249355893148973,136.0261119662143,37.46265639126085,52.41444394803641,0.844688169220703,Bonne
14.70016565368222,-17.47215557369553,-83.19398553840568,-15.286008752795265,22.164879129203275,104.42945250922251,28.11223514773357,73.76963416018616,0.6286443597542198,Moyenne
14.777649623336778,-17.52230088317054,-74.38922603757845,-6.344657087341551,13.72758124227251,112.3451940744071,22.72382144730897,82.36409778084199,0.7023369200611201,Bonne
14.76696203337491,-17.54955190538526,-71.6561604844753,-14.510721433689948,22.9121142199556,124.26041396207088,32.66528462335385,52.853274184415596,0.7400646744481774,Bonne
14.67532539094409,-17.497948291920707,-88.55252063734227,-11.267267811622961,15.853263633648936,101.82419904443442,21.69846936828872,59.97592274105821,0.5949649179002087,Moyenne
14.715665882403933,-17.53255791981621,-91.54045065347273,-18.292895408348052,6.009113416117517,65.15766050206975,16.506562012481133,71.52057337799917,0.3746511336824322,Mauvaise
14.728234537987651,-17.35273089538193,-96.32649243234553,-18.38566476283759,14.638853806894026,66.56248688618696,19.21792080479252,80.7668471831467,0.4167613410795513,Moyenne
14.75646486538267,-17.397669336409642,-102.56793767148844,-8.91477502174916,13.672800514707973,54.27057339213141,14.412389540063202,88.26129620932902,0.45862224334009905,Moyenne
14.76513355745468,-17.5492590407356,-96.09722215277085,-12.777280308310925,23.820856881576223,86.16603808177771,29.353361265415558,66.39853261916853,0.585987050751077,Moyenne
14.731122342750213,-17.50527068303528,-77.43661893484139,-15.411906744830954,29.360452608358067,144.06065035747673,36.870777800990666,49.17458001233127,0.7764035152548497,Bonne
14.654567446408489,-17.415975151743257,-86.89421129416776,-16.334211055651256,9.386489789732568,66.90281231856967,20.463815858046903,75.52496845919724,0.44900465668032674,Moyenne
14.712565938437356,-17.47028957736705,-70.91121905248346,-9.620651127970946,21.71867374544759,123.54474173799724,28.209188651050297,62.743743681301645,0.7789827934315405,Bonne
14.765024459704224,-17.383631487391156,-95.61409920914468,-18.99437838364524,-1.5082948586653262,35.946157171719975,1.2064642636417737,114.56344047743785,0.22257366731575873,Mauvaise
14.742831648330753,-17.449027844324856,-86.61007317046852,-7.717523631244042,22.1890979306901,103.0155677375282,23.906205597485858,46.174774405060255,0.7082923446304623,Bonne
14.763118452383228,-17.419269716053517,-85.27808457994061,-17.890505514180997,7.999591919763125,74.85756251245286,17.310754464034645,82.55569986300317,0.43252520971550634,Moyenne
14.737630372663952,-17.430592520481106,-87.45665607315209,-16.319145391286327,-3.6213442988609668,38.15117342679581,11.584297418035518,92.662590456015,0.2944257529178074,Mauvaise
14.655724551275947,-17.422366219875276,-81.35514248029659,-13.592690465812746,7.713616249676203,79.92490881408446,12.898490895447638,69.88702341415598,0.5110330046604853,Moyenne
14.77584086530686,-17.503980229234564,-106.94115923938566,-12.21197764397455,16.37249628225757,56.148616392079774,21.809897856911277,72.16221989628761,0.43519214654090554,Moyenne
14.769342410274058,-17.475342112158764,-91.81999223498151,-14.030068378604813,-0.8262441311486697,43.22874225759582,10.796329906262779,101.51312113482506,0.31828677910798087,Mauvaise
14.66645534018864,-17.539874149427103,-114.26763584554088,-14.510029690219886,27.34120723505891,71.92163744507965,26.22605749745166,72.38244358214025,0.4802512883762109,Moyenne
14.664649851689688,-17.43247269706236,-98.8518769795353,-5.505175830975361,-2.28146553545065,40.74414549391786,4.146906934924803,115.35969847982021,0.347080203926978,Mauvaise
14.720080205062013,-17.458148307584846,-93.17831122583046,-10.01788446259248,27.55023519416082,102.07024770657472,31.184335509389385,59.430163156962244,0.6839892276581049,Moyenne
14.748416608492395,-17.397856770196185,-84.12766572499902,-18.671938624856566,19.749813127749025,104.32692721780555,27.63577397558702,52.1419381584443,0.5808891116616318,Moyenne
14.699682517551972,-17.508723507075672,-67.7207921077588,-12.977537281779615,6.539926139497126,86.66605771701013,26.32872999909607,75.41310351418772,0.5849900100409874,Moyenne
14.66772968126062,-17.46263757678644,-86.96419133984043,-6.749878203584418,8.676262169818262,72.14457688461313,17.93454244712948,71.89608648745636,0.5528855817984725,Moyenne
14.716372292841577,-17.513850913388524,-79.1023346102892,-14.779613390250649,20.928327765646046,121.42126022786374,31.383657949373777,52.64202461134964,0.6768659893880221,Moyenne
14.693883597708467,-17.427204154950314,-92.15536672776385,-17.676211173158563,16.051488530842256,78.05136095905175,25.288249573185833,79.64230355156653,0.47146109175375533,Moyenne
14.695730354221672,-17.380393948697712,-85.12427827430179,-8.38261319774115,18.507502250923082,92.40563802439743,24.208225297965207,69.94886931689885,0.6512548600676688,Moyenne
14.733848119789249,-17.396911350310205,-116.09872811264246,-10.515806352894863,8.6207615779718,44.09519677269886,9.126710962624346,100.87588620501123,0.30577573055394625,Mauvaise
14.765129052899836,-17.361160405473825,-106.00846305369842,-11.015624890428946,12.073471863265965,64.48517405681106,8.684881523824682,83.94100498741811,0.4167328990340084,Moyenne
14.722616925011234,-17.355654843627285,-100.09807987371737,-18.24992816549629,29.64536194132627,98.86458739719026,30.824934460317387,65.86486573271888,0.5685073340227318,Moyenne
14.739388326407852,-17.3955932264836,-94.01286547464176,-17.033013862862756,2.48730046749012,60.26401451992963,17.700595041505935,91.51634562278173,0.32625283655927206,Mauvaise
14.735793108897761,-17.49263878292395,-117.4893189973689,-10.284308453016408,9.6249665282746,7.710607417357451,4.882906777467019,104.32870307116954,0.270592027742566,Mauvaise
14.7216490050324,-17.506147724556936,-112.29867463456753,-16.0904662195763,5.2138115650888555,19.21946472638325,7.070988192179733,101.99217891020334,0.2119524405432585,Mauvaise
14.690398558925807,-17.460490193090212,-104.77521307147818,-11.94301888352206,21.778902865394745,67.68028052389138,24.2153513335013,71.0024069067356,0.508533600017678,Moyenne
14.699113244038331,-17.351223261084577,-66.56570200044222,-11.371656395588492,21.740441898300226,134.43134960491312,35.01456604905503,57.21469159598746,0.7986840697486951,Bonne
14.691041493803754,-17.46746639583657,-101.7759146093322,-15.030899336206849,5.235591134908855,39.53257526616126,11.538642335649604,94.32644837752775,0.3063120953185844,Mauvaise
14.769274752542666,-17.510186317885548,-93.48774180383546,-5.7220478224191,-2.151338917845598,22.367950765657742,7.600354801594753,113.85021041921318,0.3577609962409258,Mauvaise
14.757460427166357,-17.361131424443354,-109.21462579938839,-7.205502504301947,-4.5998563164728585,14.223620457762506,0.27052478941932057,113.5498814334171,0.2271524323506665,Mauvaise
14.725315158470659,-17.472816404480795,-86.40709609083274,-8.88677089314082,9.960768663486993,83.3787069988032,19.4699719718933,80.92521573283688,0.549253770617308,Moyenne
14.768591651226645,-17.411820222554475,-104.56242314662141,-17.908085870268273,9.36181580175198,59.78270258696741,13.08143722632696,88.03862143712047,0.32009561121248864,Mauvaise
14.765233130109237,-17.392369404277083,-108.61540818588652,-17.514179729673728,29.593645752395204,74.23462347058361,22.155835376884426,70.19130338425573,0.501974661234253,Moyenne
14.770600271967737,-17.381368819588094,-91.58850543547115,-12.10106115789062,11.443072649418788,66.2243807962974,18.756107994340162,86.85783244920376,0.4781487722863359,Moyenne
14.67883060149522,-17.385743922575443,-119.69718104617685,-16.7500131113262,3.9746429351397214,0.5,8.593838504563886,102.10849831908295,0.13511192078667833,Mauvaise
14.743275394909306,-17.382750627400004,-119.57847820429261,-5.3042835105873625,26.19303043610136,52.75411323217819,18.225252553001823,63.894940464407306,0.5265653478895356,Moyenne
14.729199184990055,-17.416469314484424,-107.95121549939782,-16.78071672361627,12.187378237875247,54.066584375271574,10.036474393099553,80.29997233467684,0.33735233221622934,Mauvaise
14.7453979829185,-17.46923378614551,-117.98032506245484,-12.175450303504364,15.971147232370225,32.48159896102547,12.432441086840683,85.2582398364488,0.3395320470364087,Mauvaise
14.684239317309377,-17.416542629187234,-114.05858352281197,-13.902305204218925,-1.6515951350125562,25.944776289543718,0.2,120.43001582323562,0.16138459696795035,Mauvaise
14.740325179286978,-17.38265313318802,-101.36266428636867,-10.04859009964263,8.402074256542091,48.43486053994126,9.389494003384613,87.84888193573165,0.40231001946812583,Moyenne
14.703277706983071,-17.479871507075117,-75.85778762311028,-17.19349027554805,28.047828606582534,134.313356528186,36.50075974171704,46.116055501459556,0.7469675870767066,Bonne
14.758431933519818,-17.490698401941593,-88.53732461468846,-12.975570007406528,15.632688446139891,75.84710040265665,20.823972185703727,59.8702777460248,0.5489472543750833,Moyenne
14.75339754427103,-17.481258556578968,-91.8032750723971,-15.154129540699989,7.0575649299861585,66.34732499829948,13.9350066750915,99.53921436541646,0.3983444780054235,Mauvaise
14.67747648941166,-17.43974332079413,-103.85811472355331,-6.571478654596367,16.898351322105757,47.40334925534932,18.938787913386538,83.63068494250261,0.5005590891463485,Moyenne
14.67390118593243,-17.539511225037213,-68.7535454311951,-18.431800030114267,26.864388135234066,148.3973326775416,33.14180700765855,55.697031814756976,0.7700032776578544,Bonne
14.743305123767032,-17.394205836196633,-98.16417273195447,-6.207815083909571,4.5896710165406525,54.09567379864201,6.630600304641018,101.4418427216576,0.4248285952647736,Moyenne
14.72156173631466,-17.52222960830996,-115.20989782623256,-7.338082060257994,12.679085146473604,46.37567538304393,13.564511946855918,88.7758929866699,0.3898037130881479,Mauvaise
14.722436768388667,-17.52343226864318,-86.06134161352094,-14.834009969828584,28.554172886911438,108.64431528069576,27.07395065393343,55.4284867543887,0.6890547492527592,Moyenne
14.747826992049715,-17.51046817212878,-113.73888835878692,-7.949930834520535,1.0338650154458424,15.99611676733327,0.9850614993146025,117.64390427544589,0.24183080648445124,Mauvaise
14.761146203092832,-17.434614513005503,-101.01272714590694,-18.563010155257533,20.188237395884904,79.16537111882005,16.377793069886692,74.62884197597235,0.45356096437183835,Moyenne
14.681065307079134,-17.49288632483921,-92.09234337052051,-5.463882295892489,16.506835287104384,85.99493995096637,20.864055120744393,79.03218743530005,0.6149045316143461,Moyenne
14.722220141082772,-17.476381934202692,-71.91776114231533,-11.62767080374295,18.78862958992222,114.39467103682955,32.26500055608869,69.02331682575488,0.7135376646225378,Bonne
14.75776411223397,-17.363670177804376,-92.85493808129347,-14.754065635083766,7.292687073364938,43.59612429208185,15.942666469099873,92.7184108932523,0.3807058675753704,Mauvaise
14.76346324225535,-17.380559564004603,-81.37576786825846,-13.92383502367452,5.985778071931772,82.4084331429,25.88414606483363,83.21365287787987,0.4861615883014771,Moyenne
14.687363220484007,-17.379561893379044,-65.39507385505112,-18.070325051553038,18.947338470592967,131.50305396111966,36.63560793351419,58.630438633431496,0.7054848507674722,Bonne
14.663540001357678,-17.434471633334805,-112.76809840561101,-5.149106803411451,2.544014978659087,14.848897924087929,2.518502492627702,109.40514681620976,0.29442428198701204,Mauvaise
14.680267023004111,-17.376706770541904,-104.88976609642643,-18.449912767890307,9.687916070065178,53.17479268592916,9.478958100817142,95.84533512477846,0.30348757548890476,Mauvaise
14.772914936821888,-17.39428683493189,-98.29831584212945,-9.831300275929973,1.5861126118521298,41.70573198684872,17.825932106477683,107.35954526452096,0.34319398677784957,Mauvaise
14.710122362616577,-17.35935263941779,-96.79945018036427,-12.801697012109583,-4.709330560683459,21.46871314987142,9.011377061594171,110.56159123259947,0.24321128071608886,Mauvaise
14.704414592772283,-17.537126318995618,-97.39384086039499,-5.715172945357988,28.952007601332433,82.88286742722362,30.94666984160317,64.06726265404878,0.6968323223105828,Moyenne
14.651700965335447,-17.544254573269214,-70.08139485938948,-15.556003635704869,10.109604252974666,98.04913112392188,25.7727902129428,69.81331479828515,0.5902010766683099,Moyenne
14.656631908779776,-17.514994011855222,-80.7282045543229,-11.550784464867842,28.927236504693887,145.76062362517314,35.81475866169776,47.180364854298645,0.799134748312347,Bonne
14.736930470831714,-17.364183035898407,-86.56521322501129,-12.247013079841459,-0.08867680812608647,64.44399809269082,8.193881779110509,101.32353887744355,0.39371702361936695,Mauvaise
14.726677518934249,-17.428886978809153,-102.98450051754699,-9.159869783298582,15.557837281012013,63.55092241799424,18.317028426157265,75.96857249534833,0.487357023224691,Moyenne
14.724818678804402,-17.464777496460943,-74.6915288678288,-18.047856752666114,2.0340911476933856,81.63929580259139,18.495522892022336,86.5978523588173,0.4415382541266699,Moyenne
14.664341973883182,-17.44745778770477,-67.47167186832561,-16.286952179673033,22.652594443714616,134.6242031916962,32.52931442738182,65.6808060473164,0.7434457601981342,Bonne
14.695767952043497,-17.384079082354468,-74.83409445973754,-15.996092518700102,22.429604606634133,132.97881649858718,30.893210803030318,68.03845839635483,0.7012749486416385,Bonne
14.755606558023219,-17.364178000839217,-119.91391921446899,-8.665889432216344,-1.0587497836240871,0.5,4.834532606729661,113.85782398996224,0.1695690735021807,Mauvaise
14.672738459109164,-17.40406023313782,-84.99792463991261,-16.35205825142564,26.922255850673622,119.96340309897015,31.720780710617532,54.18879125834792,0.6767480936270215,Moyenne
14.764749342627717,-17.398030433412544,-117.18755402068446,-10.971115305526327,1.8120376521128616,7.61780986672939,9.466296356838773,105.21051531360196,0.19723073950157216,Mauvaise
14.665792179045358,-17.485924391167234,-105.8316028816453,-15.986586512986648,16.454206955627612,74.51594206713872,12.254845550901322,87.52961268730665,0.40962480859433537,Moyenne
14.671989412916119,-17.456592960945095,-116.72614148087256,-6.937250698824302,29.49717670306964,72.49822094928236,21.227483615166108,66.93872206252584,0.5706636448841712,Moyenne
14.712107494949985,-17.37295796130577,-86.79125008778368,-5.80940363714506,25.883878716822732,120.18708680188222,26.099941917310865,54.35237319186872,0.7711375858288075,Bonne
14.772888987578309,-17.392813177985484,-82.23755475790662,-11.741098350808635,28.479737499640912,118.48035371333467,30.524404722805812,62.861465192824504,0.7472928091089204,Bonne
14.692841198158906,-17.413145816307733,-113.70317990637523,-14.067675621071505,6.99095699263418,35.15159704496985,5.612939810634704,98.83189228121526,0.25923592427407705,Mauvaise
14.735568339162546,-17.536950632822375,-98.88886143252613,-15.723191149755012,-1.3048525223187823,32.77861111691049,8.421430613304482,97.70873460794908,0.24957247854356884,Mauvaise
14.72652726327858,-17.54209855610921,-94.90699200744518,-18.303065978677388,1.5921405651307534,48.72267330906749,11.697529706226874,100.31067112362832,0.2826910574619362,Mauvaise
14.669450942745073,-17.523917811377203,-99.70208380314959,-15.240998933235065,12.517321327681483,74.62148155496432,14.828524639391862,91.1114351582033,0.4150199112637122,Moyenne
14.682261697181241,-17.433721780160436,-113.34362497331438,-9.84069908076555,22.763038739566277,50.49971457044676,12.580459705026614,67.07499248429662,0.4781948235336013,Moyenne
14.770919860443696,-17.442722630531772,-96.95787153968885,-11.529362961671048,0.25537754643563293,43.308355325843415,13.676587862710303,97.66988232102662,0.32896807045294585,Mauvaise
14.674027851074904,-17.36146183469059,-78.685207370537,-5.783422104067016,18.090603629126498,111.92039679648991,27.266305812591526,64.10803129525725,0.7340607750292101,Bonne
14.740351285668165,-17.41104807199132,-116.09457845067095,-13.452118325116192,6.325216141382915,25.44968396303169,3.4456783303297898,103.00555503113365,0.2345964838878612,Mauvaise
14.775410282738038,-17.491205476530915,-115.59009922549531,-9.285913207402476,6.942072533725373,19.774700439361,8.227708387894666,103.35270968713624,0.28136702127274643,Mauvaise
14.665535778986296,-17.51770074123686,-100.48757894902087,-12.1494815353483,18.167120555527422,88.19546970418402,21.159667268281414,71.37365045908513,0.5190181547842353,Moyenne
14.701893658724352,-17.380093352134324,-68.20508586095912,-11.823932977061038,11.344979683662707,102.38185832097284,26.10167633222831,58.86730767305561,0.6626409582732111,Moyenne
14.679111178777555,-17.458075179262195,-83.22850443023972,-15.251159595542354,23.421165255909788,123.02495608947179,30.71043217547746,68.91758567212938,0.6614278280900088,Moyenne
14.67880299726259,-17.41930610051823,-82.67315238300893,-12.630689124212005,0.45714783819894667,76.09046147001582,10.919310631462082,83.60334943425778,0.4389740516074283,Moyenne
14.665468159719959,-17.436971278681842,-100.09440050391743,-12.409010041822098,22.648189441846345,96.34300834386255,26.10043096245079,71.50448864852899,0.5648515769782203,Moyenne
14.734441653918891,-17.528508730772675,-87.34865648353039,-9.107004695514926,-2.7517663179902696,39.29793455235523,7.511132523900564,98.10352107292961,0.37726077721253004,Mauvaise
14.747024656288392,-17.538588323263635,-119.44278487847411,-5.831040011394407,1.7918858085961746,0.5,0.6326363926410865,108.54016430491131,0.23049140962331402,Mauvaise
14.737983208302998,-17.47459636205672,-85.01471744747518,-14.389502115244941,17.965240007610788,109.34100482780688,27.766922347165963,82.3151586143636,0.5915361523144191,Moyenne
14.77020533949049,-17.47768994049086,-69.76921788330698,-18.409193439861824,24.922397977887492,122.22081231711066,39.6383292203945,76.81104378742029,0.7078073013055509,Bonne
14.668938245133347,-17.41524037740622,-86.30845924103494,-12.051868242991045,3.8437869708772165,54.111522023671725,20.240013849390838,76.39000560804875,0.4372050492686523,Moyenne
14.69157989854005,-17.42355991817977,-71.94657735935102,-11.37754134991164,6.451706204011952,92.68776860343522,25.502286982435223,87.2148203687546,0.5764808146352182,Moyenne
14.69479446526132,-17.3562118143072,-80.18148194936484,-16.641832284153185,13.799226190035899,98.82588337512972,23.623723099342087,71.51276802974274,0.5547449284842719,Moyenne
14.680170673500097,-17.378380099445685,-113.36928709779704,-8.353495512135066,2.4050482271255813,30.820108977186393,0.3811840674575535,112.03194778573328,0.2698412015960053,Mauvaise
14.668486642740406,-17.450683494844945,-70.36506809927872,-5.210992481819117,23.3904691555627,131.67819522290873,38.96072133095502,62.57572843632095,0.851783279860256,Bonne
14.713271451870414,-17.449994929487463,-116.34558856043238,-5.759153961881546,22.07728257520163,47.5011514131519,21.845229773204736,88.72527770449761,0.48224132063655,Moyenne
14.758477151646165,-17.415174154177464,-90.63178900987299,-16.24051545646887,0.08520991880235673,54.58749802239205,9.322592329645616,98.94473048942112,0.3219680055403894,Mauvaise
14.774090164328431,-17.527181883445344,-112.18245819135983,-6.74491464138935,11.234040613582124,41.51467416820775,14.363535176005227,83.63783744745676,0.39885065853804424,Mauvaise
14.666814282188405,-17.350021887073723,-119.35613640980027,-9.137089090236413,22.118971832911747,50.8624303465252,15.71209915781591,86.16489672801065,0.43505352453859514,Moyenne
14.757010439649456,-17.446238379751275,-96.78811569297986,-12.646148106703238,6.8065335886195175,53.64938083556252,18.392563670025897,90.96948564692613,0.38888917901129794,Mauvaise
14.757195545985486,-17.368019025218207,-103.77276107902141,-11.431446079453794,17.15873879512061,48.26309484455963,17.146056791715587,76.80476245131771,0.4565958281372902,Moyenne
14.700567155801833,-17.35652873306956,-93.26997284113183,-7.105597550245587,-3.2425407489849545,33.61503675925532,14.021684843959902,98.70125378144857,0.35611831172887776,Mauvaise
14.664303851138909,-17.43367145201955,-88.25400622959971,-12.278110845062775,16.30410661852613,99.93857132887246,25.882334095403127,80.93923809022432,0.5737659143936394,Moyenne
14.778701040878396,-17.529330270495045,-117.59435102300789,-13.775096832528224,0.3428543000212452,8.271863364741879,7.47460968602007,121.26441787638282,0.1423276391724554,Mauvaise
14.735227093968746,-17.435330838316005,-113.23481876819399,-12.094535097636198,24.070416379005795,59.06146389922535,18.82571308748652,63.69426504548211,0.4766617305609276,Moyenne
14.777685440355405,-17.430471512566804,-89.27466819522661,-10.892182743509313,7.440731225316746,78.05987490574005,18.177466802724986,90.73219491223998,0.4786687735787752,Moyenne
14.712875217039006,-17.392161372645337,-101.1257955755038,-16.352912847103116,4.85438519548685,34.75398485366565,8.09620359038137,91.73137125191396,0.28937775018939815,Mauvaise
14.701375089991775,-17.540354146601018,-79.89545818478035,-6.387291776262131,24.431114184901976,117.23716438597329,34.670337321115845,46.01121713875149,0.7927179184451342,Bonne
14.68213411187616,-17.456736926560982,-84.12395932744332,-9.561382716385406,-3.2449591924866428,57.601417999765374,13.982267399165561,99.58037113293486,0.40307324773470915,Moyenne
14.777864360230362,-17.36544594833264,-73.49176003555513,-10.134235157275155,8.881307976702068,95.29560386660339,30.68587132585071,69.97235860710043,0.6163016510931019,Moyenne
14.682923445030095,-17.35174018426427,-81.9128945331926,-17.607052833471066,7.950123920126098,83.45442971703756,21.341693049129805,69.10860322935855,0.4710553716645046,Moyenne
14.653089158308347,-17.511723464248153,-96.35379074354185,-10.541564865583714,4.96801309873428,50.63303048207329,14.926065016392627,86.15006371856957,0.39824518088749206,Mauvaise
14.716620893766502,-17.375880201452993,-82.98683576830622,-17.306550728661108,26.911401620051695,107.55043805169582,31.38009748561766,47.4459224843546,0.6694802087166727,Moyenne
14.699016564096619,-17.520749887673873,-104.85403541595198,-17.898232547264413,21.282493773085278,71.76495039408464,22.822971363482214,68.21532983035188,0.44598558545146877,Moyenne
14.683979725445804,-17.381765113086423,-103.15275756719831,-11.617647461006493,-2.7626892532821428,14.488119297095649,3.8229787481203408,95.67943324420472,0.24086946370503026,Mauvaise
14.732499055142553,-17.494544454506467,-76.60581620435636,-13.36100252334907,20.014060730223395,117.12315491381476,30.54538911615765,59.2918114006379,0.6891148935604213,Moyenne
14.697354919936718,-17.358074946790172,-95.44692659791298,-10.756656217812875,13.455469659507788,81.64425069576438,19.535951437023293,74.40746642107814,0.5124764084642587,Moyenne
14.702292615481193,-17.410900649819872,-76.08908127149061,-17.750889647198658,26.530376304055274,127.46112886836808,33.88317034776946,56.10247076365866,0.7132172773771608,Bonne
14.652995928506225,-17.470177879722048,-74.76676944824469,-12.966237120138382,5.9530966071925455,81.43082011260122,21.18763360777512,86.05902289282707,0.5293159949161297,Moyenne
14.726579220711898,-17.49380533401837,-72.83407142862939,-16.552985989367787,15.095669986335402,111.357516038361,26.949158481274235,69.7225827762412,0.6206111026255672,Moyenne
14.665869233880116,-17.502952494505113,-69.5850620287336,-5.180598797062368,12.526434615934512,106.10249491839365,26.274539145995877,67.89271378763374,0.7341228517899132,Bonne
14.677794631656406,-17.413841534600085,-96.2958128717687,-11.14389702590756,12.1346317179662,71.32245357497735,21.020701651964107,80.24521062160473,0.4781620163814543,Moyenne
14.743225316679643,-17.370841799484626,-102.46232499233736,-9.375883946827857,10.963688983102442,52.55751549904855,15.339009466332866,80.06228177091748,0.4347898554777391,Moyenne
14.690721554403908,-17.39901160607713,-87.97906893732375,-14.44414407044349,2.1970316436298445,74.50775210712591,14.786446839078412,86.01077944543441,0.402328441217146,Moyenne
14.671217325666989,-17.38304169239669,-99.58551671093048,-17.673655193089182,21.449847287233748,88.90823293130438,18.788047945281345,76.41252726242136,0.4902420890855979,Moyenne
14.725065139118122,-17.393723246473094,-86.94092082598718,-5.337807921030487,10.796761145875104,78.56931285172078,21.39878550850823,65.93032797826535,0.5967194501455976,Moyenne
14.677937584341933,-17.3541704667004,-81.19277755458964,-14.992373504635435,28.548069625091202,130.79328995116472,36.157446985383174,51.92365291793412,0.7383470179406153,Bonne
14.685227167814631,-17.398439014634736,-82.13772398293247,-13.066685407569961,4.12829495174717,71.47656785920637,15.946587204130394,84.59413036738395,0.4634157424291272,Moyenne
14.730774110297123,-17.507954296305947,-99.39959121389333,-9.90190509616395,18.89603438694644,75.08441879159557,27.692456174781917,79.06842471552613,0.5370407418974463,Moyenne
14.746182031577309,-17.391680306905098,-110.8226889065686,-18.654237832394443,27.9250977873688,70.56015086276847,16.891945541306953,55.374977238260755,0.4696212784248696,Moyenne
14.746155759075425,-17.485586127803042,-96.32088638457859,-7.656372172757983,18.22104130556324,84.82822343614055,24.3955200866034,73.93478668915934,0.5852735336644507,Moyenne
14.712691643543208,-17.35084002746743,-112.15732207549502,-11.487905339599315,25.49455176660881,77.78556221855271,23.729537925067497,73.52229719159328,0.5134175414382413,Moyenne
14.709058598431227,-17.47466547597997,-71.04466306489054,-15.10495938103649,23.961833591495214,139.53692563020564,36.5324002373332,39.185681602115494,0.7704191144380295,Bonne
14.752393873950062,-17.491441248830554,-100.97673965941785,-18.13748820590543,7.6041200421151345,56.923275473502784,13.509663265600219,82.19914100488293,0.32316359879884293,Mauvaise
14.675094514264627,-17.50215680289822,-111.50471390271719,-16.72502218335782,16.00433789788238,55.83492965903138,16.828424630441763,83.03672942468508,0.351226978512587,Mauvaise
14.6697863181787,-17.418297069588327,-118.6003732051837,-6.469525976051884,0.4691468933974461,9.727706716660279,4.422798642231599,112.82653755265068,0.22327782375804064,Mauvaise
14.736410358583836,-17.528155782322493,-84.47976875424337,-9.395660864897525,13.743405894345983,80.7569156327961,20.874802310561027,76.23512217622674,0.5872416151336538,Moyenne
14.703235901470602,-17.359288023653406,-84.97037253998911,-15.501375897083541,3.0647690135018024,81.28767686435411,16.30329478699534,94.42962504769103,0.41601713852548444,Moyenne
14.742299799874123,-17.49113746427137,-101.26677083802896,-18.081589290769585,21.030788523335595,90.34335323560934,21.72823164695487,63.491962843317964,0.4831577872086063,Moyenne
14.68335802905022,-17.490919877792308,-116.05584611337919,-9.331385626587092,13.482044766224362,33.79811431319715,8.53657999599781,76.64026528048231,0.36622799420613705,Mauvaise
14.69223334453868,-17.54078678085859,-97.47041078076224,-10.986291836451288,9.392957692108117,56.12063373519098,17.611936535048766,87.38759052844595,0.4299802762027929,Moyenne
14.766568094394101,-17.500796496425288,-102.88303777151336,-13.336726657584709,4.407898365844215,44.813925743438716,8.383384362009176,86.29148337928619,0.32196857619509445,Mauvaise
14.704815348486806,-17.466204128864753,-82.75836481457449,-13.909439711339108,29.95444686444504,129.62617622558147,30.509109095672052,44.382459947953045,0.7573253234450111,Bonne
14.72682395106365,-17.476078721955158,-86.68214128010203,-15.964600136992484,-2.4901317690273563,52.044527735747685,9.300826331540192,105.9513748912952,0.31717935029887073,Mauvaise
14.66386868523538,-17.495396015712757,-99.9473449491353,-9.625442408474754,-3.4753761799652994,19.13855598183856,3.1889692475475435,107.35462833319711,0.2704568148713228,Mauvaise
14.673247792385059,-17.541851232432162,-108.01590951597555,-5.410647610885812,2.604009017285259,30.026581383410296,10.102675009078569,96.41638741594633,0.34189418036651636,Mauvaise
14.654665404746945,-17.489883725278872,-65.65802186144245,-16.53998655828444,28.98753605197369,150.0,40.770547006550956,39.37930732775823,0.8378369427587086,Bonne
14.705168205529016,-17.394333812347377,-95.02991083421368,-10.640367319782953,29.27333589119946,108.80239254854604,34.37801456893465,62.748162082830234,0.6865097143504812,Moyenne
14.778559600584352,-17.462241542938106,-82.14491703208697,-13.061409219556333,17.92247071702476,104.99292465833533,24.795339846987755,69.56952114580434,0.625201593422074,Moyenne
14.76360350984469,-17.49184493048026,-112.26958678319016,-12.746357895574691,25.803733352224167,64.58024798612978,24.390767588129858,60.67963422074021,0.4973283572027656,Moyenne
14.732278158942266,-17.48904157317041,-93.29256651873312,-15.441938078210597,2.4886605794278385,60.33197439305959,20.608532868466632,78.91494025742337,0.35570953539067407,Mauvaise
14.76194254395447,-17.43911248470122,-118.4854804071794,-7.448111740740133,29.021473296181824,63.14441788068602,22.913210566195907,83.74281822969738,0.5309597479572608,Moyenne
14.727242016325814,-17.489541464452184,-92.19996851492525,-12.206421541938624,-0.0025302451152366956,45.53560891947884,13.313186435164956,87.71369437233722,0.3543201437083446,Mauvaise
14.697939954443438,-17.423840536026763,-66.97904260852637,-11.392318069224302,-1.4606184136419604,87.76916368185549,20.615455190142615,92.40700697933659,0.5272181487818456,Moyenne
14.672561032143145,-17.352109097254978,-98.868630785781,-14.73334722083744,-1.0725961263454487,21.81038315168156,3.3789359542573587,114.07806188919047,0.240397954481742,Mauvaise
14.734896336428829,-17.54176472044924,-117.85521930837986,-16.454681480662703,15.059477314539762,34.30714721140545,14.049759254647235,89.13236099908052,0.2857940238163038,Mauvaise
14.675096665930797,-17.516252648860526,-118.2974314994361,-17.797254565160515,22.334104025131833,55.070066660219645,18.149140754738355,73.16260512782405,0.36276061229664547,Mauvaise
14.704265694236009,-17.514178490942196,-98.66072820292217,-9.002332027051178,7.833351225612159,56.66172868337046,13.172848836710823,78.02224364189226,0.43816095207396377,Moyenne
14.757354239480184,-17.460585936413597,-111.19862849452433,-16.252720056370023,29.226359572514426,87.58036408818698,21.88682260506194,53.60239513045551,0.5226568535291911,Moyenne
14.666799809333025,-17.541716257589325,-118.71563470194978,-9.338945041356832,10.20470483414153,22.4890313628428,10.674770959197758,98.14900763749036,0.2978993330667901,Mauvaise
14.666772784477384,-17.454495684451498,-78.40825123274027,-13.534729755342646,0.2656992770625699,77.13587676289319,12.82589034365284,102.51954465044538,0.4393446299866573,Moyenne
14.679172314026907,-17.36421504838467,-94.78123451149601,-13.17915278614488,11.308836186514785,73.83149511393252,24.14369006558244,79.65551209541626,0.4604409676525109,Moyenne
14.7217492499259,-17.54768718226146,-104.091537541504,-12.431515054701196,18.766300789785394,85.31984382531326,20.046879663787763,72.12260709078234,0.4980993113972358,Moyenne
14.68272405217379,-17.477012226562966,-70.49542493409356,-13.852080886214395,24.127902317653252,135.5717061762886,31.546211752065012,59.52372670211705,0.7707381869835999,Bonne
14.71541573184315,-17.39782124557781,-113.61235718897109,-17.59132031888374,11.05689014848075,26.619275644798464,9.433509252811627,86.15833649592597,0.2567455562780385,Mauvaise
14.689257739437759,-17.519101099933238,-67.42446440745744,-14.665154659960159,15.776238911720863,129.71431835760634,29.610401680725047,66.45013776797401,0.6967166945140632,Moyenne
14.715811486638092,-17.534488199494692,-102.7318305442456,-9.707718950284862,4.357064925559868,54.99583677364988,17.330934719177485,96.46384444981081,0.3646401901053953,Mauvaise
14.686092088370225,-17.423844292547475,-71.13779802302253,-9.679018379435806,17.60707842419299,117.69951052743471,27.77295874844872,60.08635484786551,0.737805660463447,Bonne
14.777401608829113,-17.5480098181901,-86.83814179362962,-14.992859698640078,29.509018038262028,124.12184733620502,32.91431120925889,53.640233283674334,0.7079697840286961,Bonne
14.714053327148456,-17.38964590176606,-74.5310952142182,-12.55856322819237,-3.283124959427215,82.560712658806,13.00244409382951,108.24058470679611,0.44214399653671277,Moyenne
14.74667364643407,-17.53662944928678,-65.87927602342447,-16.291738807832875,26.028573474680872,150.0,39.66003028082304,54.041934898795446,0.8041522777772834,Bonne
14.741071052656766,-17.445129148115928,-104.13770091996898,-16.0547908585823,14.6798875968633,59.33015180956796,15.262075754700032,91.05012921242525,0.38539226007330707,Mauvaise
14.713772718725867,-17.401974457954456,-67.13754830258239,-18.677340762307495,3.823453084680498,93.92528398926576,18.76110525495338,73.5095075302489,0.5123462523877255,Moyenne
14.68105206801683,-17.501597802250707,-98.57849578036688,-6.445548301291575,28.421139850324025,94.60860048991567,27.806440632709812,69.33821649157206,0.6862065867885327,Moyenne
14.716393376128673,-17.529291967615453,-98.79684523946928,-16.050106688951313,11.917400607061463,65.5489679380462,15.865103061132046,88.88638331162701,0.39855724116361047,Mauvaise
14.738526311083657,-17.51487544671629,-101.27870926600218,-15.814525722889513,6.6091588085684965,54.31029205766711,10.402129790025143,80.32582806523014,0.33651302833301727,Mauvaise
14.709789505173218,-17.379063285613,-90.22258159588282,-15.085579942968154,1.3524169894794404,57.99800564995041,10.752357257385269,99.02510379984484,0.35079305536568484,Mauvaise
14.660650263957157,-17.408843941669595,-111.52202262518321,-17.216286996263992,3.555827358983173,20.484952522830266,10.010458626117106,97.10055878439857,0.19444163345142368,Mauvaise
14.65233781984255,-17.510380390156982,-89.54586830530938,-10.050319635460921,24.14971645570049,106.51449404157317,27.60452696932954,50.11960828880361,0.6849590124110779,Moyenne
14.69262398510082,-17.406775840573804,-90.20623531744978,-17.94799865551379,16.504350326100806,92.53878115447955,19.57847987972784,74.52492129493223,0.5009613897859803,Moyenne
14.66952911039213,-17.408276365958265,-78.09540030673216,-17.121166031431095,26.96359668209106,130.2018932940533,33.15477967870792,57.70623551160286,0.7144056631965595,Bonne
14.76780473197038,-17.35045498037881,-74.14925209343279,-9.9734058277387,3.118895825522504,79.49456617590268,19.393995823560452,86.21357383546976,0.5384178835027148,Moyenne
14.67285824711104,-17.471688795294817,-95.77572573281668,-14.244751313259801,-0.7601499152884479,40.20971814589723,4.937582143158185,99.2901777824053,0.2934393366115744,Mauvaise
14.701256752821504,-17.377029301171447,-103.37167128566784,-9.088730426183353,-4.78693641585435,28.276852193955698,8.346993438937405,106.57428035307996,0.25594574006187254,Mauvaise
14.742570076569292,-17.46071146280544,-105.7365806475598,-11.196053574618013,12.775171316559781,40.73401306231211,17.53755512746473,105.42892552295066,0.38422085489412605,Mauvaise
14.756004815802088,-17.370447955276607,-109.29568898123205,-15.415703577138817,29.940742563369582,63.333389679515406,29.99554688178383,53.805465344607846,0.5237454855350618,Moyenne
14.712102709913157,-17.53167990018021,-116.82938297905363,-9.888408693149406,19.323784408652365,58.10228055406572,16.81274941985093,88.50330002731845,0.4225081284145517,Moyenne
14.673547551249092,-17.514937473974953,-101.16536116409077,-17.37216847589967,5.793810718780112,49.697829498780955,5.366698745324008,93.53646128466058,0.30003401192623047,Mauvaise
14.685216379064862,-17.380009127386664,-105.13637693280693,-11.490254636879573,25.69005040591601,83.5021000462211,28.791304507574324,60.50956700134445,0.5677558287210824,Moyenne
14.70446589819335,-17.38613993517892,-66.8470437773476,-12.879926529369515,22.36027930957859,128.4660484086498,32.665025115503674,54.38958626136776,0.78222043554747,Bonne
14.697397296612326,-17.4889132416286,-89.32601455624759,-15.249769840555828,-4.460469187321126,51.12506138746915,6.2670062421822585,91.29790231185206,0.30237802830015886,Mauvaise
14.695327458432056,-17.430640336373312,-100.89976285332209,-10.543930031646997,23.590116818935787,83.85262628777093,24.667140206458647,63.61480648303,0.5812847608314683,Moyenne
14.667140994228367,-17.473460055579594,-88.07428194534671,-6.801329707236045,5.51843650334736,54.63597307681813,20.17159641148225,87.53214116403487,0.49127955862149486,Moyenne
14.768730332782223,-17.547936530139296,-112.34418142598675,-5.015334203316925,0.23857126042603838,26.886301410865464,7.006397785060065,93.81194540830454,0.30084175921524625,Mauvaise
14.653868358834304,-17.544779174686575,-95.57759379387883,-10.491321237592057,2.9215793907976098,50.63071592095103,14.311791106228796,98.9707663680333,0.37692699700222576,Mauvaise
14.707200276623848,-17.539148726903687,-85.55711232184149,-13.334117759391617,11.400293153129866,80.18482363049505,20.099734735922723,70.83020180315461,0.522114807983295,Moyenne
14.777441794025401,-17.431185569134886,-93.11061925141517,-15.847100596973178,9.870377447380386,64.42878419947323,16.337724896894624,72.46748257269587,0.4240279218415782,Moyenne
14.735764112047132,-17.494154452938897,-97.90216596401217,-15.400654748468435,5.111055478097937,33.666653573916165,13.349811751204495,84.2571551278414,0.32325946023985397,Mauvaise
14.696203386285301,-17.521210340337024,-65.3383386105166,-12.287630305903281,1.0276412772461443,101.72679971366499,20.460717856540892,101.37118788127175,0.5558842678473013,Moyenne
14.668992685978912,-17.361773778311225,-71.58268808180901,-13.85811218207007,21.678077637475926,129.76044319384235,35.78866723958805,42.03838780939704,0.7495901720503464,Bonne
14.775303438733948,-17.525736266583756,-85.7126723012308,-6.2065966832507815,29.6538424307221,118.04350089068708,36.24860738956037,56.544307842701244,0.8014741966242683,Bonne
14.65181822704351,-17.415203656715025,-88.68424513497445,-13.843863452820067,22.222705314689165,109.91007555953514,29.290431886559475,58.78303270201938,0.6301163897204706,Moyenne
14.73858038417971,-17.371167963435468,-85.86367360964788,-13.771775723963902,5.357793868503942,59.67647044863972,9.120286099267865,84.33671633629554,0.43444791581176223,Moyenne
14.764417871287892,-17.517234066552312,-108.92783406976616,-13.630516825924323,3.5683136494246686,23.185129569305936,7.757042721210903,104.8533336516429,0.24464940477034391,Mauvaise
14.653270863685211,-17.507054063554257,-98.26742412046248,-7.287317054852787,2.6183056623078382,37.38192428174638,10.112653879255515,100.9932626456885,0.3793871998721798,Mauvaise
14.744272732331765,-17.43523729328481,-117.82972569100053,-9.888963508143373,-0.21567239288373052,3.0277617013592084,2.1127021384097966,103.87974655769314,0.18423922767057976,Mauvaise
14.779848908963116,-17.44831026272424,-93.84496793822453,-10.401636095535503,14.296569239230543,75.59645318553717,17.898885773443574,67.35244658421193,0.5308831258309681,Moyenne
14.733153520914534,-17.445794516622747,-90.13364788232852,-14.321997686625929,16.189013018367046,88.59093282726644,18.811174622844273,78.87265111093909,0.5306581055508552,Moyenne
14.703908263219642,-17.439064381196385,-107.47376451432348,-7.549341524345849,19.692593123209804,59.90399894722876,20.558413046158766,81.21258120302659,0.508423623699981,Moyenne
14.763672093516316,-17.36001941680779,-66.97841340589675,-18.462905941020185,18.80746798267838,122.73278729409316,31.653878942614817,57.53007478659829,0.6834066487361372,Moyenne
14.722043302034942,-17.53923239160661,-69.97999639845169,-6.808839587266416,5.231665894918386,110.98539351063245,23.893246368107576,83.70222119688455,0.6463398652296136,Moyenne
14.747427310082692,-17.39791029586104,-80.28212204992518,-11.821501402884985,6.560885188889628,101.93528442721501,17.48113378169461,79.37507981021658,0.5416673217786524,Moyenne
14.726411268936406,-17.503498715518653,-90.66373541790506,-13.42449671191222,18.853008740481826,90.72396064558124,28.712530643548533,63.7881681811044,0.5724063996833337,Moyenne
14.654977842023433,-17.475264465965523,-72.15169621937733,-12.0396580699524,7.230667427426992,91.74920834574559,25.811568050129118,78.3770263492906,0.5798979896832653,Moyenne
14.677708848466695,-17.532141775406988,-112.81412108970954,-9.656182572526365,2.441811636675956,30.903250469184037,6.114807089912469,107.5000801277551,0.2623315199969214,Mauvaise
14.660239264618278,-17.46087464616929,-76.52196131488132,-18.82128402874944,8.101765379385885,80.54213967284579,21.248684065203808,81.56641321697583,0.47753312923070046,Moyenne
14.66386940910982,-17.389156149544977,-113.13485523182334,-6.7982740095845315,4.5229455152292175,20.03845053872014,9.126089162916875,104.65186257361297,0.30007481208849646,Mauvaise
14.65200271416645,-17.53025193229341,-76.3184135597827,-12.7456466456405,-1.909054757349777,66.87165102289943,16.129860369643428,86.93133177587889,0.44068537376608413,Moyenne
14.704751447271839,-17.494879280355942,-104.83278374617537,-14.198468724198905,24.054861579682875,66.61770638726372,23.862681358408445,82.15299547228891,0.49506596185248597,Moyenne
14.673224712128041,-17.475387658264594,-71.76001804399961,-17.0645620811232,24.858898620496273,131.48557270281907,38.413818947626346,50.75050320839604,0.737449329794898,Bonne
14.761240547664215,-17.529220159382472,-68.07768483960312,-12.84748475898181,2.6912605058407815,88.73708015096453,25.336301123447377,81.91586825783158,0.5491840256638596,Moyenne
14.747504879880285,-17.397536638004613,-111.81622168271863,-12.051481202018696,-2.732973016617939,10.547712819331679,0.2,99.59421470674556,0.18267043605325337,Mauvaise
14.724513009326014,-17.392610594356515,-94.55284172140335,-13.348946277091311,20.858960307291284,87.19550702957658,21.3566252905633,67.79539309404545,0.5629964951992065,Moyenne
14.713572774895551,-17.382821000444007,-66.04569420105233,-9.498758686423441,2.4035019052194793,93.55866988047416,19.225676186848922,86.6135616179784,0.5953701107503526,Moyenne
14.683262923274876,-17.433220759038736,-93.41259102147694,-13.107448597370837,8.770242130290109,61.77497267131845,11.937488840755492,91.8574118787998,0.4267240550223378,Moyenne
14.711743690563749,-17.448552235829126,-72.50488626170002,-5.540153910147973,-2.755266171691586,75.3843692684971,15.506357911513428,104.98009735562749,0.5279151068006432,Moyenne
14.733359805862372,-17.49748951090575,-87.6197662827774,-10.610114750469714,2.919435466545231,69.36403674132428,16.177035993343086,95.50356434069019,0.4400869535879961,Moyenne
14.75168975182506,-17.418968406541893,-99.3568550644219,-7.695308900873275,22.751579741537252,81.40907066504379,24.086951661671403,71.07367870723533,0.6056179644161112,Moyenne
14.660618668613747,-17.461087302868894,-104.28190444607714,-17.469017356467297,23.153875642032066,81.62612765202178,21.106681468456756,66.94107020977528,0.480456133710915,Moyenne
14.74210040953692,-17.355844718784525,-108.8227299902652,-13.43792189875732,2.2479688710698644,30.18380062712613,9.864995984543558,96.52914881025748,0.24851710348764627,Mauvaise
14.746554883978966,-17.35636410060511,-78.10109947422666,-14.284132179739862,6.756984578734134,91.31434562648889,20.81617359875481,89.44770447051945,0.5115233088085315,Moyenne
14.722666386120231,-17.368958973636488,-98.74027212473347,-11.027246566087715,-0.3016553317189752,48.64099448728294,9.25869492623896,108.46400273444789,0.31798769532650456,Mauvaise
14.677861495441416,-17.477982172397134,-91.87984957895868,-6.944410719140041,-2.4039579400277167,36.04121279774753,12.621986504044338,92.09537181978003,0.37944575400614344,Mauvaise
14.720093996375153,-17.47640550892919,-92.922098599935,-17.903264951331906,29.726010005694334,103.69898754104226,30.915746677455385,61.98329745922653,0.6194766802340697,Moyenne
14.71535163463599,-17.37946536719126,-88.24965339217778,-17.98395282737405,17.94578829356937,105.97355622283308,30.855315336110376,75.79130994664962,0.5361941301084978,Moyenne
14.711842312530283,-17.404173013651707,-72.39325699064963,-7.095552085793615,13.973377821941156,108.8196867550638,26.100279517016137,60.103765614961176,0.718600262348924,Bonne
14.709883189010734,-17.40912780603639,-66.05933610291137,-16.020098795462996,21.792447514185483,114.76303413417483,41.12779023744955,59.54092916476385,0.7308679474600378,Bonne
14.664407323617898,-17.494077797783177,-97.58286852844007,-9.637454437702608,24.402700589070346,87.29077793460948,23.003680881657953,57.35213833724509,0.6236674176890471,Moyenne
14.673776023031458,-17.383330277689105,-74.48645928415334,-11.399706146948727,23.235016881565464,126.92256922137624,34.74670577628348,37.555539302289446,0.7735873699192798,Bonne
14.662653171498675,-17.434115885547413,-77.95097129399053,-7.339489671578788,-4.421119274854319,43.70420531105776,10.694780048286578,95.98668475755538,0.43896729455581684,Moyenne
14.681522117596838,-17.460626885152287,-88.45590766994347,-17.248755262290352,1.5382764366674468,69.37299495353457,16.475924172130274,95.71408908218005,0.35242799360136323,Mauvaise
14.684251981754988,-17.376915575178387,-67.41740710134368,-17.183038479883443,17.921685574124087,121.52407936503909,30.514389592841283,60.32690695276603,0.6840593199738492,Moyenne
14.681859861994097,-17.471158047243577,-108.97390164593784,-11.204542956103694,8.151577173138701,39.676026469683194,11.437852017051101,116.56290223578164,0.318360338020618,Mauvaise
14.677420778864128,-17.41921483762645,-113.99046843297083,-5.750698852982808,29.38689278713874,69.18213687547457,21.72253501133262,69.18487072672244,0.5925397461393004,Moyenne
14.745604865913021,-17.456818963599172,-73.03209181745177,-13.19003138280944,18.28916774233889,108.11696804137743,33.05286080452895,64.43674103296844,0.6832188323197811,Moyenne
14.756413501947755,-17.43145243876579,-95.84676008514384,-14.422810596434271,28.479211805522226,91.45486638921656,27.421828452147793,62.696875937096344,0.6174078817449097,Moyenne
14.692524198154434,-17.541890705670305,-73.41671301861167,-10.506349475229598,2.0506268576027837,77.81217889214535,23.789833778035863,82.63609122253057,0.5282494506459975,Moyenne
14.689666755918978,-17.457776967364723,-70.88003871425218,-5.973719592369564,25.238495984025807,144.666301427292,32.87094231794563,59.99795554052566,0.8713491244751609,Bonne
14.759724205467826,-17.438701738500647,-116.56483235095106,-7.283010340175268,6.247330703532887,19.154140905647747,2.538556414655707,102.59592714239875,0.29143900090103125,Mauvaise
14.731110107216553,-17.45145613305008,-71.40943803576667,-5.063229449734921,29.634768288323237,139.69856778342918,41.60569072354519,49.16694514358239,0.9181520173315173,Bonne
14.688146982222577,-17.380517925498637,-95.34245195468178,-18.684039835166722,0.5191035225601555,37.47916742143944,8.21858336086292,93.18439666508706,0.2605438420245088,Mauvaise
14.742769598036256,-17.487775205041636,-91.92621310476723,-17.41998597402133,13.07189365934143,85.43842681278758,19.954439034521865,66.5515021624745,0.4660311727641532,Moyenne
14.694797065330311,-17.373184693799093,-85.53741188987344,-10.467451312867292,22.749558684299267,117.79912733600237,28.01987345604662,58.63136447980575,0.6959628290002249,Moyenne
14.726252229864482,-17.469307606018624,-69.04895662984524,-7.511929849326105,10.142486821141256,118.37969856119906,21.994781152894973,75.13361978391173,0.6990846108055722,Moyenne
14.779042423898414,-17.41109465354787,-118.94861480636298,-15.006579207705268,11.382942106567633,30.49273775555153,9.105063299955283,90.0331618757091,0.2594173275696503,Mauvaise
14.689207268778084,-17.53265545439854,-93.77360924252005,-15.651044767520936,29.522452842700936,107.94841030808348,34.639701439925545,59.20050751589169,0.6433228476496893,Moyenne
14.770968380092082,-17.509969183286238,-82.17528766631916,-7.982338808663188,9.885785260540366,76.34607894453094,24.168110009083243,77.27988507023667,0.5767815832910674,Moyenne
14.69168481385701,-17.397766797771748,-80.25111732659744,-18.210654046054756,16.142523520967224,99.89159457303035,26.907253688245724,72.95810574462692,0.5577438529771181,Moyenne
14.720237271568728,-17.547534262892274,-81.91071626545906,-13.82864293384381,-3.0911118763697254,55.098676969208654,15.504275872735843,89.37278593937168,0.3750458444773596,Mauvaise
14.709797892647876,-17.35629445217058,-112.6060678825533,-11.918670883707383,24.4773528073591,48.9202933424999,17.543467452175182,73.94755671192691,0.4684868684755793,Moyenne
14.751810743104711,-17.51187421978736,-103.53324263955753,-11.155118559095472,17.685881714284022,73.82159829464317,18.16711928943866,72.70209161699208,0.49367492957456444,Moyenne
14.65794205093266,-17.369739202750978,-100.27064610206426,-8.799387804901123,9.140703600198474,48.2546692557495,15.491181206607063,76.01854216860598,0.43568860314621016,Moyenne
14.731525899528926,-17.446810994354745,-75.75595357762722,-14.032159871970784,-4.434066101591808,77.91428197433255,12.99032549626487,94.97663866793378,0.41400540566718286,Moyenne
14.748886702765347,-17.437084926620575,-104.66820701719959,-10.422419174555499,15.708408720772635,66.53483671838606,16.621543657091316,93.39946153920249,0.45729978862919257,Moyenne
14.711378830679676,-17.533173642405796,-108.41122698730382,-10.80474408092661,-4.556976003054324,17.04070592854221,0.2,99.49620728579492,0.20552505219539868,Mauvaise
14.663688038849916,-17.476956249168527,-67.34035895290471,-11.33337459084754,-4.957873513184373,86.50871532779871,9.716338741326155,94.19932245041883,0.49344707200971577,Moyenne
14.681824651753026,-17.5187562278439,-119.51251931875922,-10.03323389600903,16.563449675227414,31.033105451974492,15.218632285942371,92.97242065423706,0.352612539832662,Mauvaise
14.738357408113112,-17.444813701127813,-65.1198529374912,-15.367711605046932,1.615597356709399,113.39024593000907,22.068634341331336,101.4423430036335,0.5407307698260911,Moyenne
14.76640686011504,-17.439853570865612,-82.77482856284324,-17.814917449815194,1.7160642401333357,69.05992337105755,17.93605010572848,86.90271905751929,0.38443474494305296,Mauvaise
14.704809118910063,-17.40806661008314,-74.43418853029857,-17.330196591443592,17.86450480414603,117.60634258773412,28.141479550822595,59.42907327599541,0.6403999707942568,Moyenne
14.722853564560173,-17.374344368415365,-103.79593320095938,-15.855846642845385,-3.1205984221219003,18.113106045592133,2.348670829696104,97.74347016388825,0.1911331252867553,Mauvaise
14.679690054774492,-17.456364036746027,-119.2126597283117,-11.997228902681007,5.969194651609472,7.827545678873364,5.473649251127437,110.41295504425676,0.20756485105360484,Mauvaise
14.703587730824793,-17.50332792598388,-79.41717647911585,-7.233801492355719,0.2301165749706673,75.26940120591976,17.927668780627368,84.47625157673059,0.5112087389477337,Moyenne
14.693782675010164,-17.48328566771167,-74.12204716496282,-9.181893210762622,15.306172942878685,112.34497367283086,27.07724790731513,64.9615076500003,0.6985275932585845,Moyenne
14.735218321236298,-17.380582037412214,-79.27381274255644,-7.953431541171341,18.161780415458853,101.24326024135112,30.372767383911896,51.45522013353797,0.7059682567869073,Bonne
14.778010863717764,-17.520827302984248,-112.14323419845388,-14.08634126503472,20.239754875966522,44.32859786435821,14.898772426938445,85.20057330437933,0.399370401520317,Mauvaise
14.755729448758139,-17.424548784332266,-78.5614642758667,-13.334847616920298,3.933092592149791,70.15231121670583,17.772310918441907,95.11239554135452,0.47003985052241243,Moyenne
14.674981396040405,-17.547382823231437,-77.70924698407975,-13.488453596131421,-1.87625869271956,79.71083247835415,14.278040038434302,100.36212382131819,0.42930679295266805,Moyenne
14.72509821712988,-17.500866134309152,-83.78027163814698,-16.31377541833698,-2.2460720070335762,54.1753636838824,15.783824353490811,84.0030207961834,0.34812157926402115,Mauvaise
14.658633522943292,-17.43171830049971,-77.86362369624277,-18.14296678598999,9.915304195775333,90.75117974253129,23.31132683740549,82.01441311545824,0.5029376474276545,Moyenne
14.682099013289543,-17.458717591999466,-73.47432081772473,-10.727174700418825,28.104554317195024,148.90548531433052,42.19540829071545,36.33570524611109,0.8508488503631412,Bonne
14.672388297887851,-17.451290101951354,-86.2517737169398,-5.150966432111794,2.620516198645861,55.63581258660275,10.603186138280726,91.60889791103263,0.4923456610376805,Moyenne
14.69362091989313,-17.41788758990808,-115.12674073166765,-16.66438413069632,3.985956046954227,12.440494244336989,5.885566690018119,103.8673155033849,0.17182396757798837,Mauvaise
14.738245815975747,-17.50308279511629,-93.1804704683034,-18.346412521410166,-1.4688919262949374,38.5052817228088,9.896805105228692,102.46912615241555,0.2537502374713438,Mauvaise
14.714921131199187,-17.4938390119347,-115.72928659306172,-8.086556454464938,16.19495958628756,54.59467981369852,15.691500995590292,89.68232780717494,0.41670209611883247,Moyenne
14.771278203777797,-17.41310835851443,-97.5851332932163,-15.46379590641386,18.79555058815112,93.64344258249383,19.562008949733404,73.53527033006159,0.5087326015257098,Moyenne
14.677657349180306,-17.442341718491228,-97.60914309809048,-7.384986725059003,17.5025922856266,81.08214710771675,26.141953533839455,59.72104909243506,0.5807259943682822,Moyenne
14.697347189013012,-17.547082635148236,-116.36945857228672,-9.144886661516784,25.139558506567344,64.71811523348119,19.907272278712068,77.451842518731,0.4968160797650113,Moyenne
14.69288083498302,-17.415934440942912,-100.81487063167864,-5.760570481288736,12.024904225912511,54.02168835514947,12.871025698246475,85.31269099699988,0.48957150228010216,Moyenne
14.680675271374792,-17.425981591849546,-113.89510456647768,-13.275018699406592,-0.29400357315274483,27.36894298591671,2.8828359292850334,100.44344372635894,0.19538227439935868,Mauvaise
14.779112199986411,-17.534278485240346,-75.54706344949278,-9.732422247691122,5.129179574654442,89.96992132004044,19.20946892629529,70.26014777866266,0.5717174009326176,Moyenne
14.700339320907597,-17.400496101031806,-67.87715857195411,-12.49203306861421,18.18504906974731,133.80381068277055,40.32223427538116,73.40583014712799,0.7376302075224226,Bonne
14.772266167464947,-17.445579708210587,-116.02259386081337,-10.171758237680391,16.459269080954595,40.83592908835882,17.063411303958574,95.01759483035505,0.3777107051642532,Mauvaise
14.70076155160089,-17.50905054320861,-67.46866359895643,-12.705615315891677,13.585109541003686,116.32923026516056,29.04452848619248,72.98940452058487,0.680944964262997,Moyenne
14.676531918236286,-17.438128726376714,-91.25828703647902,-16.35914855006295,18.903754654104052,101.97275942296272,23.956477739507562,65.19057336079226,0.5484695195536754,Moyenne
14.665496822988752,-17.4309082971658,-103.52388771253693,-11.889436175952667,17.308679763065477,68.94453985272462,21.735885722202305,58.217633384657816,0.4874043551616119,Moyenne
14.761223215112816,-17.365976254161954,-115.772585859811,-11.599821179875807,25.846371131273308,72.49034998943097,23.568641221942105,78.0301774566142,0.4872139513229724,Moyenne
14.65417269326306,-17.401571114889766,-92.46566525612702,-7.651546124357745,15.510573211740383,81.87214086202519,12.75976865061186,78.82824105966124,0.5769027510592228,Moyenne
14.775371296484106,-17.48961512910176,-76.30164505300883,-8.702710118889863,22.251047554519477,114.00236622753921,33.79913698381055,56.18697522494929,0.7588075595706684,Bonne
14.704364857532122,-17.526373406487163,-81.11024375033159,-9.706917264819783,3.704750458826375,70.85534307906114,17.288639640498282,96.31140949887529,0.4929545703076441,Moyenne
14.682158665640966,-17.379363185583845,-117.23756936948145,-17.412580662263984,18.73639046061738,44.99263493283318,11.148892577752727,89.30993984310513,0.3209833181862281,Mauvaise
14.730267997187998,-17.38078646242491,-115.9903990547653,-8.91137193070799,26.57679414339365,56.95790816533967,23.647758650080227,72.39693167974008,0.509314516770244,Moyenne
14.667278688938705,-17.51493799705521,-97.84196945520496,-11.995727811036794,8.500631476494164,47.81022361011837,21.444316764898975,88.40846953071932,0.4004987005358905,Moyenne
14.659378924563626,-17.537573762960424,-103.75902282736311,-6.482606494513771,22.26864655685263,83.75829056148416,23.942782440703095,71.92319683351717,0.5922428275043736,Moyenne
14.757611835748243,-17.407627070036792,-107.21886223191737,-6.121806922172402,20.367625541840237,60.10422472283285,23.032021424887677,81.17333122846445,0.5311213979655496,Moyenne
14.705207200701292,-17.405483633832706,-104.54475256002075,-18.227807731575005,-2.916583109486213,23.546296411322857,9.780085703245597,100.26854423294614,0.16713329758045403,Mauvaise
14.717373138573588,-17.514571249258925,-75.80844911867135,-7.511018155037297,15.35279083684253,110.2002868910286,24.723209942094645,72.02775990610286,0.7007753302164188,Bonne
14.672970481153758,-17.41635762808851,-68.89245705024803,-18.47223653408261,-0.4433727779719163,83.29085245606997,13.004564752332094,80.25760000601556,0.4532656151985905,Moyenne
14.657985151788504,-17.494215251060616,-97.71935180098384,-13.859625240269683,28.85617102807069,109.19583972493875,30.96814477923364,70.26751024516165,0.6291528367765317,Moyenne
14.69781089724474,-17.49787659440624,-70.16389488271267,-11.407800341304892,23.399262594522966,124.58276979879749,34.079285997892285,59.07181363749042,0.781802108500245,Bonne
14.715799012809411,-17.48509641318193,-102.31773643136648,-16.926588819220214,-1.159666956350796,31.833516262621554,2.2545050224615446,98.16068903989459,0.21797402744526162,Mauvaise
14.749505980844143,-17.44592072669663,-93.79596575109146,-8.551606624032924,-0.7386800823312552,47.03843970949468,9.41982612107873,99.8871032954929,0.3718508045953019,Mauvaise
14.71513676003061,-17.389109215334276,-107.56840512012002,-18.88303414159006,15.806584921941663,54.3128443167661,18.598309774689017,75.44627237311136,0.3514193908457649,Mauvaise
14.751725912299166,-17.450271249822077,-84.77381768032859,-16.639613321923484,7.071121096061416,65.65145122938836,17.832033584834903,96.28155112326826,0.4223631726503565,Moyenne
14.66500626135766,-17.490391460875188,-66.15603866538551,-10.868844382051341,-3.778294932441175,92.94468481886999,14.840097122201136,104.04283818061079,0.5148684094508595,Moyenne
14.658315160365714,-17.37320514025763,-86.80787971761418,-8.998574131477907,13.95745277415686,92.28959539104639,21.716937859855307,81.09290144960957,0.5889261765598299,Moyenne
14.67065192533865,-17.538982008511528,-100.32022537375481,-6.166996562285174,8.574578489004642,47.20022561389637,13.831696665585028,101.59294407481978,0.4406658167745893,Moyenne
14.750361576495534,-17.390581703220384,-84.37004047052093,-9.123046872915266,-1.4623227669890069,65.3061833237793,6.658413110547121,97.22813767649903,0.4309801041716549,Moyenne
14.748712930009031,-17.39312364841563,-113.23936268440369,-9.595090216431878,23.067213728959395,62.62677238483872,19.084947811218203,80.77171452483688,0.48699817445625504,Moyenne
14.668377814586384,-17.499290637969132,-71.12375058540307,-13.479223951090699,27.02768678475821,128.90010041144234,32.99304662800499,59.964722440047936,0.7891955444006047,Bonne
14.654028525572588,-17.510340963495945,-92.330382707109,-18.98201804262478,21.48078769049455,85.16849346233296,27.697995291921323,67.42962068737934,0.5183114422712902,Moyenne
14.73908665170758,-17.375059887700882,-95.2857641878197,-17.317770377701294,23.784780850569707,100.69001414096256,21.616201402901567,66.14873155226003,0.5561463641999081,Moyenne
14.761186631821587,-17.438225741287937,-87.77743663505645,-11.516236373415452,2.577169854314108,64.40802691016866,17.119992689402928,99.36106150116683,0.4190571076720209,Moyenne
14.748034000416324,-17.540797728473716,-85.63688754658287,-9.548181598178125,4.225053282151036,64.35297416862619,14.757131448559896,93.79350852571879,0.46960049547387755,Moyenne
14.67636386747996,-17.37183349670657,-116.05233065754179,-13.155724025449526,2.298463910471571,6.440158573740966,2.3616818868744374,98.96201355962518,0.18717372940950375,Mauvaise
14.725889826639293,-17.480198803128864,-82.45605283271287,-8.770493838602537,21.77722009779474,105.25599999505424,30.267799368912726,45.12248066763642,0.7190803937225783,Bonne
14.74845754368132,-17.481568689237996,-106.69375758264587,-11.693927865349497,28.177097762707398,77.41897139589518,22.783049944298945,63.1600295436239,0.5705462571083141,Moyenne
14.683257731591116,-17.421342412568027,-80.73260521213757,-17.96153326167963,20.089302235686592,102.1654713497053,29.642337003122655,47.42933578169924,0.6109092952732001,Moyenne
14.71860370417803,-17.417737811440286,-74.76058630886918,-16.311772486448717,25.85133677078446,116.6755639174249,32.73340420737979,45.5222536710485,0.7263303002277106,Bonne
14.69087985251659,-17.47933677583432,-75.78228208461138,-7.240024874584799,17.35446832091104,120.99916338918901,26.95412555804943,58.811475631196586,0.7405885271856907,Bonne
14.679324804252513,-17.521344214420626,-89.61244679256609,-8.851221547257847,8.568096519557967,78.56010287264513,18.84937369427985,79.78112744175257,0.5161578569618158,Moyenne
14.77604661248021,-17.43954604732607,-91.39065592290868,-6.47333218182507,9.901656522560682,60.25315436172174,14.52868779157129,89.82698118703227,0.5183622504612247,Moyenne
14.7686356548503,-17.424964167064953,-112.14182212633236,-17.354198512306887,-2.3637498741408307,11.721893001462673,0.2,118.0745061064888,0.11609836101732227,Mauvaise
14.707936805023694,-17.377955526988206,-77.35596172782755,-5.1368845153889655,-3.898998166389087,59.478963108196865,13.940791201019021,100.33870596892478,0.48316087634925653,Moyenne
14.667781147938317,-17.45311200252699,-105.07248407543071,-16.06830600470093,19.34164614661771,63.96753157919093,19.683083318763494,81.26436903717347,0.43126778803763627,Moyenne
14.744627949431685,-17.420860784086358,-92.68175174501295,-18.83508173198701,10.345011220391322,66.37291183527138,18.308972977947573,88.47273622765714,0.3896953635752344,Mauvaise
14.683241146916668,-17.539118234436824,-104.36492488898658,-5.036078853250242,14.32752738191203,53.812008726803896,17.484463166357383,62.93103793559973,0.5124181725890811,Moyenne
14.671907314758952,-17.37109541995877,-112.63944003501688,-15.064965603768416,14.518143666784571,59.57281594665074,13.911023215914236,86.44392833831613,0.3515514963911731,Mauvaise
14.699598772305963,-17.48455683735866,-85.37432667095449,-9.647727664824162,4.70815346666555,66.75734611529894,18.23897096373302,73.45536237923771,0.49007007547353576,Moyenne
14.718880475191677,-17.42355577513154,-117.01173808474029,-16.52644760153173,11.656237879032176,23.926410413470467,10.497567046599396,96.4096649128604,0.2452230112937277,Mauvaise
14.662667242876655,-17.366789673737355,-78.82451212305901,-10.876800549212016,11.476607758369578,88.85089347156246,17.423134488762145,58.65891441510156,0.6026008670962033,Moyenne
14.724327041496307,-17.387894843127064,-102.53272626063858,-6.34351018963617,8.594952742974995,57.23448649407844,7.886358944873425,88.66328469431679,0.4455350829460766,Moyenne
14.65199528871914,-17.42245922850443,-119.99259188475331,-14.517463656001858,23.723638419037467,36.24305198045083,23.392987274388815,81.16573076964323,0.37640276283662116,Mauvaise
14.765942977877101,-17.409278434385985,-91.88789734195237,-9.61644433537897,10.790740129065856,65.27107144532853,18.39296962183936,73.30045403665586,0.5056301413716595,Moyenne
14.769696419606252,-17.365818976807006,-117.42314503098183,-16.369349756822167,16.127558357709574,50.210352883642315,16.04191504470435,93.95556124725418,0.3109077802819793,Mauvaise
14.74529920055654,-17.387581363970643,-104.81067431985053,-10.252864417937847,26.343204213328914,82.4601515868931,23.719395220501323,70.33729490488625,0.5807948349186286,Moyenne
14.710651423114642,-17.42802818789257,-81.11629318993562,-14.289695074554858,25.318176800062286,120.27403121752293,32.15797586038434,60.10348198208711,0.7026356290964829,Bonne
14.683136515173231,-17.418259458758076,-116.55207081079737,-16.043084379768676,26.16477713227078,77.24820556733563,19.16202524599793,77.401756579764,0.4432618209226617,Moyenne
14.746734571792482,-17.520546315166957,-73.83638292041988,-14.615451290149108,4.450174876275488,91.34928241142518,27.670170385629977,80.12252678527003,0.5177146188064286,Moyenne
14.771133636253767,-17.455966464045883,-119.78990425377793,-16.49622504089081,-3.775612909217801,0.5,0.2,116.40666589715946,0.061362439634724014,Mauvaise
14.670609381636668,-17.48980047046327,-106.42468719389538,-6.373174490269641,4.137337996336523,31.096091308040112,7.04292236305359,98.17924862025538,0.3532978757993883,Mauvaise
14.710556858608701,-17.46360587310002,-79.25027691163606,-13.439383591560196,4.754757096724802,71.70058497142375,13.636113908344168,84.90557311789236,0.4805583230388989,Moyenne
14.690984012684671,-17.41755062529385,-102.60514176488813,-15.566089730358858,26.827611435373882,95.27397819056351,31.788728715258422,59.23740917149961,0.560263410758668,Moyenne
14.696376432575969,-17.520169781279648,-114.39591865636926,-12.72229022577694,17.72349564932897,51.57042332312392,14.878040269116129,72.72501256852397,0.3956887940343597,Mauvaise
14.702748511571981,-17.54652480726775,-100.18713446597647,-14.512493664709062,-2.1403614139219935,40.39646177976312,8.668937305847631,101.3858496948644,0.2534676838582915,Mauvaise
14.773733524768273,-17.470615119353454,-105.1283692488511,-8.578130446613436,-0.2617491396114602,36.462145426125176,8.58983823609373,100.5386316998849,0.30283084375022207,Mauvaise
14.683622831822852,-17.48556313710239,-73.65084538116949,-5.402921233603079,0.44866439396913904,78.37720539252987,16.147777622077964,82.62090236983437,0.5684959989062235,Moyenne
14.714047859082156,-17.46591358805966,-102.76586453281712,-12.867528806232944,17.06476118591231,57.86952984996441,20.99463856981109,85.17040363397066,0.44992520899151756,Moyenne
14.773693371316032,-17.363755815926204,-76.60871405231961,-6.945532400388634,20.739490892745106,116.83046300608248,28.892178846354852,52.060981130855765,0.7685821014329177,Bonne
14.71188739572838,-17.40858317975703,-70.94703203540959,-11.077916970165326,25.087536869788863,128.5830307130731,32.75853551034059,51.431539527099986,0.8046296153417886,Bonne
14.762267937849789,-17.484508245080168,-96.14004192329088,-16.798700688680732,27.92227927821851,99.72614229011472,32.38997489913778,69.50254556846501,0.5893126527901048,Moyenne
14.657639420662287,-17.51414423555266,-69.95312708800844,-9.331281610861218,2.0596595085254616,100.25577801411409,19.48359903569827,91.86841869846457,0.5760978872329224,Moyenne
14.77389395440022,-17.426304341148615,-99.2475070320244,-11.81191704023852,5.842036965341716,47.61819480784861,13.908336915338626,102.21287749371083,0.36261861265375356,Mauvaise
14.674379049113387,-17.418484749698102,-66.97568709304406,-9.891508674470552,3.4113008260690734,100.16389431322516,23.179183077328243,76.6369934163793,0.6079839330272694,Moyenne
14.777391554515066,-17.453275463224433,-115.0890761510935,-6.544376223996691,7.55665486131482,24.71111533598377,9.922277630203517,103.48507246797298,0.32358950650726465,Mauvaise
14.672824992483612,-17.507447845075568,-82.21394034232165,-12.833916010815354,27.01327875983123,126.68467951721723,28.464805209464405,46.67391971445598,0.7421392308174178,Bonne
14.707767573213346,-17.544288947832694,-92.84022777486892,-6.383513274957021,15.128939842877653,73.08723331417183,19.340306574861124,74.39059507212998,0.5793481289675756,Moyenne
14.690119883904432,-17.496867860506548,-98.67931569993941,-8.490633800056832,20.836716406357468,62.34702602967315,22.074515516982157,69.78024260983074,0.5661794272660781,Moyenne
14.706320084742355,-17.458565900141963,-85.20084666882696,-12.159531037708213,12.154173264437368,89.23385806687196,19.19318893231225,72.71781673317574,0.5508953869224007,Moyenne
14.682568216190319,-17.392413142711504,-81.28785996011177,-10.554890100788509,-3.9899730332356413,67.73336737180264,13.043288434745094,95.270987323904,0.41451719766236467,Moyenne
14.775491263615592,-17.37924923423097,-119.760020169233,-14.44186414473384,-2.7531579900764984,0.5,2.7174615805025932,109.79942284228314,0.09670518134409999,Mauvaise
14.689744247929502,-17.467413088066607,-110.81758011890408,-5.229637803657161,13.827306094376002,40.142882022870964,17.92851519048567,78.65053203256686,0.4467116249665012,Moyenne
14.734925738568348,-17.390775189063294,-80.78246721511246,-9.657083717294457,20.1576162187009,99.90494138622206,27.818853532171612,70.98275558866568,0.6822363044209744,Moyenne
14.667868173647843,-17.35132943528977,-83.34880225319864,-18.38614406504718,2.5365684635056027,73.33615335081609,16.47941472320812,88.4961651420374,0.38543052012936696,Mauvaise
14.757170373030485,-17.406677925029555,-66.86738721792275,-14.427293319527877,20.26683508973064,133.99094353246997,35.120129550008784,59.328247473780635,0.7498191881484453,Bonne
14.720526032656236,-17.40428019367972,-78.14292153620693,-10.273597927373196,23.373302071922936,118.89729651102746,33.875057195284214,59.75190676014385,0.7440709261884121,Bonne
14.77732799618907,-17.368092699690035,-67.70750107477642,-18.211334110810643,9.416411742673892,124.3097784021782,23.259457624482046,73.72321044478609,0.5924120189369082,Moyenne
14.705042288188347,-17.48237117431662,-81.36027241558563,-18.665621321532,21.12467314954367,102.36248243914113,34.7729166640205,63.78001654610382,0.5981130204199502,Moyenne
14.675408223746967,-17.547758921388507,-103.60712852483063,-12.699660646610763,9.141048261496096,62.35027419979984,15.91579935239588,87.38240250983108,0.38222362281278704,Mauvaise
14.694982469927329,-17.35260454566486,-114.20492927620289,-14.34233748430262,18.7422720309257,49.59043553127161,19.005813206054302,92.50021227911422,0.37294181981085894,Mauvaise
14.745805528792154,-17.451906384465797,-76.99968751602854,-12.863819487535677,21.739896726184007,103.89576086015249,34.87841724842,66.2999620586381,0.6891868511587123,Moyenne
14.735683847729463,-17.392864481367535,-84.57179281882463,-15.322293661679929,29.71743164078388,120.22919425501274,35.80448248875804,52.59995873354181,0.715389303516527,Bonne
14.751185162990303,-17.387501772478142,-117.34976931836871,-16.693951542798267,7.088883172225863,28.35912711602044,3.807858689976136,95.3065242644212,0.20760390865158773,Mauvaise
14.659551137986547,-17.470496664583994,-100.19722437544618,-9.351993002275272,9.386427320111402,51.51713293952452,14.084552398006494,86.99718597896216,0.4282178864432774,Moyenne
14.725447940794822,-17.441745390655537,-67.37601014836426,-11.796004372250792,0.7967020793559962,81.25595857658558,15.022927718435957,88.54479378663949,0.5361377259606666,Moyenne
14.77118192801472,-17.442016894787464,-92.47793698593892,-16.197841042508863,2.142557044063241,51.75650495766095,13.377729514862898,106.61501252227448,0.32204522286381876,Mauvaise
14.664027249532605,-17.50595679813115,-96.19989751891625,-14.525748032360024,19.26882509094322,74.14044540859517,22.310572457542925,61.329218398871454,0.5190299553337719,Moyenne
14.662263583658687,-17.52647221322114,-94.82652171623883,-10.714689292713437,27.09659565540666,102.92261960191101,28.656767207520275,66.01489892387238,0.6601074317296259,Moyenne
14.743158567387537,-17.441285539011474,-108.511450179716,-17.98878912418531,8.811173308143418,45.34007983931053,14.800817143056749,101.50829904370048,0.26954858541763654,Mauvaise
14.690973719259746,-17.525971354629707,-99.72110560243627,-16.935657870273488,1.294555639243943,30.61306849236138,7.632819870948687,87.16837186691293,0.2591842572811139,Mauvaise
14.735615297346918,-17.4807822552281,-99.66027092070529,-17.974561542496538,4.978482478404793,40.8880719506854,10.847473436320275,92.42803943070048,0.2867300462240448,Mauvaise
14.720899986696546,-17.512783333671813,-117.12047388968902,-7.627557342002335,10.926809668284852,34.80195344495387,9.722520794297886,84.89053593009696,0.3522778802306903,Mauvaise
14.778188665584187,-17.408616778343447,-77.78378043151449,-8.46627073503187,5.172761527787893,77.24234209560949,13.876633170180558,87.20507194869475,0.5494323998099336,Moyenne
14.765577334204133,-17.375598229300003,-97.09225624528665,-8.453618953690402,3.175267909265319,38.63643511491937,10.442206883349387,92.37933277856312,0.38507220755215615,Mauvaise
14.738149461603022,-17.434417078029565,-74.78010622509672,-8.971445191335608,20.759457106497784,110.96320457596111,23.901198058906047,59.54669531715562,0.7461635218913124,Bonne
14.68401770139341,-17.46796883856568,-73.23085993840576,-9.628604068621831,-4.725427756578188,74.87299149521878,12.304834906266036,92.28103937326425,0.47121798883834526,Moyenne
14.684048061079562,-17.35067147183574,-108.3403269915738,-12.32211318470555,13.87306845677691,52.04084278401806,17.357600632871485,91.09215876886668,0.38822889885537554,Mauvaise
14.764691694073962,-17.54575817295069,-83.84555848064292,-10.00810571090039,22.781838246041385,103.55385883195747,30.943140978757153,63.66819145661648,0.6927862091469118,Moyenne
14.726094338485801,-17.489131783159216,-94.024500771036,-18.462938232968355,4.317990021111386,54.83501190048744,11.32955681355314,94.11325342972751,0.31940010330966695,Mauvaise
14.752606631666772,-17.4942653694706,-71.59137941431831,-10.299498082805016,16.115202871420607,128.74211981174113,29.34605386965445,66.93981131710602,0.7223697168922389,Bonne
14.708482346849788,-17.478759280388417,-108.13426264529502,-8.10971212248372,18.41150369665162,51.20227964095592,14.816091960411658,83.46424005868758,0.4776333442042173,Moyenne
14.663399572764698,-17.5038808517683,-82.72027398294756,-11.994982954618537,17.92586437417815,85.61332210526186,26.588978958444496,66.0321383296264,0.6164970196243764,Moyenne
14.693249239571152,-17.49714743291371,-86.57363327610025,-13.994813402018682,10.604737196955119,83.67490243030277,28.913505247711022,93.71770119883536,0.4909039611639302,Moyenne
14.670949395257487,-17.498464578016534,-103.75841873354919,-15.116025712786293,7.1302295756522724,42.98793799305821,17.213118107330168,82.8306090144358,0.3219453818378648,Mauvaise
14.751638266135314,-17.448851189849513,-112.48695029918551,-10.000771297730845,24.257342555973473,57.60666890881077,20.767573574518284,58.851500470913436,0.5065501357895433,Moyenne
14.74106655865542,-17.471788944593115,-84.1598131737498,-9.300783219181277,21.54560849499525,111.2361764934551,29.106423830430366,49.23861948632547,0.7053563252068666,Bonne
14.661493679910446,-17.42214397960302,-79.37713980272181,-6.806453601924403,6.243931069486939,90.2605256316971,16.650056873784568,66.34150445960361,0.5946337854352157,Moyenne
14.730780101839043,-17.447119768026464,-102.64049609301574,-14.20732284554613,-1.394328194522787,11.056276093786924,3.6944293074253878,109.525641232751,0.21498325576943508,Mauvaise
14.763637615909323,-17.513315629526055,-84.53420677877274,-8.223187696601801,-2.486735909408578,52.097593382617276,12.758865457157617,101.93276491788087,0.4146003077188694,Moyenne
14.740657358401995,-17.3879910042131,-98.26780008136731,-11.141018461349269,-1.7003407735372384,54.08418816417593,5.841353733135919,112.2631990537722,0.31026749474319365,Mauvaise
14.716444548687974,-17.45556096033189,-80.77362141945602,-6.640289130506892,15.4004276417215,104.15293819675328,28.221980636950185,62.33442522270093,0.6838450016590627,Moyenne
14.690542227042055,-17.519353696418804,-109.04315988082708,-11.61063048386131,-3.191823845985361,19.651809617000445,7.309674392454042,115.5016669687157,0.19708574976577925,Mauvaise
14.765322577446167,-17.516624031414267,-71.03817485501041,-11.75318240242846,6.792440623741344,108.20313822301681,23.88920959170841,78.91235430871126,0.6013819395569682,Moyenne
14.704964634678333,-17.39060631790421,-104.19247219439312,-10.909720859827273,21.361989566998027,71.73332700512556,21.791239046380806,74.31251908692654,0.5210559993439203,Moyenne
14.761201165430391,-17.409401363155382,-99.7717706734116,-8.509585028005919,5.302185828038233,53.365834792009714,6.74907146920075,98.47921980657856,0.3987505711404484,Mauvaise
14.751789978968365,-17.44869440949205,-116.80494263558076,-5.494333296401546,21.715782701304544,56.60765927281942,19.562148704276062,72.10987439568542,0.4996579902781088,Moyenne
14.756109505486512,-17.488783698049534,-113.8668283223298,-17.97011304097928,21.091346337246936,58.921416500555296,14.479538618640252,98.4101809561386,0.36144290748732727,Mauvaise
14.778673677621013,-17.457895592640586,-91.62759535082195,-18.25191556652576,3.6039496421625703,54.86489142298859,12.199078990825857,102.8419308430451,0.3228255051566078,Mauvaise
14.747338607063485,-17.422703292572393,-105.28240277996157,-5.874295276297261,20.50877630324609,69.41393925948758,23.386030116441113,70.41114679447531,0.5620301823871532,Moyenne
14.654425321643425,-17.374143536514097,-74.0485875841793,-11.581741242745114,21.172182339523527,117.75487327148802,34.992796476130806,50.95490467576097,0.7382433398530002,Bonne
14.676706411547498,-17.438826426464257,-119.19186362397754,-10.391357796062895,8.91088739834594,21.29812107246202,6.120946328399667,96.45786297866805,0.2728725255683179,Mauvaise
14.654575369542272,-17.49465294104525,-99.14982732304351,-12.246069577673797,2.364716930953138,32.826800275938176,8.726115683842007,98.76488614069152,0.31620144281205614,Mauvaise
14.67468876409242,-17.541452017061307,-101.4459949276999,-17.688795663495355,13.244478241215418,53.70577317515738,14.66707992438581,91.63335025742985,0.36425039699294726,Mauvaise
14.657987136389195,-17.514908988816654,-118.93698029953194,-8.24674870213867,27.248915580006873,56.04646831541002,16.852736565190902,62.02339203023315,0.5121285127333938,Moyenne
14.715210215354213,-17.41996447586751,-113.15973805497194,-8.538854968759784,17.38658563512217,40.851973125351435,13.660315179032613,84.86455778115966,0.42555483746430467,Moyenne
14.6536668077073,-17.517912606635168,-97.24965287947506,-14.636153499100633,1.052287416954142,38.74002677283926,4.8598326273075605,86.05702121670967,0.30409372928272355,Mauvaise
14.711435282949983,-17.453692089371312,-92.89244785539043,-14.712650566802395,18.896492365673197,84.56441556313852,25.76437565110938,74.83737297027217,0.5332951731215071,Moyenne
14.766849317925601,-17.410208996904725,-97.7640639009822,-7.270220667322741,9.95210595486421,62.92340203537371,16.932622618546805,85.20084665496768,0.4812468770955675,Moyenne
14.747314881634725,-17.48835501971938,-90.79842768733484,-17.986998391621427,15.703507907438055,90.64374716123017,23.894593699250983,90.3678194871735,0.47799206556122026,Moyenne
14.772714270074728,-17.416178822038543,-87.26775788018752,-6.6645279230080785,20.692241225808775,95.31901908427392,24.07764144827508,53.93333297619469,0.6902879489989324,Moyenne
14.679464080588348,-17.43378558767044,-119.45418983796904,-15.406736341457197,13.023157303005569,39.65502881961276,6.722031978269564,102.48683225479911,0.26729107926015133,Mauvaise
14.719041156132688,-17.462212178614323,-94.47476623005728,-10.698213531423086,23.489439110065803,99.88066425803817,26.536982019466695,51.99777936810391,0.6375869303840034,Moyenne
14.691415328911559,-17.370550904223148,-67.00754175118264,-5.896081493975112,20.27544527608197,136.67082023070498,33.93247977519413,47.150088206265394,0.8513330010047262,Bonne
14.714196573439965,-17.411588221914513,-91.45322459287482,-9.50628497848695,16.527566900647873,84.81384502778151,22.118858740408484,60.59860093810933,0.5863648390106234,Moyenne
14.722419857845956,-17.477880593369488,-82.73517528975758,-13.197982625461488,0.2777485541323017,68.45866585062505,13.368662828913909,94.84480177221411,0.41589379485992917,Moyenne
14.654704196961863,-17.38914709329489,-102.84748781457142,-9.346521075324187,24.25821888190489,89.17211768436943,29.11645981531658,58.93027259586042,0.5976592912714768,Moyenne
14.680323297577948,-17.402379557166068,-77.43047420159806,-14.184285091570818,27.756695486193564,139.67022210774462,36.607095905155106,41.19768766780384,0.7767711314851046,Bonne
14.74162046130172,-17.391663206898368,-77.48931849681367,-15.118382171111394,-0.20622066667468175,84.53529104913655,21.646419233842412,92.78104306989775,0.4372360064938723,Moyenne
14.750480643190238,-17.4218088033918,-91.32871737902235,-5.046434108914484,12.08843953017007,75.24867417101817,23.303751664756128,83.78831056531948,0.5717534452772781,Moyenne
14.724028677773376,-17.4741258768321,-66.31923971964325,-8.488936763482972,4.061105968967658,105.8192417345307,27.740853054454256,80.47690395048735,0.6352572766860893,Moyenne
14.685207773633328,-17.480284296879148,-113.09473818805407,-9.973920316654553,21.408315759894762,67.30394865307402,15.179274367039405,75.62323692859924,0.47761851063107924,Moyenne
14.702660935173956,-17.41916972784815,-119.06787843107304,-14.025944994929537,20.2570372601645,39.10895290817369,17.285681604233673,95.85197018924998,0.3500742761998558,Mauvaise
14.66248478554458,-17.52381999840662,-77.64129835335973,-18.311748391829326,-0.06902078003604561,71.32441640946993,14.481934563318744,92.2019034809981,0.39054360482697675,Mauvaise
14.773913350183037,-17.386017129900285,-75.60644544493147,-18.565203735507822,25.6959544941573,128.9892450360389,29.534752106105493,60.494095949776934,0.6985732217294167,Moyenne
14.762928071257337,-17.475932923200386,-113.3886023983683,-11.241462423716817,1.3340572392300798,23.10428030506929,8.735838736698724,106.3005679498633,0.22571851125205378,Mauvaise
14.65852830509797,-17.423925602126893,-105.39294418727667,-8.331541905453285,22.90406589768376,79.96150388274617,21.26423808571491,62.57812232147976,0.571400221406298,Moyenne
14.671643786535583,-17.45018721701332,-119.03462001483541,-11.476691333786029,10.99431258698017,23.782858259156658,5.868596914893672,98.57264284011984,0.2810344584973785,Mauvaise
14.725542277354538,-17.44613470159507,-103.86802640706894,-7.229008992852396,6.489530274535294,30.33454002201571,9.945170359954497,88.40889100707327,0.3839873114431155,Mauvaise
14.680215909636798,-17.40239877075973,-77.47719693447307,-18.5320285366949,0.5383741935974733,77.33498515295847,13.871170640131197,89.38312564516254,0.40217455566469873,Moyenne
14.771472090741836,-17.42466598926572,-91.51217097580816,-13.865470930036839,0.8664989651320285,44.815778172762975,9.49619553120956,98.41059984307624,0.3398939582323657,Mauvaise
14.74822677551324,-17.49993820233086,-100.85474237574415,-15.681014523561508,18.16616941453151,58.95978715317617,19.752348588113655,60.42065235364761,0.45723575528762767,Moyenne
14.68552789667844,-17.535154813715252,-99.55433878015184,-12.73817844580029,14.265063578149217,55.17677874417057,23.33397151078554,67.9523464505256,0.4536170645234237,Moyenne
14.650793183454763,-17.381953186526943,-119.92555058564925,-17.986730495282284,-0.7270102422068554,3.283591582747052,0.2,118.25998548261227,0.0723317744501342,Mauvaise
14.753928160856386,-17.37302118504963,-103.51097098391202,-5.642157018004983,-1.0555748846586184,38.80849844549479,11.010069729027332,98.74777020849092,0.33984591427656347,Mauvaise
14.705131662248139,-17.517100693416538,-84.44476920991383,-15.874424385028947,-2.469129882952299,57.81678870713184,14.262450246402114,92.52635206772355,0.3452516590789368,Mauvaise
14.733509102541511,-17.488104586616096,-66.41930559010035,-6.087691143229813,21.031857158074043,136.8419400501452,35.66435774487496,57.77559467320806,0.8520595806141813,Bonne
14.687306727304769,-17.493531523613655,-73.41165451588553,-13.037495829486454,19.91587298302512,130.49509280006825,33.49139210431327,58.06764157893836,0.7233501786669014,Bonne
14.668573523716562,-17.362510287851972,-118.70227694449589,-5.202662134426948,-2.95491532008987,0.5,0.2,116.89361312629129,0.19500733122078648,Mauvaise
14.737790506932146,-17.509044523613863,-70.57916674288384,-11.24318263155705,14.609452645894052,119.39573320168775,32.38205880370677,66.89841702018171,0.6955547501221417,Moyenne
14.708542196459065,-17.516692153580035,-76.92408726857558,-5.968339901538695,-2.0363345665058534,71.06366423585925,16.35207604924575,95.0555312654108,0.5076806102476846,Moyenne
14.680572061139097,-17.51363229005036,-77.07931320359609,-18.92511415828088,26.631101971312958,132.75583116716908,29.6700138035839,47.78728105984207,0.706936560352051,Bonne
14.667891639943607,-17.404026164781246,-94.81023325480356,-8.5246567134674,26.749109671304634,94.45295154221267,29.429550926401888,62.764610011082546,0.6743796525837371,Moyenne
14.725462347277412,-17.372396031150707,-98.10970888750234,-6.357290856564784,19.438154643459555,71.54630585475329,24.620229568773716,81.77666519321622,0.5813576118549431,Moyenne
14.744321492226984,-17.471326517873347,-103.33963491417441,-17.043912062294645,27.41661225038075,86.27991638094984,25.155752699501825,59.57759283193185,0.5362510012882978,Moyenne
14.686905305076005,-17.52278401912673,-116.38678275750988,-17.65423807574988,23.400856064479168,68.13771202786724,19.02399289814876,82.93540015278583,0.39041068982958294,Mauvaise
14.745568529595126,-17.432855600518334,-107.44705500784654,-13.055983499396621,23.99885015744673,78.22498763788603,20.354151873443197,70.34030198652434,0.5120495258843211,Moyenne
14.673805885835261,-17.508013008334206,-106.43680007620864,-5.9284953141389085,14.939774769947665,50.87544724889991,12.07208534409966,88.85672860419065,0.4765829097637671,Moyenne
14.693994039842364,-17.537169710526953,-93.37576116593891,-11.406588157333857,5.712071937566156,47.95757360518592,9.665803335423968,91.05236235890479,0.4056548631057284,Moyenne
14.746834697283994,-17.372753724323506,-78.89055763718183,-11.61560950789575,2.6229690290747554,63.67545180535811,12.613179186132097,87.56130693524375,0.47399277325405675,Moyenne
14.73581865755412,-17.375831744733265,-93.94045943811294,-17.024234343809493,6.4520007713625205,69.7340161127369,16.64437396402583,92.03824312385423,0.3698470602394617,Mauvaise
14.68516807149751,-17.354817967948147,-116.81855528040617,-18.988946844694937,16.99734005311717,33.76247782445723,6.540798563910871,94.48085430023674,0.276795632149149,Mauvaise
14.6658775502011,-17.455199049018773,-67.32156094564878,-7.658038729563543,1.0429787541339621,91.03519659670549,18.168099016026254,86.72331052347502,0.5938745709057222,Moyenne
14.655521545243142,-17.491199760357915,-68.15016244982382,-17.773956118192665,4.052408282306256,108.81922940853262,19.687169084439905,84.82244815445914,0.5258164818062591,Moyenne
14.758928973389507,-17.39604325088592,-76.81457512683754,-10.126102537705464,11.382130197841256,85.26827103622676,23.235911236133347,71.68369722148552,0.6085317341486969,Moyenne
14.659768453443823,-17.51390101358322,-65.47696541396786,-6.195369636787319,3.1567534483615454,112.9407817687782,16.72349486915572,93.61227140053958,0.6550384690390147,Moyenne
14.66492986978683,-17.501341584636744,-90.05347169598554,-16.078873215781964,15.602528440062159,82.0850313658089,23.61471909867043,79.80321933454384,0.5001184728714417,Moyenne
14.680902381935793,-17.498863474758526,-67.04774073607366,-9.686180292683249,27.311160995971548,137.45249621870795,34.8316192570746,48.55752561707303,0.87065505152239,Bonne
14.70793706155118,-17.359676118017564,-115.8417227660787,-17.898219926094868,21.183127799609426,49.45651947969375,20.68080311372686,77.49116694724484,0.35670884991695345,Mauvaise
14.752672320430744,-17.404035416233786,-99.88755884562458,-10.54742798627342,18.324931495211956,67.06023870165029,19.001509387913266,83.11776354141921,0.5118438766394313,Moyenne
14.682172442372345,-17.523261041483572,-107.60403025962788,-16.70495590665516,15.395251659432258,57.390210268742855,15.828426500497063,78.0188286772653,0.37239823915737646,Mauvaise
14.720656072286767,-17.53143082437522,-109.22918037261515,-8.696650152787507,12.078176823997271,39.281687543446566,13.235832216048404,73.98068348390997,0.40548856398218375,Moyenne
14.661748427866506,-17.3814370292831,-112.25583781090282,-14.782761872885285,1.5297350872130897,2.931408208539045,5.513994485814892,104.9526946882036,0.17635768186035694,Mauvaise
14.710386430667748,-17.38954513539105,-85.76724971387019,-12.512525876734953,26.314865939940294,111.06090709102936,31.512911890592065,67.27448664023993,0.6908571297494249,Moyenne
14.67309306913905,-17.41580108439833,-77.02729793389821,-10.607972411613297,3.6987600704492714,71.59875323497928,17.34824612625222,98.21449046110263,0.5049943648930966,Moyenne
14.677454902655773,-17.51077986952068,-88.19358803188017,-16.602172250672645,-1.804189284764374,54.09708084818153,11.898457281589009,97.35462806554516,0.31576719017064375,Mauvaise
14.69768769643416,-17.453943292222146,-111.91705097264847,-8.617070539353307,21.25053127300433,48.74503323423967,20.10284544216093,76.96063046702002,0.4777769856939409,Moyenne
14.748975200831111,-17.429454810908545,-75.3881926536591,-14.763035231084597,1.146543701590824,76.22905746658448,15.121309161004032,92.47576897204709,0.45599638719346647,Moyenne
14.74671823588703,-17.36357249463193,-85.02249110599493,-9.726793961221452,8.016359983941161,78.95518752140563,20.132683558581256,80.92242166926998,0.5267178974069433,Moyenne
14.703946486943092,-17.516115251960517,-98.65088616301524,-16.78403729020877,-4.01002750981571,28.57376870296851,9.240331493278758,110.13818487422805,0.20382596005044845,Mauvaise
14.665427250045013,-17.446910638570778,-82.92283374551653,-9.366352771111096,-0.20262201108431732,66.62938087446162,15.952855369623851,92.91573199245434,0.45126267985006463,Moyenne
14.686489910603113,-17.51844967222434,-105.70522614164419,-17.205366980653537,1.0621270765969228,33.86766703814078,9.54378552898394,110.17131991402562,0.20958091435118312,Mauvaise
14.715696250948918,-17.46123013188517,-101.01442853281841,-13.04500905222023,-3.0956455287437716,18.820710838870703,5.993760690115251,111.57424068479216,0.22812205902949004,Mauvaise
14.763023531230365,-17.509973005073817,-69.53827862774054,-15.539114967655724,17.982993481799582,123.23573297144259,28.441246579325878,68.59785716638329,0.6868275791811359,Moyenne
14.775873099925732,-17.38276275833696,-104.02225218807187,-8.522746508005444,24.295272853109104,51.11668660643099,21.16996935224028,67.1540903318629,0.5568572709084445,Moyenne
14.732871221553108,-17.499052744472497,-94.15064525131349,-15.331509936903757,8.066039222807934,64.05464793184312,16.653165521569065,102.48275401517806,0.3880291649549188,Mauvaise
14.695589243764662,-17.466579056751197,-71.0422374432192,-6.6559577104644525,25.610176685137024,134.04203667380267,38.89063174992613,55.98605502929258,0.8583908801811816,Bonne
14.740148948980268,-17.468442469501575,-81.07532573528599,-6.514517040307421,2.467130109604428,65.2386083613989,24.708362811355173,91.00826685532714,0.5146598396171356,Moyenne
14.693709917656678,-17.37674100799565,-116.57882256094135,-16.249821586880998,6.3886648246433815,23.119086674058664,9.614943314236706,93.4287955533871,0.20657751517300113,Mauvaise
14.73131154894416,-17.39844050705355,-111.89833256465663,-10.40615676989186,0.2757947560908933,25.70600476974606,0.5173326591412999,105.1915624343798,0.2370671994243598,Mauvaise
14.681689654320438,-17.538484902196984,-119.56871250754457,-17.7719530159205,16.71957183966495,32.36419043571258,10.552833193044917,87.31355813848522,0.2758330337919917,Mauvaise
14.68470853116008,-17.53658250856637,-85.29930153739602,-13.518480605577192,9.69543568046074,72.82354282541449,26.76760138610191,74.50965736778876,0.4971184171836407,Moyenne
14.659779326575347,-17.439760550973862,-95.37796160242699,-9.013495786982189,16.464917139466454,78.10750165431672,20.499988640846738,73.53066155968641,0.5543723517154115,Moyenne
14.704618349787713,-17.46445619452844,-112.61488320037485,-9.768074544101172,21.658621688796426,47.18708860378472,18.888369966310165,75.02822693102961,0.4648666845661902,Moyenne
14.730362687612436,-17.494883155892634,-67.31362334187762,-10.254190628307489,14.099605561153197,114.48300047683013,26.42870496192238,66.9990480056162,0.714613210010993,Bonne
14.75254334269538,-17.39147581235852,-90.86871518299091,-15.04442790872579,16.967062421562574,95.23652632524461,27.768203597769713,59.03537852182548,0.5454477605142831,Moyenne
14.7553453108289,-17.524272965620202,-106.6958688237911,-13.707650707918372,27.733761003801654,80.58197884565672,26.571078236296145,64.10371123974956,0.5476929963198173,Moyenne
14.77901777843593,-17.35518861742597,-92.46680358649108,-17.558753974195994,5.467250836309509,44.705199864014844,12.139890286488843,86.93714097844823,0.3420893918124908,Mauvaise
14.661408244358805,-17.545179498649567,-82.62088169956907,-8.933680513929586,7.57073785218836,66.3100436368741,16.400732035110863,82.41329057474319,0.5308565543961371,Moyenne
14.714107779897958,-17.526353855077833,-115.80684301145395,-11.945556844922171,20.11961765982679,50.66428774135607,17.472949145563483,88.22782716083883,0.40561182972435833,Moyenne
14.717778694802314,-17.48773666914483,-104.89129017236594,-9.077281147160836,16.395693096938537,67.37531750819647,17.897652132170254,96.66627417882037,0.47504877920514804,Moyenne
14.754589345429126,-17.4481701809489,-75.61689800138035,-15.514790652843782,1.2486516588900187,67.00760504642425,19.904472512403274,93.70650937533215,0.4375276461428462,Moyenne
14.68462660702655,-17.506772768304135,-94.71843212785363,-14.457864799109073,8.165155850367157,64.9066779433552,17.205063269889838,77.31669889048942,0.4127716004355676,Moyenne
14.659018401592132,-17.402756970229195,-89.93825718822379,-14.320985278358394,11.374330459365023,86.49637175866735,18.69020025937132,77.7848974769294,0.48909662057683456,Moyenne
14.690788645334894,-17.478491619314802,-96.19511987847919,-18.639606263538973,9.678644328893627,76.92845676804174,14.475354286373722,90.50540835551328,0.3761146313798062,Mauvaise
14.777910617778353,-17.542292333320614,-117.58550315463472,-14.22532978037127,1.2396182912714275,11.233663298542837,2.2329802548713444,111.0443347832378,0.15501371299049158,Mauvaise
14.766927355717195,-17.374455606511873,-110.88376210989142,-7.753735970747531,27.355053212449178,76.26213159450272,21.687177970282136,75.4992243356469,0.5734789628797685,Moyenne
14.701382104923065,-17.36122686538279,-95.495209869196,-6.43782105950366,21.681156659289154,69.95498111991995,24.362899608869522,67.84041716380862,0.6216809308372683,Moyenne
14.763915359836858,-17.426287275512593,-108.49479940256397,-11.744943581097015,11.847454123774828,62.05176964715882,13.369360881603136,85.32822200294498,0.39006142491198526,Mauvaise
14.654258082935167,-17.38869272228592,-117.25115342371767,-12.622976266930916,18.80213599073928,39.67338945638956,12.42979881507614,96.45942068496626,0.362704380372583,Mauvaise
14.690846530070345,-17.52577769226134,-73.59926847714969,-18.568455338208818,26.404893524743265,126.22326137093172,37.615721086611536,52.62218470703388,0.718045198560685,Bonne
14.744485540238381,-17.496235943642667,-66.03441089597362,-6.691139273804643,-0.23390501734500724,91.23204236663783,18.612939530858714,77.90955691930222,0.6063829898492832,Moyenne
14.67878879263219,-17.484953662464363,-76.37714193017933,-18.81785701203778,3.7630567747442196,95.77835958166702,16.376487015902157,96.90250364020216,0.44618299991319493,Moyenne
14.67579082369335,-17.357849366610303,-73.04182930624332,-5.773498877057035,13.994543653982575,127.4823458676999,26.176718015757036,57.307698141078326,0.7499355764935731,Bonne
14.762034980975368,-17.44755547201853,-106.6912578325625,-12.15097251836673,22.96536299733255,71.55885711511561,22.460588326596767,43.89919604847871,0.5279714142201646,Moyenne
14.730074014939976,-17.54851728823721,-67.16551634677401,-14.212917089953827,-3.731078659546542,92.34113827222033,17.129428816386426,97.60308654371404,0.47762714923237143,Moyenne
14.778572953380564,-17.473962835425983,-109.16908625506144,-6.060941912202759,29.440635256872618,79.63945626962482,26.665618835252708,71.19480722335304,0.6250921730753918,Moyenne
14.66750705791629,-17.548449879826887,-67.67136043009923,-18.658526096458644,10.9217311008839,104.49978568645365,29.655273995310587,74.47379218786472,0.5804101638343272,Moyenne
14.69629669294031,-17.502438851905513,-65.2849388318727,-10.860051471832781,7.573089921760305,121.97573319564336,29.36625496610087,64.35624791194188,0.6725004325276807,Moyenne
14.690457738334478,-17.459059986571766,-80.85524568396733,-11.314944657009274,5.2453553243920155,74.05977314318847,19.228871225750005,84.5704042616979,0.5013535553860365,Moyenne
14.764417190903458,-17.485321388915832,-66.03709475144979,-15.929514383040651,1.1024847677805072,108.22615464507143,17.450549012732438,81.94786537482872,0.5331424364097009,Moyenne
14.683188547605592,-17.543453157542967,-88.6753121238093,-12.995575961097053,22.705086812550977,111.0504736527788,27.049869117861522,59.81845683100371,0.6438387236837807,Moyenne
14.695949929697642,-17.526732855518244,-105.72520192531503,-9.868303916787218,28.43949576611338,88.05843837084888,22.890871209270077,75.05760224030726,0.6003464221455324,Moyenne
14.668568403837806,-17.439822687755456,-95.96522628839085,-8.820163243653015,9.477566419588937,76.44604619894824,21.137029513912303,77.54243037329786,0.4890129643023445,Moyenne
14.750802127744393,-17.410879019123104,-87.35414855416677,-18.989963978107884,28.334724316370966,132.02616435614433,38.2225576750828,58.169588431306885,0.6571484565809326,Moyenne
14.680901426914652,-17.46909019755342,-115.98051408851417,-5.884051978725786,23.832916540226197,55.097012226263814,21.040795239667407,84.3775240528153,0.508437097276654,Moyenne
14.65888163539019,-17.40370365071502,-85.77112044605147,-16.696644786500627,11.836789461671138,77.39232121772334,23.841236994968874,81.07703115693587,0.4790380906000905,Moyenne
14.706564135249817,-17.51733342229697,-66.0352189780738,-15.729873920886972,18.590916269414645,116.00780157805204,33.65414432597439,69.6175127429157,0.7011943963159903,Bonne
14.700889556115,-17.525588410438463,-109.54407926189498,-15.311371760286125,10.224446270966203,58.181415840152994,12.91485239439547,95.4903286679315,0.3215697622685331,Mauvaise
14.6730891965597,-17.382109256811347,-76.40726860413892,-18.470518088271504,14.555319287439335,101.70082587649492,21.653816834771543,73.44062123338368,0.5638089895539918,Moyenne
14.667367682786482,-17.48215733030156,-70.06556634212095,-17.27727026973545,-2.9683782043523665,90.03207566650357,16.17738994144028,94.6199132907049,0.4351934912506859,Moyenne
14.766552437739824,-17.463550415611117,-68.09641239488786,-5.191101078781731,19.36922163551866,123.04449925965208,30.081251619613532,64.43402142117462,0.8200304938567194,Bonne
14.65881978325166,-17.360483679536543,-67.19254175770041,-14.586965676717995,-3.151137443055215,97.77652925309516,18.120883787281315,87.5639234319444,0.4905711655719336,Moyenne
14.662910424370521,-17.46517753441258,-91.31971987031905,-17.38578473525331,23.597973142187733,92.35148177030977,27.37784970875414,53.641720727598454,0.5754488738617712,Moyenne
14.681856146547993,-17.54930197882962,-66.2480650604673,-17.502122343555275,23.873142531119512,131.59082139050585,42.36484288765845,60.021577025349444,0.7483015771187513,Bonne
14.773869094655344,-17.362405612090033,-78.34793860760587,-8.927560452620394,3.297705064467511,77.73586304837502,20.636498098633727,95.93372368721425,0.5200152908145906,Moyenne
14.661099952437581,-17.547176273302835,-111.1080710069671,-7.036038703543028,6.328197336253009,25.518468352968856,9.395449230503557,99.15498616962932,0.3332007090266074,Mauvaise
14.756081927476574,-17.417542743254163,-93.77049414426165,-15.402667806881421,11.845863249540265,75.05228473752544,17.67161226276773,77.2255088584864,0.44957460259935067,Moyenne
14.765966779931446,-17.4854218180935,-80.49178535453979,-18.70726682730671,15.883201742636853,100.51920896501586,30.97418072203666,57.52308403761421,0.5598051378149039,Moyenne
14.699122806388615,-17.45592184868796,-106.39628262995042,-15.876739741765018,5.057378160969886,40.262695007439426,9.211601853816681,97.48445455750695,0.2691447546708955,Mauvaise
14.688206271978139,-17.440542966460765,-84.7661649048112,-18.208780328845396,15.737024162117375,91.04339620137335,25.342781081704075,61.32133762245694,0.528570334526826,Moyenne
14.738059104673463,-17.46830798854089,-83.33697365243594,-17.552470887179418,5.422547563025461,69.85138094875937,17.754591329045745,73.99817153425712,0.4253447727698696,Moyenne
14.741342498079328,-17.395126242563567,-111.05151409052888,-12.958886322133008,-3.057824762512876,6.428292137906558,0.7790310174339095,110.08828378413048,0.1632194603895205,Mauvaise
14.751397031167139,-17.363858718067114,-88.9203078150984,-15.781142807937144,-4.911535755883187,61.37191558681456,8.54933590275389,96.78013256552663,0.30162344152444126,Mauvaise
14.75797368157276,-17.532717589576226,-77.56051989617657,-11.776757700644072,-1.459712972854999,73.0290576886053,8.946118403304752,95.7083085645946,0.4484487910934667,Moyenne
14.684891409281605,-17.389949423753006,-92.56073845052319,-15.451087454399335,22.72877450574064,78.2341959699675,21.870764492611766,64.55768317420355,0.560563712919065,Moyenne
14.739305008245264,-17.524265771819874,-119.3343285773141,-5.8324777845587334,28.6500959334168,56.27016117776699,22.336943776340703,64.73723702322695,0.5462529270755578,Moyenne
14.667537744157007,-17.53394456335008,-119.50288420063893,-6.316784449032296,9.943816974842674,23.50765906840617,12.839261483748706,82.21563347967604,0.33539023244571525,Mauvaise
14.71639507310074,-17.358833709455574,-100.36338608164934,-11.064714529853475,12.943938370747997,76.03331785269515,17.97823504337883,76.21890501105216,0.47115561948955004,Moyenne
14.729675299146637,-17.452140443701747,-69.05932623625199,-14.038064112176594,0.13968591756991433,97.10810696063064,16.76590939492078,80.3520446013068,0.5186163472760965,Moyenne
14.671025151767951,-17.519479341798142,-107.42277712180152,-13.663943651513701,14.286097343805494,44.579730888693085,11.073734885831309,74.53725203536331,0.38597270152212426,Mauvaise
14.65994585016354,-17.436008577356585,-85.10999711205721,-13.234068035977042,0.06292157024418898,80.78569407857071,15.609127891377822,91.5790541401448,0.4152164110537479,Moyenne
14.675317017215905,-17.49735257224609,-107.78582711186736,-8.813889490110784,16.392501591959054,55.29981417533177,15.048126172172458,72.37610404220042,0.466173037035085,Moyenne
14.704676537220807,-17.457138196638404,-102.30815056872483,-12.67705406273627,27.664053365329885,97.37488925242712,28.486690912334907,61.99905106613461,0.6002666350416171,Moyenne
14.765419327115998,-17.42506808122402,-73.35768507191838,-7.005780748917436,1.8494488756063863,75.7507651497523,19.789019911950184,88.34501956586358,0.5584857660864183,Moyenne
14.719148875189514,-17.376146034226004,-79.91262067515292,-5.782672996974895,21.75973013199857,94.48270035422999,31.69729503285954,54.88769748390739,0.7475326680192944,Bonne
14.747304075925419,-17.54938372034614,-114.75303974777341,-14.296753852694927,-4.1774152013586585,0.5,0.2,116.89051820374883,0.10863542091046793,Mauvaise
14.672638788677888,-17.507171867816812,-96.42138884574615,-11.150277260740477,8.142403446256735,32.365778045179354,16.103129471277484,77.09939718584471,0.4063301308200513,Moyenne
14.66377716574718,-17.530745891416245,-118.39566299951045,-17.669208484344097,-1.1238022259321836,19.376483066991135,0.416493188249809,101.95395227891444,0.1076411435153316,Mauvaise
14.681150256492192,-17.53058045968819,-93.55104193683451,-16.193433331270974,7.33664045584948,63.35277297017162,13.486864038097945,86.9209338523881,0.38548551735981257,Mauvaise
14.690804453662746,-17.36084451737202,-83.56612935644125,-13.211479266057758,1.0737921873609233,58.68801232118747,11.613012074850053,97.59777788320237,0.4064339714742287,Moyenne
14.721253262446886,-17.36278341309699,-113.48235570210167,-16.113161977375096,8.06567465430106,32.83233685487024,1.772121368362221,102.7143118818384,0.2428288204352231,Mauvaise
14.764561631647377,-17.400138384059755,-104.1113283599959,-6.728153128957954,9.613298213763562,49.75201050497543,12.747015136422402,102.29060523998965,0.4249646708016321,Moyenne
14.705392040181058,-17.42138739151982,-98.11898559738137,-16.783992415172627,5.520689297332144,55.206570244027894,17.080972097904883,89.41186750401653,0.3288699214684708,Mauvaise
14.717443764419846,-17.38040591072846,-69.42579364391727,-12.620748498256713,17.98176823155952,133.61593847754983,33.47845026433341,61.04712106615301,0.7341128732384986,Bonne
14.65059975967804,-17.538318252381888,-65.37097415173699,-10.52021063356174,27.15982179406184,146.86961830597068,39.81516165816321,39.13178362445118,0.88526876862988,Bonne
14.654330568175867,-17.526102841379757,-117.52987855524113,-9.313905285748177,9.020838093684532,17.202168194651254,5.977114188377325,86.22914136277197,0.2971476621071964,Mauvaise
14.660889995990582,-17.486577415340733,-78.14456420775343,-13.637028823828906,1.7320104766257503,83.24046351504602,19.853827538201553,90.56881591683319,0.466326982353924,Moyenne
14.740869231112274,-17.383501524020698,-99.55517634787113,-6.8326130378538,4.4752965368594175,52.12545550541365,10.930467918637623,88.32744220936888,0.4163394017207083,Moyenne
14.713204877940349,-17.4555534914467,-98.4147997573786,-11.043531884909044,24.890028822372912,89.28078452217295,30.7026432019457,75.29965313963662,0.5982665913418587,Moyenne
14.675084955809142,-17.44928504731248,-78.51542646591375,-12.846891073734275,15.007390314455176,119.95898914630317,23.081512167164764,58.62250961448481,0.6445748921222639,Moyenne
14.727037927029675,-17.50414691406924,-69.48654623200252,-18.05863112327149,10.925386130743505,106.2210666841895,24.077570526401598,75.86423086795782,0.5777622472157328,Moyenne
14.720799579736475,-17.420322503765295,-67.69892730235983,-12.49434744176769,0.23728525281243495,84.18753031853099,16.92966528848388,78.08640402158828,0.5320029427076894,Moyenne
14.6615439092353,-17.372431569187547,-88.25825776789236,-7.509698228579776,10.740455791332367,80.78660479730053,15.18157372386829,74.11599015350959,0.562541289125951,Moyenne
14.73325366045323,-17.48409715602831,-100.35833623847235,-10.396425744901583,4.747220117508533,39.48576577430609,8.386502343215364,98.82803966481686,0.3564655075283257,Mauvaise
14.749730133441966,-17.426162812046023,-76.68480027776714,-7.349725647792344,28.01070947486722,135.6213906706895,36.07746531448631,45.886123371317844,0.8490686739294837,Bonne
14.687252073002183,-17.483610207177637,-106.19492392057349,-12.083836611609721,25.942453829550594,70.68947094741074,21.85489123393281,63.342007862728046,0.5430846640988973,Moyenne
14.73937355205926,-17.391456177633135,-88.97592841415653,-17.341536128677255,-2.0634110360130697,47.41216136045268,0.2,92.43067632837618,0.2979539374375555,Mauvaise
14.675963537211143,-17.45500805260154,-100.27818461613198,-18.809042158297665,13.082872124143499,76.81955376117595,20.28346576351462,97.08940043636603,0.37670884891481554,Mauvaise
14.748374745782526,-17.48210619555606,-83.88529094606682,-14.754926345939722,2.8770420930135225,65.90439072373202,10.601796445943865,84.78063150687106,0.4193737274937045,Moyenne
14.768530641985953,-17.465990229157743,-106.77805979085713,-9.228133399030906,9.37719813335017,36.840882270104856,13.959402621205035,91.33446725865757,0.37600260888100784,Mauvaise
14.707442726094214,-17.531754495720755,-109.46238798458458,-7.936361344816287,25.689679938800975,80.65873061346016,22.764583931564772,67.67721387649311,0.5746118568162703,Moyenne
14.68180087016751,-17.37677656933551,-69.49685023285096,-14.859460315315388,13.463008196099068,106.37303539405795,34.45232660503254,70.19670762403832,0.6376642374736097,Moyenne
14.701892971285702,-17.358386188932382,-114.40079743777547,-12.06084510763454,6.697535267976594,19.37016905055835,10.638868028930062,93.18591389610424,0.26240000748173165,Mauvaise
14.682510071445243,-17.454517164052916,-92.17231507457876,-13.104335337922858,2.2760923936748974,58.47173812463785,10.819140613014937,92.68447455608238,0.37400380263767374,Mauvaise
14.65016111884963,-17.505732558384373,-107.85309693703451,-13.25268101908001,23.011370079227124,76.17976675648192,19.25318444043097,75.46959158269904,0.49379841606491287,Moyenne
14.734559359534577,-17.417068760182215,-117.8588520170883,-15.761118015197894,16.85813053775215,49.120023775102794,18.058276212843456,78.53104355081278,0.3305026953282545,Mauvaise
14.655528463455086,-17.459523704091772,-118.01896499397155,-17.090804529587583,11.382291114918093,22.15456708232067,5.233352741248387,101.8878975394271,0.22591025142575197,Mauvaise
14.67735079622824,-17.499539983832317,-110.3628025341795,-16.246360184763017,2.6119523852042317,28.375209846192284,6.774025590436263,111.49037195342791,0.20136341673589725,Mauvaise
14.743918442296877,-17.542313371301972,-72.32763050217,-18.225346579713154,6.698623095499595,92.71140874095676,21.9810041013412,84.02130240154699,0.5053020838133667,Moyenne
14.736544251809052,-17.3720591096423,-104.46366908126353,-16.22616961446992,28.594519935848147,80.75555736546323,25.424201570537438,63.53533424515305,0.5408149303568947,Moyenne
14.659532758566002,-17.39065312959099,-67.72474561835874,-18.87118743324469,13.2031478162042,126.89993033953682,29.599084458262656,44.06691699993927,0.6400668527710566,Moyenne
14.735807116340279,-17.384198788472126,-88.01077388559435,-10.218382391096304,9.024474843513852,70.03419891464063,19.082041112027703,86.36491252883377,0.5012428229272154,Moyenne
14.77097473564485,-17.462032053813722,-95.98621956271786,-14.570744296572439,13.249771482191335,71.54860647593014,20.051865418957913,77.51347548632425,0.4547401368949934,Moyenne
14.659685320972365,-17.399348921609317,-88.09511409318,-5.37597404002328,22.264597706486303,102.01213720841172,28.168855419017262,62.50216926150986,0.7140389332521603,Bonne
14.704039469597962,-17.433754947224003,-91.58158881255528,-16.28796128913183,6.9038127776004075,55.552889563148824,17.03215707497768,72.36735843282678,0.3934077380764499,Mauvaise
14.744826405714837,-17.475044940717304,-78.26730604334712,-14.158400015665684,1.2547142326413097,83.18375103444309,16.76483842647221,93.41239568080192,0.45402781853399443,Moyenne
14.736803990413128,-17.381451582375565,-104.46271637149313,-13.990223779018535,15.472764141866673,63.84115760162665,15.290703507635131,69.75770419394294,0.43124185056213127,Moyenne
14.679446370521035,-17.350248490391117,-100.58222846198336,-18.881679055125552,18.282143621837353,55.68417396333962,20.605724354301753,76.61439810525137,0.4113519814936186,Moyenne
14.671198746074571,-17.37014353854513,-70.82481336067121,-7.251088657447575,19.945130103549236,127.70744638385615,30.029746717137478,67.18524372261183,0.7908421685055738,Bonne
14.751952110525322,-17.39476160566274,-67.9448917767277,-18.552077557979455,25.86956567681454,136.04902785985902,34.98685403772293,46.6031839014467,0.7583126387888369,Bonne
14.774311805181043,-17.400498405561525,-70.90929748824391,-5.83748231379062,7.991094224118957,110.21298516952427,22.767061827844643,86.45006575777074,0.6727262876597395,Moyenne
14.749785850780567,-17.41995023139663,-96.93036033234776,-6.510959084689311,-2.362578631988787,24.93003147678517,7.062299359078606,96.95034920868335,0.34254848505756763,Mauvaise
14.775216582685706,-17.379276500632084,-77.0798973346215,-11.50269317479651,28.542200427082975,129.19675963627304,36.107252150883994,55.53033781651153,0.794119047829507,Bonne
14.728649405137816,-17.451383750435067,-93.80153466843956,-11.389661951241912,10.22541746031163,69.88442239218374,20.076391570354286,73.4568201446933,0.47585684342065426,Moyenne
14.77078285188995,-17.5136540979604,-92.63530813196438,-9.847109078613812,16.814012838559595,82.58272420591474,20.852058893181653,82.39531416284473,0.5619584117532118,Moyenne
14.739756640290835,-17.39639005514616,-108.74259400184938,-13.581299832911583,18.32068630949023,63.88262886954828,18.35512829542034,86.29312952818023,0.4257070072966674,Moyenne
14.76815501752614,-17.366098725164825,-87.48783332078159,-9.938888032430024,14.127979804542122,73.37926707568123,22.62292734273738,79.33721665170259,0.5588643354054739,Moyenne
14.671006565836047,-17.481729541613902,-109.76252562356586,-18.373242558361184,2.1840135407694534,36.987048216415964,4.286040647892369,99.1892444806169,0.19499417177949646,Mauvaise
14.756023478046712,-17.393403340408575,-101.76394155130434,-18.243333217103828,21.43000675406495,80.06247014121868,22.60484754350858,60.57575925497113,0.4737980994953641,Moyenne
14.67557695412395,-17.495255459383518,-72.97333891090356,-12.59877412532638,23.131319100642855,139.08570775675682,36.659418997165695,53.32903324725095,0.7697522346453929,Bonne
14.653565783252974,-17.361479945328266,-108.61083049340296,-11.30528778451551,14.354145510610394,57.06380053630169,15.59362983538644,93.66152741316175,0.40508154599525426,Moyenne
14.717286197425585,-17.413307801597245,-116.0862943154612,-6.570553035298534,12.099640620469454,32.759699989014514,11.51929721099912,92.33903054585323,0.37228882606963415,Mauvaise
14.69137273147304,-17.436144802563522,-116.2045824062951,-17.534751125289453,-1.012163590520514,0.5,0.2,97.28479567346191,0.1062262973594503,Mauvaise
14.655659077032443,-17.394025968419285,-68.25685137232907,-7.4829290192855495,-2.0616918475075656,81.33154352203584,23.573494280044155,80.60413058869914,0.5584135001428541,Moyenne
14.77743956923466,-17.38735376588849,-92.11937591209909,-16.059337277911027,6.884769594723505,75.88310680177918,13.632488036104267,97.84025293464993,0.39610895716343203,Mauvaise
14.736640592413698,-17.37152602035493,-97.48233605006399,-13.482828920859554,5.879615443108763,63.122761854359794,7.993562811011302,95.53889161919962,0.3746201829183883,Mauvaise
14.767235582518028,-17.369776093430517,-75.40167804456448,-14.56756591241622,28.37797578371449,129.61629905083984,39.054548093656805,40.32958805693431,0.7795807818283526,Bonne
14.779880736163353,-17.53946183488929,-74.02957396492161,-13.397826179884415,22.42679598552004,102.45688194105591,32.44395518319618,43.78914193508993,0.7191220126869895,Bonne
14.700955675767242,-17.52541847839744,-101.72949317864175,-16.893063026983803,18.097350334067098,67.55304439000227,19.15369715848113,71.44164438589432,0.44013420468935993,Moyenne
14.683115813735435,-17.384787824362558,-81.85100683894126,-11.950018958350231,13.117683115616178,90.78703149999929,21.8978644460673,59.65732705174157,0.5899308352401249,Moyenne
14.673904971049287,-17.360789669323967,-77.58824512814624,-7.777003742360858,0.8578635754327966,73.81752953669391,22.059762580899285,88.4670253820039,0.5166330050636244,Moyenne
14.716974324012874,-17.488465630375213,-83.99421222237251,-12.818523854695442,29.245983526449933,125.93011988951781,35.13798502649862,72.46602153772817,0.7337817481362715,Bonne
14.72879050107528,-17.548279636313456,-111.66227088599453,-12.131409937425213,8.126424438407351,39.43668900519731,11.255955961722314,82.09537907933388,0.31628920458246407,Mauvaise
14.711414955684228,-17.48545896219296,-71.82643040656185,-7.117253806061601,-1.257603914346432,89.30225685694816,17.468273488407647,88.59433385738812,0.5523971112001771,Moyenne
14.700342761929939,-17.473427172805486,-90.34979959951951,-9.11518639506757,12.282961350051114,80.53693650200199,20.785791925539538,89.95667653236222,0.5363425705449916,Moyenne
14.671875433249687,-17.39779332705532,-104.4640165496498,-12.133638280723014,25.589930406457913,65.18486706313008,28.54641932382135,73.17560774470209,0.5369104212395558,Moyenne
14.70744175109538,-17.540483066872433,-96.61244980092684,-15.392260925351485,26.05518506220653,91.13960760129106,26.67170812953709,61.80841760493484,0.5823440992575518,Moyenne
14.661081607820279,-17.50747195278147,-117.9335900280601,-6.611025544170467,-4.616192938024346,14.713229344642665,0.2,114.36199626451554,0.1857720124649837,Mauvaise
14.762456208655387,-17.371206282761072,-112.96732593276704,-10.921714376332183,26.02035106629899,68.98998192531384,24.279845632624156,61.159526917529945,0.5190187880260227,Moyenne
14.656097344772736,-17.519035918109715,-77.89492872162765,-15.903933458450293,4.501947612495048,85.525072945774,20.37824311290403,82.60874510719493,0.4747340081289638,Moyenne
14.699483988025102,-17.398150469606332,-119.99936008845486,-15.232323463067855,-3.6359672611051925,0.5,0.2,117.037591919273,0.07453810123332298,Mauvaise
14.663017922975586,-17.477737916884188,-97.08887943347393,-7.756136754892557,24.6726594627006,93.61726086854343,27.7020135468179,73.98918084347515,0.6440679333002134,Moyenne
14.75074746493072,-17.417467957015724,-91.26194004029264,-18.381962130775623,25.23533645958729,82.2604774019897,27.610823846726152,56.77699698659144,0.5669440615128527,Moyenne
14.69065580724763,-17.5352306993394,-116.99510689994652,-5.11070938159652,15.86808779448225,36.928299323766865,13.22145178971907,84.91379416819309,0.42439258121895784,Moyenne
14.664703729644833,-17.492688410982794,-66.4807010365217,-17.175076483992914,15.105181505372542,122.89002859430069,29.910280929398457,57.17535351285973,0.6685794542902204,Moyenne
14.719093868852386,-17.465042052500657,-107.56310678126805,-7.855040644442877,23.45920954174968,80.31310074937097,19.999894534568206,73.3631061294451,0.5625883233006088,Moyenne
14.76911601093984,-17.378557474784444,-103.26907042000455,-13.47314556519644,22.520834344859793,75.86563213269022,26.187927743715267,77.21214920867004,0.5107596452132974,Moyenne
14.768123833245497,-17.43730082847078,-103.2831618259735,-12.108973433975464,26.153691570494644,69.55391694401881,20.921701578002125,70.89943873043472,0.5543344476595018,Moyenne
14.682454635347263,-17.540954941384463,-107.32708358354576,-6.670891915495909,14.346160665884621,55.67699248911547,22.56047972731712,74.85106607681828,0.47282310130513927,Moyenne
14.74355575787483,-17.389626685334775,-119.91893978525287,-13.219243345751014,28.867648245648304,53.44250167042476,23.867811474734733,70.72372103510749,0.45896630719780446,Moyenne
14.65393694506933,-17.539095702209703,-79.8860363251602,-11.475087448574717,29.865139082666843,120.18973128391,30.61155803995366,44.719021404587004,0.7886486009049041,Bonne
14.667140733545445,-17.36312668720162,-66.8234975110393,-18.309804726271622,-0.9209386500478596,83.88490455740481,18.29461982762995,95.44828811525734,0.4526646947813175,Moyenne
14.71493140814079,-17.50765651079192,-107.66385841932252,-18.967135365855654,24.734031584394273,76.77953769325639,22.125833914602435,68.53059028835486,0.4535957714328879,Moyenne
14.679738336483485,-17.45241477106859,-83.53240445081177,-15.572801777975837,12.493779021200616,99.05256039410179,23.68496364388265,63.94218466725576,0.5420052530984603,Moyenne
14.753774041014818,-17.53554380624674,-79.19570201727066,-9.471836699137258,8.564821840494124,92.36038981304881,18.308744770081994,77.88889368621815,0.5813607242042826,Moyenne
14.771039382366846,-17.437657522740448,-73.33660415002115,-17.302291492972085,16.457530845895025,119.29902042569029,28.94853616972377,69.62870923684751,0.629518921630301,Moyenne
14.650563331142761,-17.450554259854304,-96.7553941642515,-17.40733257673631,-3.041205495829754,39.217781111816954,6.643410001063206,105.74966357321723,0.22936072549970607,Mauvaise
14.680279057848127,-17.467950293023733,-103.33880018977639,-13.246551487497353,12.726139156847797,56.58693540595947,13.526862255651402,80.59149715659663,0.4073209691625333,Moyenne
14.70714193498991,-17.542885416593194,-102.10876762873329,-9.93028145948483,25.481169950933335,88.95288001272215,22.468493601182985,61.593120382654135,0.6039220667637627,Moyenne
14.72320030748581,-17.3742127242697,-80.8058266795818,-9.030992108528974,2.471153064863908,54.22219703788338,19.204181747658176,81.0029725292718,0.4848558689601362,Moyenne
14.769067361086973,-17.38947268023743,-75.07712934219002,-16.501690562622752,9.92364631692988,99.10487956257538,18.579809531956627,72.73360639760122,0.5503342181281158,Moyenne
14.765944853766987,-17.4233939959342,-110.01123177338685,-17.885765936791405,27.881831070020638,66.38516784830561,25.446987436617196,59.62505906778877,0.4749018072170295,Moyenne
14.732832112930835,-17.435554003473214,-99.59824455132292,-5.834441524762381,9.999734323199405,65.98567348950296,17.532959353910933,94.58026988503467,0.4838431691136836,Moyenne
14.683460441830904,-17.411010713726036,-70.39328917879675,-15.350670644130576,7.54286713163394,100.23990021757851,22.986680764549646,69.9078670203181,0.5708269616461463,Moyenne
14.751827415284186,-17.521201996817126,-75.63185641678933,-7.053149033477867,10.418782684318238,98.51099416623725,23.979116652321487,76.42631532840727,0.6497311422673763,Moyenne
14.67634473026734,-17.363471150736704,-65.83278784806383,-6.9111196935205434,13.180846828114472,108.40537932049001,32.675602031949936,67.60600019887912,0.7441517808746696,Bonne
14.775472402132586,-17.493065341699072,-78.51634571748556,-8.184683715324377,17.11969704460141,114.89625348158017,25.388512397928867,74.93011929350583,0.6966931105276893,Moyenne
14.65075918904542,-17.4187019455114,-98.37426394346427,-16.63632950686402,23.024248032085588,89.83087232247239,22.881023955580044,76.74941784130607,0.5221560353428831,Moyenne
14.724070165508026,-17.42864886377162,-87.51491913029491,-7.494779570441196,10.823577201750998,83.32737494072467,18.459831302324552,85.79646507243194,0.5622219623749191,Moyenne
14.661491642099811,-17.42267720405688,-83.6442160163974,-8.230492170617786,23.611832728154912,104.52431541108366,33.748784101639195,63.40675813428299,0.7211892840090377,Bonne
14.702987938923663,-17.374209575383578,-115.68493010255818,-10.64587813851296,13.68022314732282,30.506946360791687,15.96331190788473,80.51673697114677,0.3499905135300545,Mauvaise
14.732541360240354,-17.490817758669877,-90.05266724928742,-14.279171507634661,6.8468178628792185,68.39289703753705,12.086668263373994,78.38719455224238,0.4316083134529378,Moyenne
14.73964780442695,-17.40021036234947,-80.98735443400648,-15.324879540268382,18.028278984179497,98.82206814856357,30.29294347895829,60.43919235933204,0.6080870608599309,Moyenne
14.752124031057612,-17.43032178721217,-110.79732827994168,-17.293551030874973,20.120278916022198,61.364243457562246,20.7618552622778,83.705775240566,0.3893568427326043,Mauvaise
14.72713260135942,-17.534787933809074,-77.06525554159435,-11.863401063387801,14.531714147032062,86.76519305121995,30.860144894713905,70.92160461387766,0.617551891260279,Moyenne
14.68267151566718,-17.467169063823604,-87.89249707172385,-10.80634774286215,-3.018475940284681,46.64544664624735,11.280016963076513,106.72674792455878,0.3553997387843357,Mauvaise
14.765602921581532,-17.382409685346854,-67.62780178663229,-13.969254132778978,0.9459006306288718,107.29856594739478,19.859619455283177,93.13067179566477,0.5357436982518455,Moyenne
14.755443963691778,-17.486930522213882,-117.66677359862096,-12.34497305246784,4.9854202311579865,19.453211968626455,8.74207346200823,96.16284459336426,0.22496451478764984,Mauvaise
14.670806801301891,-17.453547223337427,-105.40706243444932,-13.910797596830268,4.891896208302258,37.926135594288624,11.628566868259615,96.84111802433651,0.292278081902209,Mauvaise
14.75744645394702,-17.45227228636927,-86.91453663850967,-10.025915197510182,18.56972800864047,111.26655601718535,32.31341702501612,69.00997284576395,0.6439032199154563,Moyenne
14.776443787068361,-17.42639802663883,-103.68920482867381,-6.382371090848114,-4.35779684142286,2.325129157997317,6.534444055853649,106.1387562339015,0.2612274116687498,Mauvaise
14.73283848518503,-17.373196428041965,-80.70667097608168,-16.705116331342772,21.448862196733195,105.17389481582266,30.227512625356393,58.010852027612586,0.6321198151073513,Moyenne
14.686634679004806,-17.515292160242968,-78.2547094612938,-13.660276661356272,4.286986618242661,78.33158177830676,15.089429180188517,94.69088201933096,0.47971997578288045,Moyenne
14.728857198065544,-17.449076623471974,-114.36162197634391,-17.027839544687943,5.850764617563584,30.153581739385636,5.326216008991785,99.68743323848975,0.20858692659112804,Mauvaise
14.694529558989279,-17.465146548142478,-91.73800446862778,-10.250787214290352,13.476843978037351,84.00433126523338,16.017624286522373,78.51967875010834,0.5379287319715436,Moyenne
14.7378730411835,-17.490815981979882,-92.01101944249193,-8.79581286715966,2.5573960328635135,47.768005341629745,11.941134309949694,87.40238290416367,0.4162751734544807,Moyenne
14.720823994729264,-17.366078364609248,-99.68955763814525,-5.953221743635618,25.956495975143465,96.42437854258041,29.056404788948125,69.92290601527255,0.665721642892671,Moyenne
14.770833779571667,-17.54836578151846,-68.68913255866804,-15.095793032346492,-2.0120927235702153,81.97777106455024,17.539325432525487,81.68617945769479,0.47483919960076965,Moyenne
14.730328110616105,-17.525579041473925,-74.48715240697283,-5.697043117883977,10.55338268053727,110.17172327441406,27.382040340215816,78.38372706114305,0.6820141907657524,Moyenne
14.677817618884532,-17.40333111001678,-81.65348399496997,-18.114322594510554,24.72977943092115,108.38749448541688,32.74484740372235,61.98021147488818,0.6405462496846174,Moyenne
14.744264283534445,-17.49731167906262,-80.71203503457514,-10.557805912895766,16.55453630474325,100.91212025817947,25.129686281956946,65.84394454432972,0.6465193957801845,Moyenne
14.689114181321914,-17.40536414778155,-94.60561209027844,-18.20014192919338,5.231533054492171,51.71218703249851,13.812984372056956,93.7895958138017,0.32396939562152266,Mauvaise
14.685410823883345,-17.38354927785689,-69.34530133968832,-6.487161371332773,9.726607272176125,116.0144452394078,26.95405969479766,75.07349189416907,0.7025579974694979,Bonne
14.700930961324685,-17.499076796633094,-81.7972515010693,-11.582673201019244,19.73430331198801,102.23102933962885,28.6026444884082,64.86585354021678,0.6588454278187325,Moyenne
14.651559568278149,-17.511611142427395,-79.9060416089301,-9.629123089320855,29.064126017736477,127.94839306819775,35.82982633584574,51.37149414034934,0.804775524428299,Bonne
14.775988285820965,-17.52093987346377,-72.60700029169601,-7.357965037253665,26.259855143280173,139.1423009719815,33.6622981754424,52.403607516219125,0.8553915381644369,Bonne
14.71920304447663,-17.50998227782351,-104.9260625861795,-16.89565128522444,6.985148293383187,45.95805805447018,9.866553104478758,94.47681393442069,0.29047142812148863,Mauvaise
14.750554206203484,-17.49656292217656,-75.61110028733134,-18.459718132866126,29.93692577507501,144.43060192147212,44.267345330450475,48.59523529494374,0.7594031476285978,Bonne
14.683520788909124,-17.3762500366919,-109.26176683739294,-6.69566395722007,-4.87733677641296,12.189321038363413,5.029645334694026,103.16515304210782,0.23486830417681775,Mauvaise
14.747060357112371,-17.395999117349515,-101.00619262653117,-14.590934815574945,-4.032958546705472,22.877564119247406,0.4032389075911098,105.88124103928185,0.21142156662789022,Mauvaise
14.723732165296157,-17.54963113661635,-101.54142501515865,-17.194295289019685,23.834418030991785,78.25082357334385,17.043686993869635,70.44504482300788,0.498469587379391,Moyenne
14.705138742591336,-17.37517617158038,-66.18109923859727,-12.441542680780788,1.9811940391568204,97.65989789435916,21.452028358246896,83.78613283086355,0.5654681081368376,Moyenne
14.776186999405539,-17.534237540059607,-72.89045269386402,-10.623714940255738,-2.87307560613157,78.33681901676309,18.157607316133465,100.4530116359841,0.47630600359042685,Moyenne
14.714199682839032,-17.418946876490626,-81.43565761253572,-18.56641155208486,3.300182563277577,72.98237400245692,15.247822117640178,92.9864830530481,0.39713235626182997,Mauvaise
14.735469615645657,-17.519705046356634,-80.01187811115355,-15.151460784400772,9.913505389330107,89.96044535742355,25.000272618221143,71.16316132453186,0.5296997612251738,Moyenne
14.651994484893685,-17.53754483789781,-89.0859963078586,-18.540801760123458,20.569819465169168,83.55541432240187,26.39773861288916,65.95793422286437,0.5322951587661527,Moyenne
14.689189176844824,-17.398045860495767,-67.91001330903146,-13.115304551263016,16.851743429292192,129.59530650886833,30.5385319031626,60.47637196047758,0.7237558916791254,Bonne
14.765529903600807,-17.45655937722883,-92.70576859147012,-6.468599593072579,3.3167426146147143,56.48257693484567,15.143046351741303,93.0393683126835,0.44888532688582783,Moyenne
14.748664677945081,-17.43018749733777,-99.0715259571558,-5.242866239090031,12.614465683520454,70.82230054820475,15.55946451475298,82.89808352508189,0.5280912206466626,Moyenne
14.719778024702835,-17.46492939624051,-111.0330564687625,-10.081334250949215,27.417493688949904,72.08007544026023,22.4705568527871,72.47255760033205,0.5460970027646309,Moyenne
14.767020761924726,-17.536565627498433,-76.75868912564181,-16.737072287015714,23.52527219443152,108.65359224709768,34.61265112851881,59.02465593946385,0.673913504461922,Moyenne
14.713208666716982,-17.402076366742605,-79.60558373584247,-6.318108540009719,6.311642469112769,80.42622307283995,19.462007609636,92.83057326603965,0.5717066978009249,Moyenne
14.723645918344411,-17.385929775766236,-98.86047288117258,-11.772530475199154,29.379259647449373,95.09627601195803,34.690645064937364,61.28427439139742,0.641663146528318,Moyenne
14.69967987013568,-17.54171589138226,-118.61436223224239,-16.847509630559145,19.801714015229585,49.902238679115904,17.42764926794393,75.00933922048945,0.3431025536658687,Mauvaise
14.730605204773974,-17.474856560603214,-73.85514697550941,-6.095826627676741,-2.8142725516626377,58.25551668220156,17.067149257406143,89.43655274996117,0.5073241536154144,Moyenne
14.691470199019713,-17.43853669258597,-119.37201091002595,-8.395433289876557,-3.7693750348976462,0.5,0.2,119.82484252422245,0.14821073828179754,Mauvaise
14.700113983080506,-17.428963315446616,-81.2965121204022,-8.756126181875878,0.8942782153510489,73.69388755236481,17.796479538733784,78.41809483664403,0.4928032671614658,Moyenne
14.775622414216944,-17.43436941177174,-66.63585896506686,-9.071470146878335,20.474955381755137,128.37704744064445,33.042094811050255,46.554155681742536,0.8131519425548379,Bonne
14.664470128373948,-17.411411869219574,-95.92862695184881,-16.19524250464981,1.4308624044849765,46.38008306936175,11.273717503590944,97.25025241905485,0.2980176308183142,Mauvaise
14.663683194881985,-17.356636759516096,-107.0764627252226,-16.045906316094637,12.902036922309172,44.75779513854117,11.80578475077483,93.72893348328667,0.3378608955005815,Mauvaise
14.655631082529153,-17.47188269577426,-81.232094447614,-9.36389802201843,-1.7358957936708892,58.597064385951285,16.47196406445725,105.44098006820458,0.43098636650516725,Moyenne
14.691605787568834,-17.438675286608884,-75.05795218914281,-15.923881498454444,27.23101552405683,129.59615352552035,36.66324169242517,49.91581077526054,0.7506816488123069,Bonne
14.70176980152083,-17.410184274107202,-89.9463326157184,-12.858596244757315,7.038621475424865,61.48294156439236,22.39335780838959,95.10840910736555,0.43099536891169704,Moyenne
14.662287033729042,-17.431515235584442,-66.81305986091196,-8.05197444168482,26.784621979622077,150.0,45.541559585425546,49.145549444090655,0.8970867737547306,Bonne
14.721387029397688,-17.472649793998166,-117.15822030881213,-8.024664746630227,28.070647466869048,57.09270539407444,23.93403447302353,57.17097282740295,0.5355349102943668,Moyenne
14.725829198777133,-17.425184142410036,-92.23624209325095,-12.654335184637965,-4.785497344021172,32.40411369704762,7.5727430601710575,104.14139293176561,0.2842430579735455,Mauvaise
14.747633470169733,-17.419977693911967,-80.48503289725974,-7.909340864146568,11.24473155195562,105.80833651328595,19.863357035951317,71.52437563405661,0.6317306505215863,Moyenne
14.776875855160053,-17.433006304934732,-72.55477408679516,-7.259294853227205,-4.137038050258749,82.06872804652299,17.424151844217043,101.787348653242,0.5061927230975584,Moyenne
14.730515792148012,-17.508977867849527,-110.14094134507155,-9.833139482020357,26.804246820601705,57.476786469308166,23.844496995331838,67.83207597360392,0.5368562786427533,Moyenne
14.664514604868524,-17.448803728369516,-75.99980850299752,-15.802038067682117,13.144264065710153,96.97070735750425,27.21515638741136,61.57463928190292,0.5857081336319759,Moyenne
14.661508151621952,-17.373128638047863,-89.60111083548001,-15.163835074602336,-2.3769595555526113,50.86389624236044,15.165101681063899,87.6505247664712,0.3218273066476577,Mauvaise
14.751081092274548,-17.376279624393554,-98.18954749055203,-14.592223824277704,-1.1403145103201595,39.38718078327317,5.362168355092637,101.61389702588104,0.27091987915728843,Mauvaise
14.73454343670967,-17.399842415000798,-112.75567342814985,-17.364742491724673,8.422815857245867,19.237043960741843,6.65857289477565,75.58637107084557,0.24093396199515407,Mauvaise
14.671048871311854,-17.410560897112557,-72.40873326000983,-15.175765314820769,27.908196750551127,147.99007090166413,36.483403269270305,45.36713219760964,0.8003782446932899,Bonne
14.68293679644886,-17.519344172447912,-111.34997355011566,-16.06673085962455,19.25182030488283,61.81048092802204,19.967386920132967,81.00318227665882,0.39429095098146816,Mauvaise
14.747531250348027,-17.45810706709911,-102.96166774349955,-12.625397502679569,25.366660316619633,85.55369852561275,26.384680232052364,58.36329400886444,0.5681661659437962,Moyenne
14.723600251634734,-17.5278097380505,-104.04749574206598,-6.281874329788291,7.825982621899287,55.62505040798339,9.374498790519091,99.81689466851333,0.42229673963387254,Moyenne
14.72605000812533,-17.386543110072797,-72.07222811950302,-17.537275565444588,-3.4875205157500586,80.1204911059121,17.60311449925635,102.84308377383199,0.4016188028920402,Moyenne
14.677301127267429,-17.49179135871205,-83.00133531851061,-8.916249064736462,29.101117302154492,126.68861159685572,30.716676293349636,44.47542904829788,0.7991847035807601,Bonne
14.731777537615502,-17.396626827150182,-76.18252315447452,-9.378037938216211,-4.398945326817066,80.15325415833712,10.743630144115397,94.05630548348553,0.4646978175207718,Moyenne
14.750181717402942,-17.38708422169822,-106.22426556641256,-17.659441218712992,28.167807857838113,90.56412089859654,25.192600600674716,72.32353371448406,0.5161474271171872,Moyenne
14.7650827893103,-17.371500780517692,-85.63192452161506,-6.083986331318799,7.903709834720065,69.50108831140228,16.90112956381311,83.45871199207797,0.5503132647560635,Moyenne
14.745773252226346,-17.399233984302448,-88.55397092709381,-11.041389169804525,-4.646835824234147,51.230139204847546,11.422903564506067,91.19902844632786,0.3502525336805077,Mauvaise
14.724928834631172,-17.437054199898526,-74.19432927664509,-13.907842704100421,19.120503110357788,112.79650353075026,31.275472379427953,61.47217527147457,0.6829701640739536,Moyenne
14.737523709942081,-17.430363017054663,-70.16521167353068,-8.408459831065706,29.318910641097396,149.39019784479487,44.26209689591422,39.704443777185745,0.9023895655380847,Bonne
14.713064490126804,-17.485883544635477,-119.33137756874372,-15.396883582377123,28.796900299315737,64.54336678792566,20.65029196439747,78.24904265829973,0.44431690540379815,Moyenne
14.67949677160529,-17.514600761721912,-82.92890445176641,-9.290862281351515,0.6327953920846454,55.218714716518505,14.051233763218775,97.27955020897308,0.4448792358791811,Moyenne
14.764686906460351,-17.523872759035246,-117.1490310484149,-18.44404309398854,1.3436732123154247,8.55922875183724,6.569558208860872,104.32586591242008,0.11489041416849283,Mauvaise
14.719240942311766,-17.513595295776646,-89.81277342074543,-7.248287473470192,14.793862011688105,85.02806539675218,21.648470301549384,76.84152532321241,0.5940308613984395,Moyenne
14.727261380449141,-17.36320962251943,-104.1801999025977,-12.725608141701542,17.305668924991355,60.01467648761336,23.13291402470739,68.18818084540118,0.4592627829521444,Moyenne
14.778714158787913,-17.517113349159864,-103.12728702628223,-10.086299198988815,20.879626978305296,74.96054555105687,23.1436730567684,67.1455817237387,0.539559115511991,Moyenne
14.778052038175442,-17.40525251101429,-100.58728231012039,-15.90267052270643,1.3367626165251627,44.12232752185422,1.6718256133693998,111.81904287795888,0.2629646310849021,Mauvaise
14.726220428049992,-17.513074291337055,-85.82891530227144,-9.520968022781728,28.565248036755207,116.97659554580292,36.48826451238203,55.059781855202196,0.7559209919519821,Bonne
14.65441444406227,-17.354942045956847,-101.6272518882177,-8.188636137494127,17.355873970123326,69.74221554394265,22.31775405756956,84.87472622985622,0.5208318726954321,Moyenne
14.701499179945829,-17.47668309290486,-79.70155221753458,-12.375015383618418,24.64664216046942,130.86803817957784,35.21110405452312,59.21650418049761,0.7362961375968231,Bonne
14.771848126406615,-17.467572714194187,-97.75099379343717,-10.35182306313488,13.902300034946013,71.41348328685064,12.785827061123424,91.03898190235851,0.48675779755195986,Moyenne
14.687479857008881,-17.46909768424357,-116.24057398295227,-12.61143706648642,9.49968966564589,28.99699787766871,6.976611988105686,79.01799249963051,0.2895562391545606,Mauvaise
14.77990492907552,-17.386708163187958,-76.89320866337411,-6.4827208303901624,29.201401730824855,126.01971369678284,34.76224367872615,48.21424080321151,0.8562734166070496,Bonne
14.660961278491351,-17.50634189505158,-104.28329214740117,-12.029831472799533,15.374247978694264,64.83510739791733,14.739457230814395,94.56178746588968,0.4368382014549013,Moyenne
14.723854843530674,-17.383795052818876,-96.19782162204055,-7.214678073596536,25.34057539797126,95.78605363360909,32.29493280654751,71.46160165724365,0.6643084309359686,Moyenne
14.71700841682271,-17.418588229111585,-82.30058642279542,-7.78107118421652,28.36523387282015,133.08938629649936,34.015154949524806,63.926914538631266,0.8022951358877398,Bonne
14.6831958787378,-17.505943966440615,-101.71491135682083,-13.25293250112301,18.63741194530307,70.73450293043722,20.336286558937346,75.62521663789315,0.4842366502879733,Moyenne
14.773318926983862,-17.53691849083182,-116.88778891193064,-15.778817113995348,14.212853748153623,21.186334344953192,13.694296435479147,84.40465843964665,0.28108653623009383,Mauvaise
14.73049225729965,-17.39500149171221,-99.43434241429526,-13.314850144163206,-4.877120218127228,13.606410508817511,6.491901005975747,99.35610671430757,0.22151089529361734,Mauvaise
14.679929676847808,-17.506207390836764,-68.05532795181331,-7.432956739146919,-3.59931257413479,88.99276344372565,6.6564382830934985,82.88851044881261,0.5530068298741264,Moyenne
14.699926265718984,-17.372186634055435,-84.7046081485793,-15.813144498528507,2.0297925617890717,61.50020248940812,12.835169329801506,97.73184857802413,0.3832662011485366,Mauvaise
14.743759825494667,-17.524042944527054,-83.06864682330362,-11.657891157991509,1.5102951149598338,71.29803263918748,10.744814458941782,95.37216631290967,0.4436283144662041,Moyenne
14.688700572650522,-17.4267270870385,-85.2244815499298,-7.714645528549536,3.916557831994588,69.86535818512736,17.11394021938524,88.33524813803311,0.49800198960512965,Moyenne
14.764348806267954,-17.411566321255698,-109.05543235723098,-14.051315348202696,5.672712319418128,30.616472289992217,7.934820055559703,101.19867255238202,0.26735034485479026,Mauvaise
14.671537606734491,-17.418459517088557,-96.99163747437458,-10.009065081962236,7.60229227427549,55.5479105574084,14.420694169465545,90.14264175189936,0.4253040689024493,Moyenne
14.68438566168243,-17.48679403710075,-78.6983110900175,-15.561157963316596,9.71881915241068,84.7273934114298,16.023205278509778,85.50563478832878,0.5160116195228579,Moyenne
14.668836819737594,-17.37489529535591,-114.42449063457624,-17.47008776484576,-1.5396781540394864,8.272788101944045,0.9440968959991795,117.26806424047996,0.10655776621626688,Mauvaise
14.663543249038735,-17.396038936650253,-104.71809731506582,-7.878620848700011,-3.5173323816526287,16.26862233872766,7.231924028068569,99.52041632221456,0.26514372430059474,Mauvaise
14.68904100505031,-17.447958731675744,-104.80244903437806,-17.614439272278105,18.588055717555818,62.03389591566331,23.559130289563253,79.3269919606503,0.40907359538153226,Moyenne
14.779893237023607,-17.42934139441231,-96.23895898230217,-15.200660468885815,13.80671886950772,67.41801511142847,21.137657823471745,66.62719112317251,0.454513222689193,Moyenne
14.662262823724017,-17.436725754610528,-66.07971924817983,-7.028468092035839,10.545047077704186,112.9410252743129,23.247235337185632,72.03697365761984,0.7205366724175405,Bonne
14.677690284940148,-17.360660284530915,-116.28735993238979,-14.14942998089866,17.205397940892333,50.09967164877871,18.121407991264576,89.07618908993882,0.35326868500627184,Mauvaise
14.68531018388014,-17.370717352644142,-91.47144530906728,-5.377365106801744,23.968779252123916,97.3977748451959,29.935146383313242,53.096104677761495,0.7118712946290531,Bonne
14.730486858981386,-17.50290054296879,-110.13494248932842,-5.283719313165964,9.96925181906716,46.89872009899679,11.079679299888447,88.2720696898171,0.4171281011937221,Moyenne
14.74689494053302,-17.49744804445699,-66.61279000246407,-15.244135713650206,17.439181276819276,139.9394591600615,25.817841449381838,61.637112731320265,0.7226282568790652,Bonne
14.747751377731026,-17.353712385573516,-113.76830723998947,-18.426304888501534,28.375027834230558,76.1834905689282,25.904396801952625,69.3420186210596,0.456164930061159,Moyenne
14.65112267765205,-17.502687859609427,-97.80194487011248,-9.129114021124693,24.386857355154625,92.78615671166612,24.06362045411873,63.64044526853546,0.6290863352970616,Moyenne
14.73474055964393,-17.359304135103482,-79.41632583409665,-12.686188962923188,9.910028367584331,93.42696049307251,23.17980327853955,68.48500169148805,0.5645840066971034,Moyenne
14.731995794317724,-17.42004925898065,-81.24950645849052,-17.589460184565933,17.565089323516005,109.9288873399987,27.063416847899507,67.53909523804425,0.584797130194562,Moyenne
14.717295108645684,-17.539978112191786,-96.74992497083372,-9.0946805343074,1.1974822670578913,44.63497799246838,14.590948800463558,84.6430425274663,0.3742745734638256,Mauvaise
14.699297112982489,-17.482854560107835,-100.94117076260049,-18.563551272433102,14.618276471328144,71.51312141389303,17.527282805027,79.09680828985366,0.39557205810845464,Mauvaise
14.75366774566996,-17.454769185617423,-98.13131917959211,-6.81724633310861,29.346490189845497,102.78258421670188,29.151240649776764,55.543018455457315,0.7099656097276273,Bonne
14.694704503406335,-17.38338142170991,-105.46480552627484,-17.058864592413748,13.14102903208828,50.113164983266216,20.02188455970149,83.98759645438473,0.3496967268890204,Mauvaise
14.679901595373858,-17.48428291734493,-108.706688371126,-17.21763369754585,27.467340471655156,83.30011775321854,22.20513066901394,61.98915728688402,0.5009621660763888,Moyenne
14.69031237269379,-17.487884337575093,-93.43281663426106,-16.54058782843982,9.256722217614124,66.409496204805,19.221188284561848,73.0239096755081,0.41119011986839904,Moyenne
14.707154229226012,-17.36594734819427,-105.2306434162816,-5.556270981111069,29.95956895146209,86.17798803434692,26.54512590168951,58.479646440563705,0.6714450858234526,Moyenne
14.677827460440357,-17.534193130919768,-104.18960843065125,-9.295628956446155,15.272701232964526,55.613474850630034,14.21690202633244,88.95010306794128,0.46029332021418845,Moyenne
14.728984262006714,-17.439695757057002,-83.87841650889936,-7.780798503509086,-3.5205852017422905,57.693672314383086,11.181627540828236,108.76579314335436,0.4150963911848398,Moyenne
14.764947196326546,-17.44915214603038,-66.73044675650593,-13.433110199741458,15.536417884198581,131.60277720564096,32.59495149498589,83.79239023230379,0.7019740700947354,Bonne
14.72740981614107,-17.5385330479555,-86.79995396923437,-14.291621814930622,4.610044348785882,74.77168699461764,19.90817667484762,102.13912046503654,0.4205888180153615,Moyenne
14.70806687997206,-17.532448155896137,-115.76612931142685,-15.71722390503562,-3.863153728743685,4.298423092758636,4.201729086917069,103.92766999703841,0.1030241475091335,Mauvaise
14.753592939609238,-17.4736065134044,-115.84290123802631,-12.270927603626275,23.729865664313216,61.32394834978198,18.18159830903344,71.63999281689208,0.45459223295000106,Moyenne
14.747245020973688,-17.523167756131045,-67.67172285349388,-11.274397730521642,4.6505372943264565,110.43272006989379,19.60852541120902,79.75923799331298,0.6081800621190403,Moyenne
14.69771755579899,-17.45438561911043,-103.64900653309665,-10.155152188861425,22.87919939162745,74.3553573476237,21.782070588822947,69.92669511774548,0.5506555904565229,Moyenne
14.728539951186496,-17.428222222918567,-114.93631576546385,-15.400340944018277,5.087615403455343,11.8601339773805,2.789028004515927,101.15494716879105,0.19707664884282675,Mauvaise
14.744879571841338,-17.411720663099405,-87.05254770672902,-5.718842867358131,1.8014223855821,72.02255248715346,13.140445374302798,111.91238650059358,0.4777236892627864,Moyenne
14.681910223542527,-17.44070598681585,-85.69931719403536,-16.623381025100098,29.08774509365496,114.24842494120405,32.341664696786815,45.185437239859795,0.6888638805641093,Moyenne
14.697615604280944,-17.47406799682134,-84.33223489347216,-5.480855553270228,7.6575864714256845,72.42766863719746,21.026498929753018,77.52063555235212,0.5686402655127034,Moyenne
14.663750889171496,-17.524048274679075,-105.29288846783523,-18.792014284894947,16.048167400510614,44.72884236302493,10.763400676871964,94.06497289052373,0.3448807506023452,Mauvaise
14.778398436179888,-17.500502917038585,-119.16891236820388,-12.264240314564162,16.349352248506506,40.68181789638079,10.53460340682328,81.80906667310381,0.34583894699552237,Mauvaise
14.661164094555009,-17.46611566459683,-66.92415468000405,-14.332850266368121,14.616571876072562,108.49045979972047,27.63159126192363,68.80131418218596,0.6702747482174729,Moyenne
14.671918796266064,-17.365177103319542,-106.20088248698936,-12.71227220497649,27.01435102324251,73.48513135706922,28.301118603047556,74.24756464555136,0.5410319037799344,Moyenne
14.712378153456338,-17.50947988376112,-82.81855415710989,-11.010695894268952,18.6054374978404,107.12522728471446,23.695779161296766,71.11272900757912,0.6504566359526048,Moyenne
14.76248533836079,-17.46733115381347,-81.13535715667098,-12.901751787822073,9.130655143672556,92.10657314027142,21.67405567468293,81.2621185841803,0.5363790633144828,Moyenne
14.696264662983234,-17.40353822852519,-86.44959206062828,-13.192144095777671,25.18331345834959,104.18868722788525,29.986576956365468,67.15456374314518,0.6633623460921556,Moyenne
14.749917499179075,-17.40895932959962,-102.79009331824935,-8.741872184213708,1.337201469058754,32.85801768115437,11.088635947463002,93.23891148449019,0.32879834366904065,Mauvaise
14.73788442953111,-17.356881481105212,-105.08970604297639,-9.397732148789494,14.048286516364612,48.463316548420146,17.839899039945134,79.6518615604609,0.44284342018342754,Moyenne
14.733026330030757,-17.511819740664066,-87.12824445135132,-7.33420205149813,28.269263018031474,110.03333616627624,32.65732975011021,59.915842485585344,0.7595457298752011,Bonne
14.759852242625689,-17.546696077680007,-72.36474015135697,-15.500574262647062,16.888917045814445,118.8874979155453,27.830582255330963,48.3641351302564,0.6715865673955965,Moyenne
14.651842137651721,-17.48553534780256,-67.92964490921324,-10.46660086344311,23.59389576662067,133.69422175720715,30.183323809080207,64.86955672263457,0.8109877808913751,Bonne
14.77078989501285,-17.520061477503457,-114.17518075779333,-10.807273004500047,17.87462539408175,45.697723178509484,16.292181477691777,84.7814947908748,0.4047959034448728,Moyenne
14.757799403443718,-17.4403061895233,-111.4844263071254,-13.823670647782357,24.377980223826164,53.51478227259861,22.63650634477404,73.263073547099,0.45839324771278567,Moyenne
14.771922738554737,-17.370244188949954,-68.03950576693062,-12.195194413362467,28.057075794583525,150.0,34.10152320035879,34.29376846157339,0.8668133605661836,Bonne
14.75316642490137,-17.412354633405492,-79.4905624415864,-14.607049993719798,4.552260463645789,84.05109752196321,14.663802977011159,75.10471544641189,0.48388569548047344,Moyenne
14.764216882969055,-17.522840228729976,-71.43533963436248,-17.014178433362208,0.9381378439851602,92.77944128425172,19.411317538877775,83.643840539477,0.47409001239309567,Moyenne
14.676400146265932,-17.526781995120903,-108.85520512255613,-16.00678305072174,11.939676261638898,55.14890641186727,14.275876648876192,94.72873434122059,0.33005361379082837,Mauvaise
14.691499778694016,-17.367710037344917,-87.6827770889829,-17.522808950383183,19.565184938847555,89.46794582205844,23.034715545773093,51.453062678067056,0.5578274403769459,Moyenne
14.690978731751194,-17.452478090021522,-81.43732230703895,-9.437025947338263,2.9516938613775636,70.59278393656471,14.840928754796543,94.82134203845779,0.4883382464693517,Moyenne
14.664191676964148,-17.36526540160214,-82.5938463004165,-9.74981649647188,-4.856449234944153,40.718887878745946,5.183172814682036,97.08600917124231,0.380367991494099,Mauvaise
14.744845303186997,-17.4027564568914,-97.55165700233161,-5.691510797881781,7.002729054284686,79.29102448542353,17.89062209862292,88.30703719311744,0.48833666410468046,Moyenne
14.66770221604932,-17.35133030787292,-119.15328095697804,-8.784502208938623,28.9100767413726,60.06289333334353,17.63378216191315,71.17361252624492,0.5173418485106622,Moyenne
14.656826191590278,-17.375754451467806,-87.93906687576552,-18.27135825741416,19.323861121204633,103.46113175292719,27.374807552070965,70.6737124271793,0.5475202545045936,Moyenne
14.750808093107159,-17.46715756154764,-106.07941534512152,-6.620567564994641,9.046390537942838,33.852485834495425,12.099795917307315,85.37136143269193,0.40590311590496037,Moyenne
14.76760621206515,-17.398354434489683,-95.23601646214104,-6.922547718759839,1.7401634071394119,55.550206233783136,14.754289482122502,101.41925934571903,0.41018774415874854,Moyenne
14.749336035235467,-17.455754366536013,-67.33304417039005,-12.793515509182217,7.463138581416144,121.32082908636652,22.28086926903051,57.29629074352141,0.6437225566914929,Moyenne
14.757295787668156,-17.50338554138018,-98.05305752966609,-10.797917292609098,0.9443801655436781,40.716316538431144,9.526254111518602,95.19839256404737,0.33579260435802594,Mauvaise
14.727430818118,-17.501794148248727,-73.81091163345653,-5.3349033453847365,-1.2792962540467006,69.8758057423137,11.175392822745472,92.23537909613606,0.5386295312756476,Moyenne
14.765407023928917,-17.47053557110764,-109.63026668379119,-11.547738906125673,26.735983040039386,71.99014151006946,17.529014277881394,65.1436492299351,0.5369915900972124,Moyenne
14.71457145270652,-17.527706754797567,-83.01467260862341,-6.325494402734744,29.917761843141577,106.89648805196555,36.676298628777324,36.85645366175447,0.8191570441206933,Bonne
14.77848194040337,-17.514446743022273,-66.26461750585811,-17.83745739065739,0.7440053858526605,94.53506740357179,14.973110125837415,90.84168936752619,0.4887661730405024,Moyenne
14.663443955560028,-17.449878263255982,-114.39587945198848,-16.32527383807844,-3.0917104392602095,11.911321167603136,0.2,101.81943787134269,0.11961417415170869,Mauvaise
14.755193491871179,-17.35921550452764,-119.54240317750444,-12.82943079182155,6.540588750117433,15.573030943489204,8.772457356874408,100.09714511948627,0.21637015719205063,Mauvaise
14.733380624081466,-17.434462731596557,-96.15294640520621,-10.813404683277735,11.158071326649537,62.583017326936776,19.397173255116538,84.87180280157443,0.4622879287280251,Moyenne
14.725483988868755,-17.468300650162398,-114.9055984321748,-7.572810073920797,2.1687436476549067,19.21851488950892,2.3074046382514735,104.82989541788473,0.261000114761839,Mauvaise
14.744355369011945,-17.50145993602614,-78.83886076780728,-5.164330387995385,5.549871912949547,87.90587929622315,14.52579966110762,93.05975407429445,0.5890481389606085,Moyenne
14.75923789900385,-17.510819739058714,-69.69982348832926,-13.55607904936237,2.030475749208019,78.29200706821483,21.554879388496953,84.09615404090744,0.515181448707459,Moyenne
14.762174928689266,-17.418318594124223,-96.12884650101826,-18.33618109403881,22.099119895135793,87.48978443677085,28.851057999819204,71.73885630984363,0.5092606879935843,Moyenne
14.672799525182718,-17.38033493651567,-105.77085968145074,-7.783598953865452,19.940228013654128,85.55787556267595,17.951644485053258,75.23333537232712,0.5469649197629004,Moyenne
14.675614670867887,-17.47022881471217,-96.10781745463646,-10.538669932840687,17.22330305163436,66.38318646520254,19.008637451799938,80.0395422556285,0.5244870499208155,Moyenne
14.652101646236767,-17.439868190725345,-80.21037001824995,-16.220399975845176,8.552624997772167,86.06427030185489,19.33850210344604,91.26895388771163,0.48819943235237245,Moyenne
14.667139519512995,-17.408654647750193,-119.50202111307959,-12.072401607300119,26.816432945998258,72.01339897617483,21.66062180504227,73.33323801226581,0.4727773729962594,Moyenne
14.68430472407049,-17.538340884988887,-87.58003057834165,-8.60765656252786,28.933638953725698,123.81462717662,36.28608938443315,61.158722085701754,0.7620846419221259,Bonne
14.743734656931537,-17.479820590512766,-86.26895733119414,-8.214234981038988,1.0773759418894198,57.3903509745403,9.841207659263077,104.95533595944976,0.4390611943157077,Moyenne
14.711849776170327,-17.404049422047578,-84.92714642072355,-12.005342232017332,2.8054424494157315,68.88381902058227,10.744463039363811,101.14707043593774,0.4346054670221155,Moyenne
14.748527459625922,-17.413076194696146,-106.68878560105175,-14.726996578195973,13.397085980012939,51.40634299835932,22.05687419143829,82.1717179195655,0.37270330963235193,Mauvaise
14.713249660216587,-17.539330455116783,-80.72710021420303,-5.367603851461091,-1.806230075121415,59.16689505103867,12.949185508773832,103.14737604752268,0.47805435278990915,Moyenne
14.722227668878295,-17.50243630032532,-114.9734682517523,-9.7129234466091,10.275693958808949,30.502475029694338,10.710950270123888,95.34225845133355,0.32479732658541266,Mauvaise
14.664438656257166,-17.414008557111,-109.04013149432595,-13.284674729151817,15.362694267219855,49.11743593163336,13.514047442186897,92.49812718021019,0.3830061260867914,Mauvaise
14.750952577007883,-17.49571679152882,-71.73914743400348,-15.073514861134866,13.27257498980666,111.4905908464214,28.651987819321587,74.25008802807584,0.62392310112928,Moyenne
14.748556449185942,-17.387117941212523,-79.37022671003885,-8.76455823795013,6.581800407730912,78.2471499628675,22.707863561002608,84.70742605698372,0.5523305001834571,Moyenne
14.68998300691848,-17.54409902816017,-119.24399452937601,-15.609431761687253,13.985603212702237,21.043470123507966,11.95391267832875,93.55172968320691,0.2618605752003341,Mauvaise
14.692715150114052,-17.51193059414131,-106.33930567966098,-16.596060154368367,28.558033399059674,82.00900095555671,30.99444062250373,65.91334444547535,0.5259764340598874,Moyenne
14.678558588574507,-17.49373740398989,-108.20764343537596,-11.582325554531016,2.2106091501981613,40.18917020568744,5.694517432933852,103.95325109673382,0.2764892523375375,Mauvaise
14.755799157884699,-17.364942033037984,-105.1056519579665,-14.940176502982014,17.919097543790127,63.81621016913958,17.96774267625868,76.94014793512348,0.43371219303830477,Moyenne
14.747110884255031,-17.39073620872587,-106.38421263460624,-10.19532797106939,-3.481115704538185,15.531856880640653,4.022963638543332,106.73266294706615,0.225999459318587,Mauvaise
14.729189205963953,-17.373170982694138,-116.56105373414348,-17.34885855176073,-2.6754258431497773,8.528043405964508,1.7257180393632274,126.3034697957556,0.08069934150721333,Mauvaise
14.68104687340686,-17.461904170564544,-94.75827158717487,-9.830824536057499,14.313987847825477,72.27235709669063,20.538238224154455,82.42186251616249,0.5187962366838021,Moyenne
14.672340933239786,-17.385487581744716,-79.69965888676091,-15.03384860803217,-1.3271286885217686,82.80058591513578,10.322884226803167,89.1363872851217,0.41717260345894436,Moyenne
14.6565349506527,-17.379301285630653,-86.629755140541,-18.99659891791682,-4.217862405059993,50.262391376599695,10.66462751585534,98.6690577288903,0.27324301366580456,Mauvaise
14.655929492631207,-17.470008635225,-82.99205822710562,-17.22289519256153,1.0029549176807766,72.52338735454731,13.532327308479266,100.39235694502806,0.3779509579161523,Mauvaise
14.674327698175082,-17.35110763045115,-115.53679518050684,-5.929384710308684,14.769720984985106,33.0900551039624,11.157995334088243,81.42445477153997,0.41264889679227734,Moyenne
14.66306922920202,-17.37975227415683,-67.6680109402767,-6.85703505238499,19.616933408162634,134.22296224454817,33.145495720876724,47.13067669720875,0.8293552063890952,Bonne
14.722293997479918,-17.355180606251043,-73.88294913863363,-15.729473551492685,2.0867497449482997,86.77323376976945,15.717124560954392,75.05828434464115,0.48406685174076564,Moyenne
14.696551716613282,-17.376700578270967,-75.72003248273856,-8.102793336363122,18.389080302286107,113.602056386643,25.964170871022084,50.4974973923935,0.7386977705180221,Bonne
14.707842951681858,-17.394759271948878,-74.73589072270279,-10.47999769556436,1.3866715884730265,77.70826685899354,9.966701478973587,77.29929173523834,0.5190991855205631,Moyenne
14.727228733866335,-17.361231225307094,-68.70092205269813,-5.407334039701828,16.471009932094,117.04621104938218,35.726096219551124,54.40907350037609,0.7902595825291506,Bonne
14.735683226895956,-17.466036151083085,-90.06603186374663,-13.769520766523172,9.41858879635296,73.98374473617388,19.737094962444758,94.42558906065695,0.453938294762027,Moyenne
14.734266223584735,-17.39333331330063,-108.98448901728058,-9.459551424759603,17.882982826676585,61.523847201547966,17.02322445870649,79.6374103991549,0.46687579030672655,Moyenne
14.683911356286709,-17.50742175881678,-86.07690156811023,-18.11049988606514,29.826846336773656,118.30565763740687,31.750207176243034,50.07091252107274,0.6780063157531494,Moyenne
14.755251512638493,-17.403441229055787,-79.14151784826336,-13.452537144570318,27.82359378313967,129.40475065719795,26.14888755516634,41.11334723117438,0.7656424921956929,Bonne
14.7693022570895,-17.392929343389522,-79.4145433655286,-5.506552743365473,-4.850138475736373,60.99168190206648,9.624226260385075,97.38172720074807,0.4633029249701669,Moyenne
14.691071985139015,-17.406695118023283,-91.3203036708216,-11.454267757698313,25.9903567526807,103.52440546420777,31.378742453581157,46.8090126976032,0.6752318647254127,Moyenne
14.65221850415359,-17.38003738692857,-116.2347704366532,-14.969686953312177,-2.6728221688831715,1.4516860585054034,3.273377739734764,109.09226036263945,0.11239029233614248,Mauvaise
14.766890044264304,-17.46733291063008,-99.58878838634297,-17.316206516199504,28.356630515594574,93.55610140935256,29.920441406506065,77.63162717077134,0.5570901851417879,Moyenne
14.770061335283952,-17.441046373584904,-69.35783653451534,-9.150603237458574,4.863898768488964,119.40379908284126,22.60466221811931,85.71199679429826,0.6285694051827846,Moyenne
14.656623037253695,-17.547866517860946,-87.85530996334157,-9.972015391983824,8.371219064394483,75.8814855815677,22.022117295700724,82.13679751051518,0.5077971491396257,Moyenne
14.650644356941697,-17.520789367398795,-90.39174312093576,-13.764858009547154,-1.792662818849525,53.91108672415851,9.122414268212195,104.77100119406128,0.32914560416478295,Mauvaise
14.756132621789057,-17.421161214874438,-105.21305670897935,-5.6868210738783205,-1.0704534584881644,28.501085520383544,8.681679479318596,100.67216493590358,0.31836539348965387,Mauvaise
14.689190236082803,-17.437536560070992,-99.73530940458816,-18.689160618170096,20.435919783026186,75.21927899187601,21.244038225351833,65.86517959279452,0.4631964267552934,Moyenne
14.768895681748479,-17.51053349729172,-70.7559650965757,-14.747866077154438,28.05162825119021,150.0,35.22812806539836,62.20094177805551,0.8059947806965085,Bonne
14.678176664525042,-17.501307041167944,-83.34453238602404,-6.10502719180586,16.37619732340083,94.73737942715007,22.275612850004602,61.440166089587464,0.6751011543900393,Moyenne
14.761950100096456,-17.48118355961531,-76.69371352862169,-14.506903863527835,20.054750543438388,124.17062447976032,27.00203638187042,59.6025504416472,0.6835470192836548,Moyenne
14.658923755064254,-17.4067170574113,-95.01100173127897,-15.468460326027614,21.668941060900373,85.1455231940949,26.89161222309008,70.86669955272309,0.540633532203331,Moyenne
14.683882790150816,-17.428056679467343,-85.33640292991132,-11.520914260962538,4.198499609352959,61.64533408470435,13.842971987786875,81.03360821930636,0.4556744382975837,Moyenne
14.776506754288933,-17.536085747164943,-106.33890151912358,-7.466775501112469,-3.4169629177924774,21.3131112477945,0.290423890747181,113.84109339756635,0.2570732833698577,Mauvaise
14.680055565063066,-17.39801217019753,-81.19965433440825,-17.555945347702945,-4.9344539628290995,49.25433285703092,13.267208867960822,96.99532380130644,0.3122628700487106,Mauvaise
14.667291687929756,-17.497468087395596,-96.48192664631645,-5.797710064959695,7.272724903390653,60.81129630817621,15.306144277579397,94.54633474663035,0.47270869792115644,Moyenne
14.761417104821488,-17.415648064319118,-95.65999668518899,-7.868979663463703,3.4512479869725627,40.727232360393316,14.822650699602054,98.9031247645776,0.399255670932038,Mauvaise
14.665314102928992,-17.52532743106769,-84.28727214827151,-16.46249642227827,-2.8188796232785025,54.5218138575986,13.064037545628413,95.93160689430545,0.3312469624819479,Mauvaise
14.662669294115336,-17.350415744656168,-68.50456581920903,-9.031888543225723,1.283490237278336,80.65538100970339,17.662510388779737,98.71543766718227,0.5563889576000843,Moyenne
14.69204526744464,-17.53393296586246,-116.47965093652584,-13.6105778830742,-0.6425385606218272,29.292852361884247,2.010652429186438,103.99271047883967,0.1742597605679287,Mauvaise
14.732592705857604,-17.401653194319803,-74.63912194591458,-13.367874506931539,27.020743321607966,119.92330285823064,36.1662266163645,62.549527989800296,0.7604543046324583,Bonne
14.74239702859123,-17.441733928149382,-103.91892892732938,-8.03393870585587,-0.09064752892908778,29.23503568885312,3.80744562976235,112.28989049882328,0.30166371971687617,Mauvaise
14.764561041897561,-17.532812161743173,-95.58443000214922,-5.5210126882697494,13.817696239568772,80.28829567012397,15.903961944663934,93.8352764268544,0.5566195414642146,Moyenne
14.720318498374684,-17.54463790848985,-118.7947669173745,-17.226817780139285,15.758708428925761,43.85740036701107,10.410762651813842,88.78790162706663,0.2881696320421978,Mauvaise
14.701144312278927,-17.477466856496665,-103.44246571911279,-13.111176683696527,14.022131019802181,65.00280729449773,22.72037578218829,76.60944045045379,0.43038504318890214,Moyenne
14.696648389038481,-17.389555213598573,-92.35528165534282,-12.26681748681975,-1.533024802440421,43.39214447526455,8.364301776257069,116.32048415095723,0.31849269930777413,Mauvaise
14.76009735470207,-17.541769751943722,-116.91031574589086,-13.731634562630035,6.157942661269292,30.377060125220144,10.090549725986849,97.31091061606297,0.2344422239871582,Mauvaise
14.744095990232745,-17.40912026733439,-92.98973488392592,-13.91535226797285,-3.2055383637896355,48.81350269616412,6.803734407533788,95.82479382542786,0.3021184939238748,Mauvaise
14.767705771784268,-17.418924744747155,-69.00891541278651,-18.268238654137647,8.848446993371061,108.08013472628888,27.707308959504438,73.14789217779592,0.5639893362950874,Moyenne
14.775324609245109,-17.49689246464545,-114.20337300407071,-9.402459312123273,1.6009625945057202,16.980837143903965,6.856968231402796,97.2966444902672,0.2431448453819385,Mauvaise
14.689006608690896,-17.534501592853022,-77.95575995584727,-12.892998160319365,14.657138664953294,100.35810422404325,28.83325260477689,74.76928845018344,0.6137660528998929,Moyenne
14.718857635431108,-17.36693560788919,-97.4680920643204,-16.272886762985024,19.24829378471852,71.52361485342804,23.5234554528177,68.06768307627016,0.48610806403336493,Moyenne
14.732136704957428,-17.489930039452656,-83.9654457011614,-7.5755309677710425,13.624195107164727,100.40434032618481,27.281130315952275,72.41070405625304,0.6307236353860397,Moyenne
14.67130036308094,-17.52772335364265,-105.68698711081238,-7.764149525877208,10.198284381398851,57.22635462322891,14.283415486253045,97.02377695922688,0.42126993725214273,Moyenne
14.656935114410249,-17.41369658432782,-111.22792556022529,-12.190517206755487,8.556669729984234,26.952992879346105,15.200484052930952,99.06277456153299,0.29791759240440674,Mauvaise
14.76280930883499,-17.506663754241675,-111.17455621508255,-14.821690743931352,24.45921188339513,64.6913968799804,16.350594233532398,71.91033024059124,0.46216509060221933,Moyenne
14.719618056398199,-17.454873848887473,-116.12294298962705,-10.066701838849667,2.6778822772844526,12.799375740531488,5.276346290730105,105.8732773871098,0.22488910289778388,Mauvaise
14.724200648126805,-17.539918891152794,-109.78943123043163,-14.965870099116357,20.69764188351041,60.49200344536457,19.912019165413213,76.52658886183198,0.4286566112331206,Moyenne
14.722138864905634,-17.35140321021838,-83.46793382560674,-15.695888975468032,21.511881365904166,107.64263425697753,26.034980579754084,59.99469577791828,0.629557872872315,Moyenne
14.748144891628248,-17.4604757746449,-71.50701634860707,-8.772794843631427,9.672000254475707,111.35696440948882,26.481697121411734,74.6171437138249,0.6614565857718272,Moyenne
14.668915252808667,-17.350178003738094,-75.2230872924861,-18.43544664390669,5.405520972897376,82.95405508067444,15.985536101928172,86.20939292350597,0.46495779786818675,Moyenne
14.7298262973003,-17.47286502461319,-82.31761295690337,-17.673241405515686,11.468952011609133,82.22718606438126,20.254548895929226,75.97709598252302,0.49249379817402605,Moyenne
14.711032336505092,-17.480429488811556,-113.92624751238935,-18.904965563669744,-1.7375125937555524,18.743311978570798,0.2,113.05747005367516,0.1054836281707995,Mauvaise
14.766604560736004,-17.367085534346586,-104.09469045372276,-16.858795389344035,-3.3924488719818506,18.552970549657218,8.868023681698183,100.89868889756546,0.1747638994801061,Mauvaise
14.717550721926521,-17.484106829231102,-102.96062185726421,-18.03413987805357,-1.0938880191837876,18.674883975666727,5.503412254692987,99.03257385346056,0.18942469181223676,Mauvaise
14.772581546629642,-17.463598890536748,-106.25236794813082,-5.05876685108114,1.5500761011779156,24.590087153734473,13.397376593427687,95.76889500881799,0.3412451056727978,Mauvaise
14.695922889243388,-17.53437791265717,-91.67468871596523,-14.956660420642745,12.646188711831506,72.8049847245701,22.175040827252708,75.027894751281,0.4718626277311593,Moyenne
14.775696311830698,-17.358907522392908,-90.544540181618,-16.910247822630538,24.719782265639274,113.95354804433407,29.95755316243426,72.43479628348184,0.6034610210679717,Moyenne
14.763770533251929,-17.53296975182982,-100.37127136558894,-15.626052388057149,3.2474816199890437,49.26241161749079,8.384609073193204,102.42890819141324,0.2948844036738421,Mauvaise
14.725954227665596,-17.395763013292935,-100.54159626949601,-5.894241998438115,27.730670376137233,99.72079202718919,24.082860461910197,53.805394845206315,0.6909547153730361,Moyenne
14.695982291331473,-17.442276921237767,-74.42944211516553,-11.71775687765846,28.42177681272512,142.8732911684431,38.413853750290485,53.202747785276955,0.8204678781509098,Bonne
14.698870036468833,-17.537718971190493,-76.5888933424173,-13.892546651690004,28.56166116958218,140.4921530299775,35.97250812104253,47.35401786548417,0.788104758181967,Bonne
14.750457771239578,-17.54965923439179,-103.071229257559,-6.77251958927093,24.314695713671334,73.90364467684984,19.927545812968383,62.882402482989164,0.6065983316150274,Moyenne
14.725482075651975,-17.362889272294577,-69.74163558697074,-13.470136212313545,7.733876427920221,101.3181551151623,19.45356579457944,64.67039328926847,0.600737145572632,Moyenne
14.702206386111012,-17.401565319152894,-67.59517406486216,-14.30988002059226,-2.456063114908193,78.25675535572955,14.746333709431756,97.6316662406214,0.47106994175717504,Moyenne
14.732687144983581,-17.41271275129212,-102.02916018834776,-16.0980446843037,14.90865561182732,60.68383465916718,23.188754538156097,70.13009903086115,0.4136911958266808,Moyenne
14.745320341727123,-17.462288693880158,-100.50662781638198,-13.710844465268238,14.553850537803182,69.71927371523492,24.650209394762445,80.43688634036843,0.44669612422715427,Moyenne
14.652977066632602,-17.502277242657804,-92.19012156179227,-14.566419015763035,24.749151848835844,99.8517633211228,28.672831189484526,55.2662521486374,0.6171932247840364,Moyenne
14.661682164145276,-17.414027385053885,-68.23835531064796,-9.517744569826025,29.85968678311368,150.0,40.465184778176656,51.11044996999183,0.8986555196253267,Bonne
14.66228310725292,-17.42833978627658,-71.80243117717286,-14.945842134609821,12.785505729605166,100.37555212019872,25.810041983224547,67.73657139776894,0.6139982654663662,Moyenne
14.680151394684234,-17.404731561030335,-114.35876205790257,-10.91920355008414,7.082141086392449,29.756293479936453,5.128475995280309,96.47074416094397,0.2863540240897035,Mauvaise
14.705508757099551,-17.476841496299947,-98.3998091200721,-18.077509689552382,1.506559904469345,31.747021889861564,13.740195913925037,97.3648561343351,0.2503106790034057,Mauvaise
14.754474486908032,-17.352615247897365,-89.56458456376255,-16.321951806248798,-4.832006131392024,44.82960573220875,13.890720292400097,105.48943431712824,0.2706479940620765,Mauvaise
14.695642874549943,-17.536598268914293,-92.3277140096653,-13.296326197441118,12.81897923711077,80.60351203824236,16.978328305076825,79.70493848426078,0.4922515266358965,Moyenne
14.652272112489479,-17.534059676592758,-109.33753126347091,-5.8827104452782635,14.44315333459085,47.29648298668741,14.593556256724973,84.63528888844579,0.45622986553920775,Moyenne
14.712837040883725,-17.36662483048388,-72.7650775857515,-13.718472199980265,23.87284679360891,134.45407452413593,32.89361669838271,51.17508360049747,0.7620517252768242,Bonne
14.7795617174052,-17.420458713016192,-82.76825693517395,-9.702962303202323,12.66019387624802,82.93649228403685,21.632528561467797,62.92360920734431,0.595053862926007,Moyenne
14.695372729435139,-17.48473318636358,-73.9150393831508,-15.428778886100426,27.076392203311975,121.18769762969653,39.64093552450519,42.40641096144625,0.7574928574073001,Bonne
14.774963087439751,-17.397609448459875,-72.76796463577904,-17.221529936374758,16.982921680000242,120.71654045907854,25.48337291737914,70.71733164354539,0.638681015868972,Moyenne
14.663174867047735,-17.459445322429392,-78.84042804838431,-18.1804875988793,24.41176833773791,134.74689086582836,33.89349709229095,54.85516124232948,0.6835649009489964,Moyenne
14.67250295552769,-17.545775698238455,-95.84341693126555,-14.72421102040148,0.19056071827114884,35.47895313203172,11.772910898764458,93.55067439171005,0.2951775624695437,Mauvaise
14.744135869118942,-17.41977926611601,-86.41992847415165,-16.79274562484329,24.936764560581015,118.7372041559586,29.78230670564818,48.731672273210464,0.649663442255343,Moyenne
14.715157618366192,-17.501377612581695,-111.17990266341413,-16.563853727774262,18.630034905534693,54.60162255379666,19.80726198263966,66.19173021006497,0.3872281477852494,Mauvaise
14.749465834450564,-17.526932976677987,-82.94950203888007,-8.349369682582699,0.9581561353415688,56.21662663104241,15.081339102743424,86.36020228699225,0.4659205896717282,Moyenne
14.762262584853755,-17.50494536350012,-110.14107093433955,-18.77826700677176,1.6417245351103809,12.991586071026223,9.25122211102676,110.36949040366034,0.15249268060923798,Mauvaise
14.682641033887935,-17.45476842377415,-81.83277252194137,-11.190658239703918,27.427521666547747,121.86560823268037,28.99117886912638,49.96965575272822,0.7583590861241569,Bonne
14.738767792157166,-17.540028713743354,-107.37210115853172,-13.687540671691494,-3.8724623842369494,12.48680495862935,1.6627151425274254,112.94277706120259,0.17265488370148313,Mauvaise
14.728988160762388,-17.37336952264409,-113.5346784917379,-11.908300001280338,11.188723015349712,24.865188780679066,10.879529210083426,86.6019144646088,0.3171389521576664,Mauvaise
14.761999553794977,-17.43801639668613,-110.90935304213734,-11.120376678995559,5.971635147693554,15.845055873950392,0.34524888522336994,102.65985323042162,0.2754576233256441,Mauvaise
14.705913507079284,-17.491400763976916,-119.89043256295113,-14.612852277598105,18.277710399944983,31.967930819460992,10.574887682192985,81.5478936789357,0.3247286951006785,Mauvaise
14.656743155992386,-17.412599030382264,-80.46932101805584,-14.868475957420006,24.38702856491472,119.52668346578346,29.4658598760444,48.214280502840545,0.6991608604516226,Moyenne
14.724644196545427,-17.38915270060401,-79.71794230178915,-8.73237410931132,7.613234254479934,85.6547605750932,23.272602156979797,79.06292153633765,0.5707901748022552,Moyenne
14.774654181485399,-17.427215074403303,-91.67866575477073,-6.8021221663038,9.941573056299301,66.01951066948773,15.751038086295953,98.00920065707106,0.5139222229537762,Moyenne
14.651902053335679,-17.509501063617897,-111.1250459419539,-16.303857145580608,29.3671224575495,77.43676436810924,22.20898267868285,79.21137375771679,0.49650060239878324,Moyenne
14.681233538494919,-17.527942315970712,-115.40451143691206,-17.633337352507915,22.437077838772097,63.00669999369519,20.76683282618982,80.41238759456441,0.3842825098345591,Mauvaise
14.691088812695336,-17.378020060593325,-118.94790684594922,-6.430858710511636,26.4021445826127,59.74585961058491,14.996001874376496,71.46708514170976,0.5216704363523058,Moyenne
14.749559055425827,-17.503062517289653,-110.88385026691286,-14.101463508936419,10.35667772280704,37.24034062074558,5.226594610214711,93.8295982249416,0.3085247139696161,Mauvaise
14.692025999920862,-17.545983513864503,-71.00294557592693,-11.281556530720602,3.1926671394440334,99.10490285309778,19.29905914582836,86.01641022381179,0.5619377596601574,Moyenne
14.681080902215522,-17.42141957836915,-106.71547370640751,-13.966395976719951,9.415221288525808,35.735334858428494,7.89711880049037,90.52155934501044,0.325339192432862,Mauvaise
14.734312541880715,-17.519422934027137,-100.51507700305314,-17.23876729115528,20.063217124102973,73.4514470265728,17.634937151824534,76.67083283701068,0.46231688243509217,Moyenne
14.656032687564931,-17.351806036047087,-114.20599835352668,-10.749356970731807,-1.169935830740724,7.90122765272025,3.929246869811101,110.69642431935253,0.18693612497717152,Mauvaise
14.672177591794638,-17.37605383365212,-107.77012823885063,-11.648028075225184,4.46641869657781,21.82799331956678,11.034869717744483,95.71579244935934,0.28463771589484205,Mauvaise
14.703043929727027,-17.428310854799758,-91.44264860708871,-16.158090171323238,-3.3677434838443365,40.45301710198565,11.00424519638429,92.30197835550285,0.279125540116202,Mauvaise
14.696227995104204,-17.383226871478293,-86.57360242973911,-12.67383337486811,10.132170841834604,62.4895401059503,23.118088719797232,77.09260797705284,0.4909049512492253,Moyenne
14.695131556493838,-17.455892859846262,-106.5056227208584,-7.8427349437809575,23.960600759286464,88.15906727441728,26.218855539244494,76.778839953974,0.578354714617862,Moyenne
14.664112151705556,-17.392302751107515,-116.82473124261855,-10.73403455648952,-4.136770909569622,0.5,0.2,114.1109105366129,0.13770872936538014,Mauvaise
14.696909202528474,-17.42069328952057,-98.49319219799307,-17.64315742106207,18.63632343825081,88.52313319128389,22.92404501726639,76.63337880824581,0.4718787318262053,Moyenne
14.753739060358882,-17.54427107040607,-107.11881459905162,-11.327699038792108,27.637355607980886,79.47740244332996,23.265739217209877,63.24704449676469,0.5695257043285459,Moyenne
14.703799746233662,-17.360248466489434,-107.92453422236089,-9.161663809945784,3.292475152891379,33.63215518501691,5.288872891226344,91.47979514592947,0.3150009054034639,Mauvaise
14.726202254026038,-17.377816084360663,-67.20754585075997,-7.902152319069481,19.277219425467685,126.39121251783595,34.6526564466875,57.346250718212644,0.8031151826051378,Bonne
14.671265323211252,-17.359318521881356,-86.10347327408518,-10.192353899120265,29.12856653850701,119.54466604676261,28.062894491337836,45.78692261343371,0.7608084038740575,Bonne
14.659062477250915,-17.40372681308784,-89.37168562553472,-16.86278569642903,28.679732105336214,116.63151576717088,26.54239668718123,47.37532019519152,0.6636936446488618,Moyenne
14.764394285451102,-17.467587815667677,-97.1323693062173,-9.05757426773775,3.222521756020015,52.63643500662408,13.160154204283106,104.84312860032504,0.3844782948940043,Mauvaise
14.693078437498974,-17.508602955342745,-96.40806166134206,-9.51721415485877,-1.4884131375775955,45.32765602115816,9.678647274758656,98.10671810073883,0.34030707019222367,Mauvaise
14.695543840298857,-17.514000730486828,-90.25022478890556,-18.658023638831136,0.18988882635705817,50.00773383126126,11.955541469947526,90.41487899442735,0.3001514427962704,Mauvaise
14.76409942043225,-17.521016750322445,-81.6963606130141,-13.235532653736595,19.571248396874974,102.41580637169515,25.466407449088134,78.30729199527862,0.6315127378355206,Moyenne
14.742010275358137,-17.5058780714717,-81.38196470999938,-14.338696542526774,20.401560640864645,95.70037067258951,31.028893703851843,70.57957950552316,0.6269613462037948,Moyenne
14.748314152428389,-17.439872797330523,-110.55683507620027,-9.628231100448993,18.598279656986964,59.43569177384896,19.364812159402206,76.74091046049368,0.4624660352383276,Moyenne
14.738660452941795,-17.413250987342433,-92.49379863578551,-15.974098627647109,6.7627435709783335,70.94505915170885,15.617004522302267,91.57545899115276,0.39317246694990465,Mauvaise
14.6637529918229,-17.487188687796746,-97.3423047731244,-10.727793078360381,0.9421928915342743,55.330321108100506,6.057765229671139,96.59866055367237,0.35408251295612486,Mauvaise
14.774539456737308,-17.440250606098427,-72.12101685518387,-6.215116534601588,15.32663821832886,116.4889288594892,27.210545816327325,61.45572664493554,0.7478857561681492,Bonne
14.76818771732663,-17.481749468109232,-85.2719593329893,-7.830766789079492,11.92881560152533,78.7634621537003,24.018486187094805,81.46956965358976,0.5786505816421379,Moyenne
14.68070861648809,-17.410698005265203,-90.712276347121,-6.099591692968575,20.50919514928062,79.23075136213988,29.58871355140944,65.51323606464996,0.6521753851463382,Moyenne
14.7545192448487,-17.352302755935952,-113.65329468015955,-5.3009164629423395,10.447602753996751,42.01793841638908,9.555058979612896,93.12132282247158,0.3937393678340065,Mauvaise
14.703221536094652,-17.412196606323423,-86.68991608721237,-18.85061822191372,6.852389314026393,57.96170874557147,16.706182985869358,93.588023078806,0.3804534876135892,Mauvaise
14.738889705822382,-17.53819388463247,-113.55378518758717,-10.281622130715315,5.271750207565503,20.77723297428269,6.4613330055651605,107.00845787418552,0.26605419742655495,Mauvaise
14.671528389975721,-17.4545530084332,-101.45363834388364,-13.22024843137531,2.401461201741128,36.5372825953309,9.996928447592431,93.89134523746145,0.30047203078550877,Mauvaise
14.720012052585334,-17.395922501473095,-112.14369193521175,-6.962037135308297,4.301123166533149,23.402328940398167,5.017292139069021,104.33134175599558,0.30540277695363405,Mauvaise
14.666460118942789,-17.441551678749285,-81.93594941365971,-15.474594171872155,-1.6809346404564525,63.633437516152306,4.46320828418483,86.20163576361986,0.3800091114023165,Mauvaise
14.719701731496555,-17.35978739405542,-108.65613373901161,-5.2655871523889335,7.139995382511135,36.66974385964314,13.54665696404502,98.50257993756527,0.38408851803137367,Mauvaise
14.681667214287438,-17.539045664159158,-98.44773447465857,-10.408088426387538,-3.720056567296463,11.875832161859257,11.323320178249622,106.69752215422025,0.26132910182256974,Mauvaise
14.708820648739946,-17.491768891340865,-70.73788723096717,-7.890476368796367,1.5244846508214387,88.91180828795969,17.471679145919357,88.72960564169266,0.5734159356300208,Moyenne
14.736836017732676,-17.505856378472043,-108.76259891305664,-17.801606260481243,21.136965561680018,45.54090837826874,16.529006166849868,72.97185968736962,0.39505898324895733,Mauvaise
14.76401969561588,-17.396475559647282,-92.07072148226715,-16.43158961337589,6.391414603681794,68.1203472722374,14.837936136613088,105.15641441108562,0.3755169695026305,Mauvaise
14.671487570401087,-17.4452413863032,-96.9400586358688,-8.382348577521155,18.388295594207033,73.53749026100822,21.380274742204527,66.6690148932886,0.5691046347302894,Moyenne
14.7661249850043,-17.5223311577294,-119.00317774248487,-18.69218869144947,20.090946145904706,26.62019632779834,18.399105823752468,89.19651906759928,0.2909562935815328,Mauvaise
14.700704894230547,-17.492881347307716,-76.3983037534953,-7.56370819748704,15.341486995623974,100.29222019122292,27.16355290814854,60.64756833705266,0.6945752427420664,Moyenne
14.759693553918764,-17.445468135400727,-116.20247515269702,-18.80471373831324,28.554420947788948,61.00403142251573,19.939359868894755,72.3496778888437,0.4231863599377394,Moyenne
14.71663122939431,-17.35077420374927,-93.91597384626755,-9.800336253142174,-4.249604668191036,47.36923206540313,3.199457534398484,108.8179545843021,0.32210022114841275,Mauvaise
14.762087114329182,-17.477141528516928,-89.16269377835775,-13.888685116754719,20.852842770584974,97.70220805196374,28.98694967144329,67.3690392939403,0.5973528868822353,Moyenne
14.736167128777625,-17.51863478053206,-85.43654488619771,-10.439072061931212,28.557532537914284,120.62849832409711,34.88601578986354,50.50330436135934,0.7548477868242359,Bonne
14.71613309828018,-17.450586694841668,-82.12526038806683,-9.255560302152409,25.179510527352875,126.19585146875693,35.06349586759907,58.834131562298445,0.7566488157405027,Bonne
14.690630022290042,-17.487962724553388,-106.07001890625067,-14.205346931391741,0.8762442131754664,26.664301982328883,3.584304079871811,104.64084927680855,0.23462454127405402,Mauvaise
14.775958181390424,-17.43680663523429,-119.45116728378528,-17.4885257264483,6.438710718810622,21.843940743445494,11.214499652427573,115.05832216181877,0.16237248472524607,Mauvaise
14.754116695496634,-17.456657939442955,-80.21059857047985,-18.02495785152428,1.0358143956762884,77.18450013299277,10.420277056133745,83.66590692036675,0.4006227596844013,Moyenne
14.699554334072394,-17.412102015657496,-90.53888703588318,-10.75489568412433,16.045792733514645,73.8837215574726,24.672247515105575,69.8310813687149,0.5567595596447296,Moyenne
14.671674067097676,-17.3671418582265,-74.01352632360133,-11.710825047722437,19.92657936928223,131.81403260948082,25.315123043646388,63.68676018518016,0.7319462011021663,Bonne
14.751339604417128,-17.50989712984625,-74.82364004046181,-8.609185872304145,6.097581927707036,79.63256154606344,18.709039190137887,79.08559299625595,0.5797776239291884,Moyenne
14.778692757415419,-17.38576398592632,-73.61706077166642,-11.86370285994488,13.882730089450341,115.95539006289056,31.635008583875873,68.89152692017461,0.661337854481685,Moyenne
14.686266743993022,-17.360146856890296,-93.31979370112529,-13.085758939567693,19.182219952491824,73.58420631782559,26.25971893477839,79.70161391492792,0.5366212345610594,Moyenne
14.76906219940355,-17.475278063696408,-101.65043822897239,-13.426779504692767,9.746893581386692,57.4979364787337,12.606510880368802,65.53491416166233,0.4000115341741009,Moyenne
14.66629819172643,-17.52726745988066,-76.46429885747466,-18.629743363632656,24.890543565941076,140.6870980993766,32.104364767577565,50.7785787334036,0.7044738675808063,Bonne
14.773786813052741,-17.385617765843424,-95.17882378339098,-14.3021991762468,22.004247735073598,86.50066578598084,25.392251422871,54.085570063412916,0.567630413826659,Moyenne
14.746894058617597,-17.409780838112354,-109.9106791978111,-5.33571779465708,-2.7367059652300267,11.627588290435895,4.157991077387262,99.72466249510447,0.2659798256652419,Mauvaise
14.69505750980428,-17.507457559033192,-72.97642892411892,-6.770221932820757,16.739385468179016,120.30236175989066,32.93055785233177,84.64124929698265,0.7377379942583231,Bonne
14.689602136898511,-17.460955281363493,-71.4592067775209,-14.388707061520952,3.2363942835912365,88.35696539769658,18.886051612556063,88.41103612447873,0.5141886130228057,Moyenne
14.733646596012115,-17.434401558702024,-94.35296341229065,-10.77086432907079,14.513139263354635,89.17247035575774,15.30030509958491,85.75295796729912,0.527321548713081,Moyenne
14.72715592823363,-17.516029182669715,-115.83651499796169,-7.1378455625030846,28.491095492153818,67.59765348344234,22.87189247636736,67.59466086177596,0.5594055090554086,Moyenne
14.769461771194178,-17.40701743467409,-98.66956505456878,-12.822159285499039,25.767170159328757,87.23472366012479,25.130378829905872,70.39697665015098,0.5865609847466222,Moyenne
14.749611607447198,-17.41202345172113,-75.80542872955681,-18.748589907497887,9.15807410902961,91.12463515464717,18.976850706730502,63.15862311549712,0.5141287847468256,Moyenne
14.72024743343461,-17.372574677497674,-70.40242842995742,-17.95685353453904,5.202985042052369,89.25825399179296,22.894246324889938,88.70330102876433,0.49928565531258734,Moyenne
14.770583559439155,-17.436545407114362,-108.80899916263223,-11.854501901118107,3.204201054289065,22.411063638043416,6.520449768802697,93.91941519870062,0.2677205744463054,Mauvaise
14.727054982073318,-17.435137393860874,-116.31645133861007,-5.427848740537703,13.638020441478204,32.73268645805052,12.755392959930603,84.99864792969774,0.4013293720575045,Moyenne
14.760459028635887,-17.42612252880614,-71.74572507769388,-9.29506640893585,-1.0013041359680286,78.12854650799572,14.504750727067979,93.7286106389547,0.5171039093321246,Moyenne
14.75932254477272,-17.49524334772362,-98.58272835616185,-18.007173319860026,14.224625284488699,61.59321017040541,19.913414365461936,82.97932643064637,0.39851507206456377,Mauvaise
14.769495331663439,-17.398278829744402,-90.20314696528402,-16.34894773891392,-4.95332261782228,59.53873476619212,4.010278139410063,104.20302818647738,0.28140256180482653,Mauvaise
14.658788264066285,-17.417500147747475,-66.75638033720826,-8.201475994964099,6.3347370761045685,96.94286696703918,21.58638866616056,66.26697001655477,0.6560379912775113,Moyenne
14.725896556833082,-17.382170874907818,-116.33893996471774,-7.219843360612574,2.6977009840703445,14.792264729289931,3.441019007936199,105.37425095699764,0.25670844060816944,Mauvaise
14.710891036852237,-17.39628279900548,-84.34250959013474,-10.352275793359729,28.99265764862737,125.34321707211267,39.00043724237114,61.04889943534815,0.7631591779340324,Bonne
14.713770509850407,-17.42228555389919,-115.92420175838231,-9.978075625182568,20.453481184949265,54.87668334531846,19.098442319676156,75.27112036354471,0.44176373452421497,Moyenne
14.709788378470627,-17.517821569818082,-99.34920893434247,-18.603275694632615,7.23786831617832,51.113224837714654,16.52586220710833,101.09362474052682,0.30550478524682595,Mauvaise
14.758870669624903,-17.366170535358236,-75.79020001436044,-7.400576365858882,-1.750421971428282,71.73019545795222,19.499365715003485,85.57464527914972,0.5079578603929655,Moyenne
14.691396276664202,-17.47655756372337,-96.1590271984401,-7.964147085608385,13.088020814171841,72.31807532091156,29.314451457898876,81.00071623320446,0.5216407272916106,Moyenne
14.710157640611872,-17.357140286296648,-65.15497053533772,-15.37350798255314,2.4706758464114813,102.31007498257443,22.05000060779513,94.14341242293881,0.5415921422181484,Moyenne
14.676088730577142,-17.469625839599892,-89.25173932793689,-9.078525920482903,13.775034106442522,79.75044067725223,25.665617879121417,71.4270356469552,0.5670805741609295,Moyenne
14.682723160070216,-17.520812341463365,-102.33608160502256,-15.992035510050027,24.23768239626124,68.00899749018868,27.186654878830794,76.55036523451102,0.49616096367538487,Moyenne
14.735854610834703,-17.37303205050007,-107.89387707523858,-18.435377745278817,16.55273932354849,51.94249784052542,19.81215806007302,97.17562852866395,0.3439794330476513,Mauvaise
14.665201671972586,-17.39098825197426,-100.7213706142611,-16.18408840373472,17.182594684075077,59.96645801424661,25.098055417981712,78.63733677010559,0.433004734372082,Moyenne
14.674416835429309,-17.392740788777374,-99.51066994322471,-16.499195725439808,13.936060117198402,59.366704930384174,16.668568508956803,77.05318141130691,0.40886131768269984,Moyenne
14.718644492744271,-17.532117849853776,-116.22074772518215,-14.271528045712138,27.45429714209932,63.599109059524665,20.044691223846634,63.681410053792746,0.47060082830716765,Moyenne
14.655690493635191,-17.37414403338961,-99.67341903152747,-13.141707039543586,27.616593954721118,94.65826470781846,28.405215647715753,72.6266286543564,0.5994510020021125,Moyenne
14.666500509924651,-17.43071987256743,-94.46688141434262,-11.88045551903209,12.945312037574325,85.54054768110545,18.450210615516447,90.60021337856732,0.49450975539721664,Moyenne
14.762235882065676,-17.45592885274541,-80.24942362686573,-12.325445742883407,5.701582050022655,76.67989290314304,19.859311724607373,95.72449874500727,0.4929258135474135,Moyenne
14.75999907955335,-17.367365675717373,-83.87987834031156,-15.210555516485949,11.085545205780537,91.77230231523262,26.09017058009636,77.96347515979988,0.5152927902838084,Moyenne
14.695210893656109,-17.416791729503615,-81.01788896239651,-18.59161063996296,1.5295269268465486,73.77632281312172,14.27996754383497,98.61916786771009,0.3810028814148572,Mauvaise
14.695238870990455,-17.523393835229403,-119.53999749677286,-10.528577288679891,17.272051036133128,47.69408769287072,12.337399713641497,85.22141229395285,0.375057455324292,Mauvaise
14.77174700840432,-17.44609256478866,-108.02829302307052,-13.45957238213704,12.503231752378163,51.96819512230145,14.465292679169764,80.04376643418543,0.37329532925211173,Mauvaise
14.653359348079363,-17.422676682230488,-83.6073641380079,-14.818589796574305,-1.384483276535204,53.03066299402564,12.083328980047085,104.55500473015165,0.3576235799793312,Mauvaise
14.725438416701085,-17.370289860453674,-93.38058475011391,-6.862825400372827,1.9176723391865371,37.303982368849574,5.917148490850245,108.40748408891574,0.399564627523958,Mauvaise
14.727660775275295,-17.494021179665022,-119.70775883824098,-8.545593690825763,11.78711846698344,28.561140506297257,7.612884405407247,85.20170984118106,0.32925512634226234,Mauvaise
14.752425318733616,-17.391153222870518,-75.75279466624977,-6.991282322785809,26.06561467516004,125.12387043449236,36.79457186613712,45.28144935138298,0.8312261597346409,Bonne
14.773727567056937,-17.390037419233053,-77.49547346903145,-12.070240874025547,14.823675222088408,96.06253557921856,30.565797194098813,70.43967322398139,0.6251102608131971,Moyenne
14.696257586315635,-17.524390103035266,-89.83694603535406,-17.166962470225116,18.85372500729648,80.84402011822642,21.290820690120434,77.68043955162226,0.5176829971967715,Moyenne
14.70691835154928,-17.546553363448826,-116.34451708230503,-9.252899894302185,6.865999241036841,23.23412342285237,3.6077712922264986,89.67208019955406,0.2895335146973951,Mauvaise
14.737268802467623,-17.43371806082031,-77.84167227570785,-16.114967080879545,14.9993987565482,115.72961623889998,26.345695241237998,71.84572016054831,0.6001214692288231,Moyenne
14.775745310904743,-17.392104222741803,-87.89575267477498,-12.822784632715965,10.65829379233236,74.62442927189892,13.470507023827896,75.90806176190543,0.49953152823854896,Moyenne
14.765803005985772,-17.439113835134542,-76.99220125631224,-18.08998895471556,18.069546941810625,115.97451423649301,27.36650181059677,70.95575764540565,0.6107477610828917,Moyenne
14.736716890425106,-17.387330502960026,-78.65391541822878,-7.4456823660782465,-3.2298551872346373,65.01050261280106,8.002104793901502,89.53296462836431,0.46981488743312744,Moyenne
14.761374064317232,-17.4255393719065,-75.83488604231896,-17.236831025334993,12.26550756836357,91.29665215195776,29.150829082570258,79.12841212552796,0.5463261600177697,Moyenne
14.661076576015887,-17.41934152766554,-91.50955634774563,-6.356634901309665,5.359741880038843,67.03172871699346,12.415481131265006,88.40994323788948,0.48775660008037447,Moyenne
14.69902650257074,-17.544369114847495,-112.28215149935667,-6.9007715683382,6.416477144726823,19.19576038832833,13.151283535551023,90.0467759826446,0.3287520405805594,Mauvaise
14.651702024440851,-17.532280359416117,-83.08633896411712,-12.495841297850555,28.632110104532153,122.19045701481372,37.30282249610653,53.8134180309228,0.7456247311414105,Bonne
14.673071390973924,-17.404994076456827,-85.87394182214162,-8.57884513974413,1.3943184448983974,60.07077247211361,11.981191380587061,77.18744148119914,0.46121828812591875,Moyenne
14.731964034256311,-17.397431343524744,-79.17607470405021,-10.327768966545854,5.893583840250892,90.33246016014196,16.198003631219816,78.90545966363183,0.5466951133904157,Moyenne
14.765123011085375,-17.441564404387137,-110.65654466720956,-7.756941007271571,12.846240150580513,35.11114642713928,12.681940224380247,90.50991745202889,0.39916462234426386,Mauvaise
14.732261440298933,-17.431966974509795,-109.2763640054841,-12.95472858899723,25.20594318523683,73.76902682356638,22.08349295497173,55.712005110881115,0.5187990996158396,Moyenne
14.736337953911113,-17.427126832030986,-71.02747655293693,-7.998681220579099,9.583452912222965,97.70181642566354,25.887241076885353,53.97643554686617,0.6717126788254483,Moyenne
14.663496808683307,-17.529001736229212,-78.75122108513611,-12.525604561087928,21.03528483108599,110.10465211881031,27.832142133372017,43.273712166285534,0.6987769570364646,Moyenne
14.736431863818739,-17.416418279149816,-70.04743312148224,-5.826478970200887,24.973093437518084,107.78394874819553,38.203748434310484,63.17604253614465,0.836192231308389,Bonne
14.709065073257994,-17.45430600464759,-78.27065733598437,-12.190790588447934,5.850572453764713,101.37781600929927,20.49665481504047,82.41692226382054,0.5400085193862553,Moyenne
14.734687230105637,-17.429495404662546,-87.1564581705334,-12.523330192927787,8.746256423854849,79.73098942041278,17.59643366686411,78.71592403128574,0.4936182443816519,Moyenne
14.692402504238878,-17.4373716342379,-84.02269946346695,-8.008993938110821,7.479467829092469,71.9815666827858,16.691560701897224,90.9001976831653,0.5323489023434047,Moyenne
14.725593172416211,-17.397399950309193,-71.09796418329945,-7.49791231534827,24.14995330162724,124.43612198498147,34.4660248976882,50.94855180045372,0.8303021943161839,Bonne
14.70512900858803,-17.486286347256804,-88.16562850184327,-11.237152399503609,-3.4478598316239593,45.25752186058379,7.277824386735375,102.64923178903688,0.34694415275573065,Mauvaise
14.722622817206558,-17.47529475098651,-85.2184771619387,-16.482830611068945,5.7947381090038,78.45310132126743,17.40516575427488,86.4417241776532,0.4300386811742135,Moyenne
14.669121637382874,-17.471678738695086,-111.39378061980197,-12.451384766593886,18.779299515829546,39.052492573316336,17.41400249980972,76.0681865907257,0.40926968490275517,Moyenne
14.701457230970247,-17.3975087801652,-93.93433289361435,-5.446984959264503,14.790522484786994,74.76000369607489,21.26147107701489,79.91688539453752,0.5785023714406018,Moyenne
14.698656225443392,-17.463777475639393,-80.59815884230456,-8.458193297451409,10.2701275752793,103.68852009834224,27.278460936904477,84.0770826450072,0.6063910019997532,Moyenne
14.745731287684865,-17.51458504565999,-105.0981515925999,-7.643723545692149,13.89818795274845,46.05794751033463,15.547044350415232,82.35745214668623,0.4560946476557386,Moyenne
14.741833236815848,-17.353391805916594,-108.87602007115058,-18.540443016530638,1.9154605039911399,25.384767197135538,9.248008929264543,98.62811974119325,0.18450814209841535,Mauvaise
14.768151629015073,-17.451323627207092,-102.73952554765714,-12.449967523121762,10.075081756280364,69.11944860360565,14.78248547864336,85.38757277365757,0.40573634843268575,Moyenne
14.732167226996815,-17.52815038336879,-106.71746546039417,-9.947304128794226,12.559604446172216,54.75673064720053,13.72587729548723,68.05611297025042,0.4293402423664216,Moyenne
14.69089112687315,-17.41594500880146,-108.17980496299823,-7.379542429206953,26.541619268411058,76.18496066360876,23.358723940984653,69.78712162964503,0.5889956431520225,Moyenne
14.751819206220592,-17.402167528494303,-96.63320364225521,-18.3101688498412,4.129230698139171,54.035106843716505,11.892360986403945,84.0311283497116,0.31111120434961015,Mauvaise
14.714609693659371,-17.44995543221822,-70.06888173640561,-7.0658556010137765,25.37399757577264,134.42397351957814,37.07699281848353,57.045149968252225,0.8569598112015644,Bonne
14.67515411738178,-17.420708556344536,-92.1117194293705,-11.322386885613236,17.548449028909367,94.90402531031641,20.166850224299974,72.15905229734126,0.574448445226119,Moyenne
14.747163490882526,-17.515465027103456,-109.66437905515724,-16.23760441193516,-4.288070912633966,7.799773597763064,0.2,112.19323862475183,0.125079740332548,Mauvaise
14.6672290814435,-17.476415522943924,-115.76655818405193,-14.5584269697042,20.362096791478777,34.24759180018145,18.698064570039794,85.1906490396027,0.3655230101253149,Mauvaise
14.673159933061998,-17.517634279325677,-81.71141201741412,-15.05298627547815,-3.755684285783072,56.448806167306174,14.466398291600683,90.61590327720516,0.3578400435513309,Mauvaise
14.748638270696569,-17.47255294872704,-98.94606795599867,-11.567973519961338,29.90833943848346,89.87448711275556,31.541621320747296,61.60804291313022,0.6424852810223337,Moyenne
14.750118810229267,-17.437439895562616,-74.79929793780525,-18.276400481244153,25.542284069191926,127.67620954653547,35.16476062587193,56.04145479564499,0.706408381952409,Bonne
14.752801564944548,-17.46149211856362,-83.72690772475764,-16.78049378100107,5.407031163901598,72.40564672307016,19.78217799342581,84.62901818553635,0.4268230798952792,Moyenne
14.688132266174225,-17.431357031852855,-76.20672022022472,-7.622297392739046,4.00939305688469,94.0467473378266,21.274510140792053,77.25438421335427,0.5805435852567133,Moyenne
14.762656369458297,-17.44964816532629,-105.04296783198532,-17.143544129544644,8.350437873696311,49.690172246332665,14.443155847257419,96.34062941365988,0.30136982103979837,Mauvaise
14.74394685767507,-17.48643712531965,-81.9202592646418,-15.732452227586222,7.465843786005506,83.77337072272312,16.97537744355288,88.03957172403564,0.4746475296580688,Moyenne
14.758415763241674,-17.5213168003758,-105.47659084184546,-12.652811521541798,8.031823643488337,42.72987956517862,8.41461436433203,93.12872898576985,0.33956959200568554,Mauvaise
14.742118713017096,-17.499465427715744,-68.35123363023396,-11.760307566413374,6.139679114181815,93.61139698610194,22.209135869088566,69.60008504803358,0.601982981175344,Moyenne
14.725347539637024,-17.509857349621083,-84.99941451566441,-8.30945328540178,16.7396692396916,77.53093190142829,24.91582105867361,66.59460733307711,0.6249284054693456,Moyenne
14.664221320304623,-17.40851554126186,-102.15185099035618,-12.737346026673372,0.7492282302218385,34.745589867980435,7.045548533133754,100.43675164398918,0.2815202586073723,Mauvaise
14.742421707553753,-17.386006631117525,-105.176847573925,-7.941895305502458,24.609345235610462,82.7751792241377,17.78457402003994,74.38445447826835,0.5863131824821087,Moyenne
14.739759900809563,-17.405922278940118,-109.4990378210596,-10.343151701363595,23.434086941096037,65.85313852043404,26.24427545780179,59.79893009303744,0.519737851912782,Moyenne
14.690623847327291,-17.42125317060097,-81.79474726084497,-17.416603648066484,11.676912274934466,86.02391962413888,21.72353908450118,71.94953136803697,0.5063597763170536,Moyenne
14.745656569976035,-17.488429729237247,-107.970641285114,-16.81135986250026,24.845548784749166,75.85702470651825,23.120272949265374,66.58163980011484,0.47635265408164323,Moyenne
14.721559091946073,-17.4078028881787,-87.2583203739881,-12.881527843703209,3.650077451060266,64.29435266134598,18.748289057135526,89.49036310158604,0.42292367019842225,Moyenne
14.722722811010645,-17.42898330800217,-105.44507351910535,-13.443548496753445,-4.385209050361157,31.45891045259028,0.2,99.17897348190426,0.20953314855014066,Mauvaise
14.697788608242142,-17.540621326662475,-83.59170803633722,-8.590380225077876,16.672277376043805,107.10047782686061,23.878414734777493,68.53481806290375,0.6572953005109597,Moyenne
14.665182055374219,-17.368477576321318,-75.17831493027035,-10.869680042837073,11.02682924376504,107.92658756225713,23.24501842430149,71.90881226284988,0.6289526910082031,Moyenne
14.678200699522579,-17.534009231779674,-77.20861162704408,-13.56613686596851,14.850759120355473,110.50875138841525,25.363587178431466,61.65207749175494,0.6311842653764065,Moyenne
14.749948114933687,-17.449458419168234,-78.15317679880701,-16.609356031694603,26.476879315644105,115.77201875770464,33.65974386922656,53.15755784421194,0.7040049113638764,Bonne
14.685287401564596,-17.447386169456188,-109.67526768692613,-15.824280567443068,28.94739507480802,82.75078469826241,29.218237257276,60.498164580101516,0.5237386341044777,Moyenne
14.650292897063629,-17.382598562248326,-115.13882791585146,-10.942985741433175,17.205859891446107,47.68631998711732,16.76588878064593,87.68895785418627,0.39240359354338855,Mauvaise
14.7796122647471,-17.36738649979153,-81.55781443319378,-13.071856731402907,21.741945644835344,115.68700458037056,32.548232705653405,55.17967210413302,0.6813177027478645,Moyenne
14.677388690400548,-17.362064841698043,-99.74090324131068,-11.79101487595059,-2.0667048279492506,36.24793072837777,6.785351301409558,104.49546619474638,0.2794701071121023,Mauvaise
14.735199809353151,-17.436065573304205,-96.2209575478159,-16.61051590576873,0.6250454712026965,47.296563813902885,5.562077549669819,91.95725653899923,0.28951188480502765,Mauvaise
14.770499860594748,-17.414191553957682,-118.28679989636349,-9.71931246717608,20.66216817335418,67.84370827928718,9.82404665218268,75.50399060539723,0.44624982171795086,Moyenne
14.727962655502411,-17.53229602751749,-105.7232952898723,-7.064457628016461,10.097790973580068,45.85649459476188,8.47707716035585,91.81690853907368,0.4198086050626898,Moyenne
14.753873979960979,-17.452416797831198,-118.14779778690448,-15.388846904983392,10.6087844641542,33.857011737205426,10.15371701198943,96.19195261702838,0.25231247162754916,Mauvaise
14.776928322579346,-17.370428659151543,-71.64478250693138,-12.118800838354428,5.801268857240281,92.03848897058519,22.080523460735115,76.78219826735584,0.5709155269381272,Moyenne
14.761847245370872,-17.45886056979239,-106.61318242298083,-5.342617393707375,16.257473421721034,63.59766939547603,16.43512660449341,79.06018435327059,0.5124458991886465,Moyenne
14.722527531528186,-17.536081212913313,-89.34645567348456,-14.334615632289813,1.4807765895670908,64.58713765607008,11.65955340675696,82.50396626679793,0.38232141905757716,Mauvaise
14.69728138096267,-17.50987177151671,-117.85613736363783,-10.669351171067344,16.942069775986347,42.44411465087117,19.644965492245444,96.53847861190174,0.3671107606406753,Mauvaise
14.712720378391314,-17.464098615512903,-83.3233934781888,-17.73726019719658,1.0829599997333892,79.87012662555782,12.126173509517868,97.47903424858244,0.38060733335547553,Mauvaise
14.759437401864771,-17.50249433901819,-102.23349598352483,-10.515789965287796,-2.766088785160024,19.5966709668044,8.065472624502467,111.08918189877907,0.2524954808786771,Mauvaise
14.760936099319583,-17.471541482931656,-70.61444471732838,-17.74515517373535,6.562519104467135,95.18271465613024,22.88444653012504,65.82871564089406,0.5332247329215783,Moyenne
14.759961139906586,-17.483407624932788,-71.15349960862804,-5.570703905466491,3.0899119703446694,92.91791529420959,20.076394980863462,78.9292781254858,0.6199612711256239,Moyenne
14.7276391723575,-17.48621418943681,-102.10901599010387,-8.980722870987641,26.114707349471633,91.69054234364046,29.072052193944018,62.71209867489747,0.6215165514466463,Moyenne
14.712004269308489,-17.531767078048635,-70.44715073702426,-7.96576296610011,-3.076629114598069,81.52202168822208,20.577448009897196,76.5600066558261,0.5354802903390891,Moyenne
14.690473947292435,-17.373457061782684,-65.21132795756716,-9.142538949197084,1.1814792400942995,107.78977324440893,20.28442231226299,90.8106274133819,0.604696418906437,Moyenne
14.650436911173651,-17.41145874930692,-74.60213847318286,-10.743793494929479,14.205186195406732,102.29321801867205,29.230490028897137,81.31477754774797,0.6487833026437426,Moyenne
14.749383085211925,-17.425323618306177,-73.5320758734624,-12.701221064802926,11.837351679661577,95.54554645852863,26.641593706501425,89.0126214395608,0.6014722775757912,Moyenne
14.686009776401827,-17.42870611838092,-106.30451951400005,-6.982772683345125,-3.3951793568854463,20.95698480472106,3.4391040367099146,100.22321426079776,0.2713557419401527,Mauvaise
14.692858126400093,-17.47069955505707,-88.2813680628234,-5.604300654397118,-4.746165019469943,45.811902045350756,9.391970492353924,103.30983463020264,0.3956504771518787,Mauvaise
14.759652559230116,-17.385336938229702,-116.30092473179477,-12.013493579342862,29.582377968640245,71.79609365609514,20.93831447738549,77.50263312641468,0.5115802542859862,Moyenne
14.656792650425942,-17.363992001214413,-114.77951347480817,-5.958509311826333,18.059214512559336,46.77403779101275,14.550322262615422,80.33893291450497,0.45907079770878434,Moyenne
14.770590643089466,-17.548876550200912,-65.06090633816902,-10.833339260160756,7.789214581554489,108.25473006323399,23.939227149470863,69.83660412725835,0.6584865533571269,Moyenne
14.650177049917007,-17.5341603046324,-102.0348412815749,-11.462621383449935,11.465128668213445,54.87152658395977,18.017525768484955,70.93635705285395,0.42745969904326775,Moyenne
14.772091984927302,-17.415004876526744,-78.84988483731345,-12.637241738625006,4.329254215900043,80.84449536671269,18.147414911447132,94.48247193670498,0.4904488004364862,Moyenne
14.709118603840844,-17.502786655455388,-75.63342208352509,-16.069971338578323,7.070582429262341,89.12449691774539,17.584567897404742,79.98213848803209,0.5126578865045832,Moyenne
14.663275941269736,-17.367659000246025,-72.80872009460239,-18.947924748547173,17.71655635438749,116.03323217736349,27.74822574547114,58.126010274724095,0.6299608292662224,Moyenne
14.737640977741354,-17.41651738697675,-65.13044364288139,-15.618912824015142,25.898412960357973,143.84632503192233,28.735439861605553,51.32177981342634,0.8099897680655721,Bonne
14.766461335343758,-17.47634174896826,-106.71769331087226,-11.863875597550088,1.4445508078414706,34.32234394615534,5.176515101037292,103.22463384434378,0.2696523496252101,Mauvaise
14.70694946619019,-17.466943519444115,-117.78070452271652,-13.680560668363464,24.412652688486155,56.15027572440062,18.978545494280972,76.16967609017856,0.42657818417675,Moyenne
14.739876527523986,-17.41182349895069,-97.38446651029777,-12.721206807963128,-0.7455179668605822,57.00939077612276,7.9851665979924515,99.1299505846254,0.3180199855072907,Mauvaise
14.777317153624608,-17.521807179479573,-112.84556315940792,-5.270924926103305,2.5247278255936925,20.49763469042162,11.211825426716992,116.22474973600931,0.29363356915955763,Mauvaise
14.681291107082691,-17.37331762395068,-118.76657609608696,-14.096186810629414,-3.6988649182623905,0.5,0.5672110463309998,113.5540922627071,0.09521848058877143,Mauvaise
14.756658429399948,-17.549045660313965,-100.17652450721826,-12.669438848958489,-0.07158482674501876,56.92214168314344,9.479462603019549,114.13423139627768,0.29903170175998683,Mauvaise
14.688380824215134,-17.35421060933923,-76.894396190862,-17.130782281060526,27.105610091241772,132.79975767973286,30.131081293356708,57.167559569351,0.7250278029648746,Bonne
14.705423887998721,-17.51647090392738,-88.8600619826211,-18.32859174588217,11.08035613164325,85.01960518797316,18.56130143588149,83.2838904499728,0.44437650277324087,Moyenne
14.686629562904644,-17.401577728277225,-102.79721059343052,-8.144266795705075,-2.281694837757626,31.4181761812728,3.9638014838978926,104.54691951367917,0.2951648123243065,Mauvaise
14.707981527296436,-17.542015058591367,-84.01118969790042,-11.010435548992298,28.590439331363648,125.34594441067857,31.251147541265382,61.570073848513445,0.7541223578319707,Bonne
14.650661574215677,-17.46371422019138,-107.23900008301541,-8.35013271538547,25.764730771552752,79.50839381279908,21.10201951449149,69.09086109780705,0.5808566870744168,Moyenne
14.689447050152936,-17.423937263537173,-119.20902046603533,-16.901920815588277,21.413888230384945,37.35576515030131,10.842195736332226,72.2075659662687,0.34241599775450615,Mauvaise
14.7078882283119,-17.535954508481385,-77.9605637459965,-10.994397203442327,27.671547718164526,131.75036944862632,31.256326477572408,44.6181493522838,0.7971271057397029,Bonne
14.732191223881792,-17.461341294220016,-85.6941303324795,-15.449005359220742,2.704529729251745,55.13014746248642,17.52250540240324,94.15589400413751,0.38356767432086636,Mauvaise
14.732856980852867,-17.489372719377958,-78.07335565244719,-15.807134563399721,24.272925255353023,120.42624321024554,32.23662912441105,49.89188360477503,0.7009758352620458,Bonne
14.725892130401164,-17.45035127760656,-117.8584090821784,-18.838635803258207,19.149691872400716,38.13514865259186,13.635133877095061,81.72886700983926,0.3040569033332383,Mauvaise
14.688094137847,-17.44908469280617,-73.95842046931412,-17.175229870032993,25.441573734869092,134.01359415869396,34.907420446190294,62.120562290783354,0.7242146577197013,Bonne
14.773162561071647,-17.39295367883154,-85.92605899800333,-14.670246439004265,22.89190480099204,108.3825192840843,32.452384747496716,65.04982125086731,0.6363375182421402,Moyenne
14.700956077086342,-17.52529909431102,-89.0132557108048,-17.363697351726852,7.1273272111888755,72.78128684013109,16.84712111167789,80.30062801156774,0.4097464730878996,Moyenne
14.678196212361078,-17.533456079790508,-85.64622735370077,-5.197981834246875,22.103948795603944,106.90768367190928,30.11770697592061,74.87517408824894,0.7245734425475867,Bonne
14.722086682156839,-17.46962195335224,-72.45617142223998,-14.679142920664692,4.18597060447116,86.34184705684316,18.030704898181046,87.12792018970597,0.5126183291649414,Moyenne
14.747360727084518,-17.372496016124696,-87.71849213926012,-17.175464746167407,6.500725705981919,67.79198686040819,14.993145893206144,94.51464937192509,0.3989894134938959,Mauvaise
14.651590364466895,-17.378946096065583,-88.04772910615014,-16.212847620408592,-1.2232998971958349,61.23543001518896,12.388915540001392,79.19363120816732,0.344958851933951,Mauvaise
14.685924720961422,-17.43800141814372,-65.51264636138288,-10.77215480321933,27.72768155931641,150.0,45.157911990048824,49.3087597056813,0.8830097096946377,Bonne
14.757247120838004,-17.37224523620578,-78.37984081122876,-18.10339066589296,5.185117719009854,73.95024126991841,23.48596269792145,90.74902624947829,0.437377478157306,Moyenne
14.715912742140128,-17.388931280490258,-95.67384070018755,-6.925922178023804,13.221786281000814,57.550622311581606,20.517890360003342,94.1450366600672,0.5130272652461532,Moyenne
14.703103479595388,-17.49441210798139,-81.09316499818897,-5.539004490679938,8.696649276316743,79.71980299007454,21.159348024537735,68.60606658913326,0.6078263280992939,Moyenne
14.7710171663457,-17.515978743910836,-98.59232405695164,-15.545536110656668,28.59748422042255,103.94967820028532,32.71413360124423,69.97898463059293,0.5990567125625841,Moyenne
14.66163956262597,-17.48976869980466,-107.41184956340756,-12.69866623972797,6.726720982846885,46.572369949365196,12.498592309935546,108.07296521315772,0.31121540678915005,Mauvaise
14.73002412610112,-17.504576424312237,-87.17314677117324,-18.69011768558704,22.249103749794116,94.90616294538437,21.182785187833264,47.94085897908436,0.5788850674402205,Moyenne
14.694484533111691,-17.42545624146826,-68.94998460373267,-10.030056853818898,24.9395654120913,141.1226318277278,33.1634086335918,55.94083037370982,0.8350147544445439,Bonne
14.65920704177808,-17.433020177445073,-68.89732639914955,-13.205035187263757,10.246227411833807,124.04245061023408,27.072715924655114,77.60004501777559,0.6438218012218672,Moyenne
14.677786786119407,-17.430312523309446,-101.19520970419804,-15.219181474578221,8.236013505852593,53.762662332491196,7.985983360974585,87.39136415748024,0.35203365057693087,Mauvaise
14.731631317692246,-17.51213929270171,-90.97773935780677,-16.10428045136748,21.171103732641978,105.0520768388772,23.284796823346426,63.37968180478396,0.5764515083744761,Moyenne
14.653676001401093,-17.391627454944715,-108.36002557865763,-9.843676912777354,26.951359310718193,83.6804876983832,21.84049773399864,72.37293978169306,0.5708948864888971,Moyenne
14.726992346000616,-17.463274783291475,-65.24028897756142,-13.172961565547599,21.422610657528338,130.655140403379,34.393228599385836,50.446621092077905,0.7846254671015108,Bonne
14.774390554758249,-17.455509615926694,-66.03851506726353,-16.48476995358123,2.9494227957152965,98.11351858910596,21.088825058779847,79.85014523892238,0.5343022638222515,Moyenne
14.753362488108134,-17.350607630757754,-84.2770088660904,-9.352472859184463,26.090771160319687,115.18866307462048,30.899225427591656,63.89705357188449,0.7373019927266002,Bonne
14.6949276203134,-17.49354564280745,-75.75722671773897,-11.088988037486288,8.565358360289158,95.17649840459279,24.95664405271471,92.13159472119263,0.5761149958469269,Moyenne
14.66796699402701,-17.47117239917846,-80.6694911293965,-6.978591230987053,15.1680294122277,106.52855553198991,24.587627096919007,75.36990401144578,0.6724816330156075,Moyenne
14.710458376408686,-17.414707358419182,-87.37629795282925,-17.3553374157291,24.100246675244886,108.93026492888332,28.134577992967483,62.64686469674642,0.6121652247955134,Moyenne
14.701083556703193,-17.373917395961954,-117.06586016561063,-8.000667572777614,1.5938168590172275,0.5,0.2,102.3171135946145,0.222661410545409,Mauvaise
14.7763252848031,-17.524643798663195,-94.98796115960364,-9.570764984558373,22.45785474871436,78.93345334136072,28.54775052419625,59.218785548413095,0.6122641244674052,Moyenne
14.778682847086094,-17.40299083871457,-82.88675338079241,-17.38984688440663,15.865697926873711,79.32486778659197,23.081132323691794,79.96368785574099,0.5245521130970725,Moyenne
14.703376005322093,-17.36634389480089,-82.73576123639734,-9.27250978179591,26.26695746396629,119.28604275129979,29.168262808033507,55.229753297810916,0.7579512934135717,Bonne
14.669341917858892,-17.465415077314628,-99.4782559867689,-12.818337955682374,1.0189640645240035,40.848794147282966,9.5351569744046,108.54429170104623,0.2982459324250047,Mauvaise
14.768379241453577,-17.492654615413297,-68.20694073380832,-5.770213002218197,9.723878296432495,111.76175701427658,23.633461763520643,70.44327869124457,0.7152595561631777,Bonne
14.753160495836708,-17.414452570645015,-110.79536322697705,-17.01744109134941,24.14950825033931,58.2754728731007,19.54842042641267,66.85429261077655,0.43500768458968675,Moyenne
14.71646564686524,-17.500785269752342,-92.48023045814416,-10.00033252857967,-4.326890379013394,45.52297950408805,8.378476597297373,107.04014134740376,0.3264652387965425,Mauvaise
14.697496103591968,-17.473142050690544,-82.00138128970474,-13.652279363518756,-1.0729521632025003,70.18184745284518,12.569002163022923,93.79046709470343,0.4058774792040912,Moyenne
14.708261557587964,-17.370617325182042,-81.65753067595048,-5.604594611727711,29.669782446485712,116.48057020621434,42.123540101859234,41.56396454221183,0.8386037666946013,Bonne
14.767244552789665,-17.431933489481725,-84.32485737771515,-14.38035146593613,4.81379625066227,60.547029347617816,16.631471663305692,101.74581770729942,0.4209226591107094,Moyenne
14.67400364820926,-17.53100454668003,-104.85914826014769,-5.529397267114797,29.144011780338367,86.02641802861015,28.55362101182283,57.36913003441964,0.6673576399155111,Moyenne
14.754881857746051,-17.484060493710725,-111.40863872223579,-6.379198084589513,1.388604285303587,33.716780931713195,0.2,111.6105735949748,0.2961540454420978,Mauvaise
14.652364782267531,-17.424546966976525,-85.0232820245309,-15.21463470565081,7.6383055052567475,90.3349735064001,16.006717749349715,90.30170223885132,0.46980175492731163,Moyenne
14.769674359108471,-17.453700472569064,-87.03838361233093,-7.750415124430013,21.35043055762497,105.24284385787178,24.221126041271514,55.20096772555911,0.6946249334243656,Moyenne
14.715038646354007,-17.417932136649682,-110.13541943409174,-5.061541174750916,18.022244253336247,48.97430209607592,14.205035005495375,72.31069563373866,0.5012481272023352,Moyenne
14.679477217424353,-17.397711716463935,-81.21734699361902,-15.462717969602046,15.339283997516944,105.70381938179023,26.558041332006212,68.6607338330038,0.5837079108020324,Moyenne
14.650371345366233,-17.45387697595906,-94.9655404546489,-12.885119629473525,13.546471153175265,68.03212941497507,22.351285851427797,72.84426123352011,0.48050721425272536,Moyenne
14.722741040936821,-17.352609662739614,-83.27316746182659,-11.717469688065364,24.520415528265907,107.33639007803612,32.05257377205036,72.9559945932792,0.6900864814145652,Moyenne
14.68178342317278,-17.36706522486522,-73.9448106126417,-14.8709640987459,3.2231996991687453,69.58848670387064,18.695622204294597,83.16128010246442,0.4800819964538704,Moyenne
14.73206436368141,-17.53801851878627,-110.66493642826923,-18.786292244955582,10.486482444773145,39.66163054826982,9.715244845309712,98.2361383125513,0.26012040429127253,Mauvaise
14.686552006588766,-17.496713772449958,-118.94703226017398,-15.918190581234626,0.44083022547600503,0.5,5.017919120331836,113.01810131341351,0.1105531338000082,Mauvaise
14.66144312379473,-17.489891297538044,-77.14935774823172,-15.052883619215383,15.857955850574655,107.33344656538341,33.312060245985734,70.62825238787059,0.6150517322626807,Moyenne
14.715656711879662,-17.513141928666,-86.46664161660613,-12.78960418154538,3.7690548494962055,48.1499573808655,15.780180943186272,89.95588162409477,0.41279187965637787,Moyenne
14.723383145717458,-17.487596699389904,-81.5198236707833,-16.604565302212375,6.684472252018503,82.14385764437489,21.965281483853513,93.22270516133615,0.45570524948848,Moyenne
14.708836703320141,-17.46503587341291,-73.90147637562467,-6.774439006316584,11.493775081823486,83.906071013312,26.21023687519423,66.5636354677981,0.6633401750221821,Moyenne
14.709544622062872,-17.539689804201508,-75.84539858465247,-9.131244141761295,-4.063029500390526,77.64028543145817,15.876504564495033,109.62935314729303,0.45916517606791846,Moyenne
14.726654516627002,-17.52453995277352,-67.14939191891465,-17.80719331416473,-1.7821722427706819,92.45681912538441,14.756551924110044,78.41448205935778,0.4688179942413272,Moyenne
14.718425956223319,-17.530750824241306,-90.5235706631335,-9.89870568404096,19.007522724787687,87.89565715085172,23.157607334828285,76.37716878868672,0.6010507021641516,Moyenne
14.667233780052145,-17.540736612170672,-93.1327402037052,-9.848809330321314,10.013949325112753,72.20399918458331,18.59971377641886,72.64889315699122,0.4970595592206561,Moyenne
14.675621134043054,-17.453700595939676,-97.89620400600984,-5.612903568989212,25.26765776999634,82.28717462846753,30.06116186913993,62.15292650689387,0.6642882929042702,Moyenne
14.668432835385778,-17.48323938335477,-111.54699264356876,-18.957707801013743,19.31352012754698,55.57615688594621,15.023613999120796,79.90369801552791,0.3572690695255396,Mauvaise
14.740128425688567,-17.36291055407006,-88.50660219148877,-15.5289457027187,-4.716467042343714,52.464034497464354,2.6212649702179496,98.53746205481504,0.2981747129572622,Mauvaise
14.718717793581705,-17.52944789291165,-104.76431116207117,-6.010919288745583,16.58493157684972,36.316220185447335,16.44714991774615,78.47167925840729,0.49128794578074053,Moyenne
14.70588116605902,-17.36479293285287,-69.32808682828636,-5.950125184424037,-1.7196296879099253,81.12519813867316,20.561820971607577,78.50935705235642,0.5731154275619854,Moyenne
14.75378406938547,-17.53269087652011,-87.92450576475963,-8.911790128811077,22.3326612926673,101.01250974415223,23.107599113937688,56.4006980346192,0.6807372025136126,Moyenne
14.692353305768904,-17.426156530679116,-87.39379007205395,-8.279313505334441,29.70276908974757,115.2657461150373,29.673352161209664,57.72944646434473,0.7669483072652553,Bonne
14.723853866201825,-17.50045393252474,-100.47914365176445,-17.71923858898494,13.591957798452903,74.02618599872548,17.814425938952812,82.4242483252795,0.39863616734020935,Mauvaise
14.659672988193726,-17.384638870701227,-117.14058564122608,-11.80573831310473,18.897282506794564,35.66436042412171,14.880979022042673,76.7328438224673,0.3820211620774299,Mauvaise
14.746772530897264,-17.53770503459201,-118.25409290448563,-15.75783812195401,3.3059956313163035,6.610759377445201,5.708663870011124,115.18017002821308,0.14527880593230838,Mauvaise
14.740375017826027,-17.359498368846076,-96.71656707157413,-16.462947389409358,10.315921031382775,46.886725830621934,12.684165965580258,75.32071853835076,0.3821354863858613,Mauvaise
14.754309351808594,-17.54054855993342,-115.34890420465192,-7.655753812273344,24.963336628273428,71.91582931882377,19.127283385657222,70.06561188559806,0.5289491293636781,Moyenne
14.764981874542151,-17.501777346339733,-86.62341744529235,-17.109466086472334,0.8598031711187923,58.489475544370194,16.869222321140125,89.73156318538746,0.35120512490877775,Mauvaise
14.748543674748404,-17.457163054786523,-71.54648468981884,-12.438877082050606,4.293746196481674,89.45119731597767,17.385664115190224,87.10497445743249,0.5456315432698395,Moyenne
14.759783685716547,-17.398788422686756,-71.43968509147028,-5.859904645795538,10.590178635011057,105.31303115603693,29.839972151423947,73.7069177312437,0.6954663694812051,Moyenne
14.694935097865024,-17.359777456491326,-83.75250244272722,-16.398351222085203,19.92871121454049,108.5680549038873,24.43447103755775,64.92310842659379,0.6045490815471667,Moyenne
14.694633857061943,-17.464391513741127,-108.3822492689888,-5.308092067664715,8.155938417848583,40.840960306545206,13.32351438048076,78.59996475511903,0.41127473324444913,Moyenne
14.772759106586976,-17.398537981236426,-72.53517427526204,-5.079968199345174,27.470629792405134,150.0,35.7232543277025,57.102222559557475,0.8982937828336833,Bonne
14.768894689722407,-17.404567489110953,-71.26486105777354,-11.221359834446359,-1.694003205594829,85.09321689782551,13.436771612945947,88.69818544517695,0.5034688124446463,Moyenne
14.72130465434368,-17.43576622094182,-109.18405282758727,-16.61800163751979,7.978146914069663,32.62144058788832,8.879587208735424,94.88870623360009,0.26512104887473714,Mauvaise
14.697652642085444,-17.411816164779836,-79.44156528261274,-14.57453156882746,19.813394319994767,106.08527375935628,30.699615739618856,58.02144656843203,0.6487341053312657,Moyenne
14.762580198933643,-17.542386663386765,-104.24142480900824,-13.057100342528507,2.909536798152236,31.466579801655996,8.53161509084921,91.58865954410399,0.2878332927169849,Mauvaise
14.692043447215557,-17.461684519820498,-75.85478282058887,-14.669460858984879,17.974459698038554,100.98109320403734,32.38835603575092,76.96471075981651,0.6337859536593405,Moyenne
14.669972560776278,-17.392827861187996,-65.15191550530184,-15.07110188172878,0.7475935379571084,97.05584437683378,25.027365232518974,70.08582239814658,0.5408637571988314,Moyenne
14.733134047750712,-17.455155770999454,-118.3485697068834,-5.388784070970994,-3.0406900298409765,4.993796288287611,0.2,105.08023018761271,0.20657665293632319,Mauvaise
14.655540835265287,-17.375299083154612,-70.64487738149874,-16.85289241617956,-0.7644499137972902,79.46789981887166,13.9703705420863,100.70436192234328,0.44085085741154556,Moyenne
14.699283247801644,-17.38327242468706,-85.7553206520738,-8.73340927796393,27.549467409694714,108.85584926059106,28.355883637697943,61.14661096784985,0.7438752232760584,Bonne
14.7549962960403,-17.377310793965528,-66.46395594593483,-18.994255947851553,14.311280902884295,133.76139786803324,27.057923762797756,63.26928665769331,0.649183467476759,Moyenne
14.68837810544007,-17.52400066287436,-94.42447653604648,-10.653442628366724,22.872102141787714,79.81072891932708,29.27454827409436,76.44284195702733,0.5966828225934884,Moyenne
14.771071012279558,-17.501171775086785,-73.39366381857445,-6.176797944643267,6.6429075316767925,77.9740395599586,23.6433387876729,83.30195910517907,0.6138435801925411,Moyenne
14.774257206660161,-17.544080545357573,-116.56832622709476,-14.968922682694934,15.743052675990633,30.096735216741116,11.586139974942983,88.27675379160111,0.3109514950814404,Mauvaise
14.756056119099465,-17.35343985462739,-101.55965224569374,-16.40263634639193,12.323324679674705,45.67177880467568,16.04714121791098,86.25368509583693,0.3650675734977618,Mauvaise
14.778393631468967,-17.50277237211665,-116.31409042368345,-9.876482871702022,28.100828579080293,67.55751195073537,26.17356487256481,72.72208641766109,0.5206544393834432,Moyenne
14.718999334496488,-17.476581333103553,-66.35612765865112,-9.023580297822496,21.165112261893864,132.63917150048422,40.314966455735174,60.274640290121226,0.81622161992845,Bonne
14.723995941778066,-17.495014710554315,-75.06643510004898,-9.367572734672262,20.568992102380268,117.76754817448656,31.90319518697745,78.55109127485733,0.7328596934645702,Bonne
14.758701685985162,-17.54204127543092,-73.10989183147163,-14.529563679700765,-3.3776355698002165,84.18138616269597,7.069349407982581,92.06899862850116,0.44036979295097634,Moyenne
14.714064683252452,-17.49774839807798,-68.41191227113582,-15.469166369769368,14.238438415129188,112.64594708002528,29.914598879972814,65.53916923564462,0.6530739980447707,Moyenne
14.7028736008883,-17.53036086675846,-115.31930826341181,-5.61713680053138,11.344700886563519,38.84729301929208,13.38377711702437,82.11596197678068,0.39311962036889164,Mauvaise
14.729917966852689,-17.471143382723085,-98.79213241176666,-6.073806884220987,27.474479331216806,105.09291595605592,28.328786135301655,61.57700942702332,0.696568460314388,Moyenne
14.735495736410355,-17.356635176332645,-116.09308110257989,-12.597567461500516,4.006969586633629,13.01040131477216,7.35184508094493,117.53522427123241,0.2017641397879339,Mauvaise
14.7476164568205,-17.410347525587238,-108.40637941474843,-7.153285873838772,4.444170865188301,36.49367956975478,9.239882933851014,106.43691154485043,0.33665278491534734,Mauvaise
14.736866090643812,-17.408619842038426,-107.38488226292802,-12.667471313119854,9.397118710852514,40.305394274495555,8.289338053126357,86.81788887212147,0.3424889311139775,Mauvaise
14.746943833384233,-17.45936481334175,-94.19910339238317,-13.058553746984854,3.5179399692231605,60.290189202121255,9.834156491031717,93.70481148583028,0.37522174492529736,Mauvaise
14.737692757215537,-17.38773919786211,-105.22908079004966,-16.805318733609873,-0.4785628766937675,13.581523402917847,4.87137114840651,93.65156737821367,0.1939854128693872,Mauvaise
14.712457881005022,-17.36834316661649,-114.44620412502314,-13.03031520911238,25.00951963277803,48.29639429201394,23.646736633901575,64.73450961598473,0.4566188490623886,Moyenne
14.667541495963741,-17.357689998783236,-110.78799009982407,-11.476162859602702,14.539678354137056,43.60963181931287,12.10432610799565,86.69457507003868,0.38415607327866524,Mauvaise
14.752107619761583,-17.530201955450718,-111.899844004635,-18.68493941599839,25.14769516347984,58.95425704660202,22.806149112316575,67.19251975065036,0.4201263777464021,Moyenne
14.6540012896804,-17.374071198270705,-66.48077611482358,-12.78241792754431,24.08971678912936,137.02844130761954,37.50560789396588,43.833947431862164,0.8156862294574873,Bonne
14.779025011928974,-17.50498342328483,-78.23891211948396,-8.061012942467196,4.871482417638489,80.98060157257713,23.785010245764948,88.30616118697704,0.5517137187196491,Moyenne
14.757699603692158,-17.470546619601834,-66.77311941017409,-9.479355210760222,14.17081055134959,126.58742636009323,29.423936257995532,65.55076826946232,0.7395434955147429,Bonne
14.73721837903757,-17.480904561057596,-95.81427324206503,-10.10780215590491,-2.087380404097534,35.679690051766904,2.7395628275801913,89.4983525511375,0.32817512678832583,Mauvaise
14.775658880341078,-17.41497399198264,-104.68973350855389,-6.266224001879165,27.033815941076547,75.50419443262679,27.222875825450053,48.661862031999775,0.6375823770515652,Moyenne
14.729621136589307,-17.430415091953243,-76.09387415349474,-18.74755186244678,9.149195027280358,92.12669697954847,29.185746200275105,72.8732783422861,0.5070160865741108,Moyenne
14.657336274496766,-17.528179025046395,-102.05603450773692,-11.201333793308722,8.778666436115747,43.90891197062579,15.562604462172468,76.92896137038736,0.39215910623158645,Mauvaise
14.722719682621888,-17.3934354740971,-103.53391444620584,-7.9771161222641,5.596437971628362,33.71317736820508,8.317651748536587,79.8039570887477,0.3792544898674865,Mauvaise
14.686036544135403,-17.4620709196397,-107.21217042856928,-11.421304642182259,11.123231064874634,33.08163789256574,10.016164457876101,97.70470681324838,0.3570963951644841,Mauvaise
14.698032078637977,-17.549555631334073,-112.86765619766706,-14.465462263874691,3.8115785290906814,22.30396645191599,3.305518800657789,100.67254822930087,0.2182047766170106,Mauvaise
14.709746070260504,-17.467099346627833,-105.89453164407787,-17.09249208871231,8.119829547888159,37.669309648067504,17.630730249240592,90.16120684698758,0.2873940233246103,Mauvaise
14.750698097030542,-17.446733684850564,-100.45741383393617,-6.5741169945733215,22.998146700470866,88.94891979712762,22.956625526887635,67.50118431540608,0.6236626301435831,Moyenne
14.715380797868225,-17.536225062958355,-82.93031855198483,-12.409326506573558,24.198942625481017,101.8371749761163,28.92571816315794,50.337466466375986,0.6913681363759434,Moyenne
14.71170843780726,-17.51977294811676,-116.55893367793016,-6.706387242200181,5.646386716998064,14.80591774113183,5.68153398224139,103.83438807138461,0.2873244678624543,Mauvaise
14.68925637790644,-17.35128556570183,-108.42211831840613,-10.798070285935644,11.415505069347578,59.01666676267472,12.09239099128405,87.76264353233583,0.392242467171532,Mauvaise
14.720183391440852,-17.375760919595503,-75.5036997839578,-9.56131036738999,25.58369216980183,121.2942185700926,39.18524067383856,48.10022661722316,0.7952092432890459,Bonne
14.68229081107659,-17.52333451613067,-111.91929420289262,-7.740343838701699,-3.1564333859606,7.532067066392361,0.2,105.92165965544652,0.2174353770769025,Mauvaise
14.683929196003069,-17.43393812006075,-101.15451694126132,-9.771822375598118,26.120073669852488,76.55071667695778,29.421900334436618,55.13175978007577,0.6082065744024194,Moyenne
14.748443640768787,-17.47415134055653,-72.4437592978023,-13.427232230494873,2.671452097831609,77.40109328715145,19.880977003604578,81.6097157638321,0.5078558224662455,Moyenne
14.694531144386183,-17.44125191826002,-111.47910788711066,-11.809132624998886,18.748873547503155,66.36175155161962,20.727603263046532,78.00015253643527,0.44144602405730593,Moyenne
14.656681957482085,-17.455892961286523,-115.44947404099956,-7.7573626545376815,15.38930937346101,41.88282881831995,18.113057778275014,82.94896356256469,0.4066269080788291,Moyenne
14.694678047166347,-17.540370214994862,-93.35041027059941,-13.768895850778222,14.352926186623822,77.07958561912963,20.628797637666167,78.35482441922908,0.49213420344303666,Moyenne
14.73301438702266,-17.486915937801843,-103.3669268796805,-13.566299605241042,25.07760786634875,66.86091015631085,23.43071026975845,66.77837244487394,0.5290941345177433,Moyenne
14.755818126268052,-17.524895883594375,-89.01253995338803,-17.660338375187983,-1.4449749724368557,54.658663239233064,11.032665031203699,99.92475624975307,0.3018898289199858,Mauvaise
14.775051768581006,-17.452206381541853,-75.79073102340887,-6.195817906895533,7.145980886397261,100.70709460095006,21.19111874626958,87.64623201495057,0.6247138132836452,Moyenne
14.747008654791747,-17.368536656004093,-112.45683315159913,-17.725491590763816,13.838846122066798,51.69689237304332,8.356401315170878,91.97537816503073,0.30665579118742503,Mauvaise
14.705750709224189,-17.350893445486093,-88.06155034951433,-9.925071515720218,23.395109888111392,108.4322500188977,33.21247542070317,70.51126253800818,0.6762524998276064,Moyenne
14.688885506296645,-17.361149386303506,-92.19701817855749,-13.215277296760831,2.575507919408503,45.38020031450605,13.271254233234401,87.10107325456914,0.3658775431056736,Mauvaise
14.666851898722216,-17.35286057500504,-112.07566676927402,-13.321328536423806,23.102544448099668,64.18144272597743,16.456000189270696,70.02156866612452,0.46244589370312017,Moyenne
14.731599236477994,-17.54695073684393,-85.68008329590597,-9.486274287982425,8.987346887287751,83.65923185534821,13.100543706939106,87.2025253125226,0.5345480808731111,Moyenne
14.716284830834171,-17.404110604311196,-104.94977701765757,-18.0606877431817,1.6119849751793396,16.453800339629602,0.4131698276543423,106.34244206415153,0.19438918114635048,Mauvaise
14.738101197137738,-17.495410237964695,-93.16911248007932,-10.688119038679915,21.564525415521892,81.77132288305467,27.79741973290007,62.30680009400999,0.6033355512926784,Moyenne
14.68082731033916,-17.376876404346174,-115.4750221647616,-8.191554996387033,-1.818538448390826,13.160643997071166,0.2,115.40238520814381,0.20398185614631142,Mauvaise
14.692073741854292,-17.387253301875194,-94.72287685325074,-7.405021389587681,13.016858092640504,78.01319174813018,17.594091761895193,72.85343632109858,0.54598157727044,Moyenne
14.687972395434823,-17.46526508482341,-103.14450925764488,-16.612574548487146,-2.7643475648339058,12.736974863364745,6.428841258057027,110.13356154984201,0.1759959344772823,Mauvaise
14.753694739482674,-17.45534786497937,-74.76903338480551,-6.436133298905569,7.474624930522564,100.20206478102914,20.514931298378528,78.97122051350576,0.6358071618533606,Moyenne
14.672259875932236,-17.496981666201492,-116.86617001514475,-9.813954714135809,16.037687965223743,40.16531409793036,14.962795318516497,75.06152852425122,0.38596286666000745,Mauvaise
14.729101375213185,-17.49223919275594,-96.97659987949186,-6.654032788510442,14.464043952052457,76.31593974582597,19.468813001744717,75.91721783882265,0.5503995262313761,Moyenne
14.656676152048684,-17.353765115327903,-94.78627167277091,-12.206069960457224,9.162939626663329,58.113046822144575,15.986473903746804,103.28384925298218,0.42097530749751755,Moyenne
14.721438584867224,-17.372229422265967,-80.12466580354847,-11.41153316863917,10.01667978902405,94.9828956838629,17.249791604000404,79.6549908094031,0.5694007913235447,Moyenne
14.658308816847898,-17.511626205577006,-88.41418337003839,-6.133464121598603,2.9369343672768284,68.32038720137339,11.651695808263765,110.0782742160758,0.47310775114391684,Moyenne
14.672863956802438,-17.494895064427013,-83.30332145432004,-6.401266393034595,10.955890594843602,83.48545523369742,23.320567004139104,66.59683558266269,0.6110024740339416,Moyenne
14.664693289266964,-17.528270401387548,-77.26228928915341,-12.725747772833973,28.363919950229196,131.52396847828388,33.766877269364585,57.064476591108914,0.7797963575013386,Bonne
14.695074296004845,-17.352225843404064,-72.57883644879962,-15.158223157100455,24.765852122432666,126.95950924586876,38.54961239597647,33.71359389609717,0.75944244215975,Bonne
14.694685084302005,-17.36855802989389,-102.73684768026412,-13.495613916100302,0.08315041767203368,44.7267713683821,14.139512576258177,102.11328699205974,0.27335932163129284,Mauvaise
14.757434506494674,-17.439580402602523,-90.40875120498534,-13.571299400583504,-3.9576724437677675,43.427602549383266,10.555722270141663,107.27441848472884,0.3004170206444737,Mauvaise
14.679339368679468,-17.411421379210577,-73.794055685844,-14.983863750240886,27.67335094508207,128.52061262281188,41.02192184560752,57.16775449548512,0.7655285248866568,Bonne
14.661230276430617,-17.40041061208187,-65.5801877969219,-15.239885539338468,13.436241245826167,115.65955592588709,31.614484858043856,60.306188967814926,0.6706026348510299,Moyenne
14.728456532805836,-17.509237754507957,-71.07643789259302,-6.945118889283927,13.82432381022577,113.8328680121803,26.197487336733918,76.94306709316467,0.7199040706799498,Bonne
14.739368590948,-17.36306673253377,-99.56930055565928,-18.021933110414736,22.32512984972828,87.40909812906148,24.37879069475132,65.28128538006953,0.500023106810984,Moyenne
14.688327070082789,-17.444651457255677,-109.26584155297422,-9.513443450605681,6.014114085496429,21.589682769732498,15.006798154598847,95.43709097024423,0.3125632800981686,Mauvaise
14.72836583512698,-17.531509692499917,-93.08341044263761,-16.580519279609668,11.866764909260077,86.2730120895758,17.156880553676533,77.80748607136975,0.4517143942999078,Moyenne
14.750887353840863,-17.470583478433266,-79.20972014901767,-14.176917492483115,28.903201960135817,131.61928201938653,32.390857423304666,42.08877651700916,0.7683272911786572,Bonne
14.695181882079895,-17.429670688764688,-92.90870110856864,-18.138397522112285,18.52520404263425,88.83726398445712,20.047014172499143,84.43138653853481,0.49119645538470413,Moyenne
14.718295999191305,-17.47943536170666,-93.42505251774824,-15.220369084023531,0.38107611985250767,47.162046608945516,9.915396751184224,97.8919096024578,0.31347458766179587,Mauvaise
14.669062325577402,-17.410159114449634,-73.89732684050097,-8.24210500435861,-0.33706382054763484,79.8544884688621,13.889574665512129,98.42423345626115,0.5209386442187871,Moyenne
14.653074084139124,-17.37359000391841,-100.12279215130475,-6.609785456338379,2.149266541655189,38.90352132267308,14.483567608513681,106.40397324388668,0.37042039906222823,Mauvaise
14.777577836725408,-17.395621575123574,-72.71129288535948,-15.898619873366862,21.834908604725115,134.2029870566268,33.48455311720562,50.40768803761275,0.7217788392532823,Bonne
14.688965010569728,-17.42146839598054,-97.6257359476552,-12.510330250375095,5.338195134421561,50.64921045820232,15.482907941697281,102.18712596962746,0.3627111771383242,Mauvaise
14.686257266593836,-17.44756850371767,-101.94717918769133,-12.41546332887911,-4.251390366372208,30.323416396122,3.4465178561083922,111.85549109577677,0.2311882818955442,Mauvaise
14.776521867312502,-17.499107302842418,-95.03055488401655,-6.769945719363722,28.046102722698166,97.06948195574762,25.950986103214564,51.171990970246895,0.7134403995844848,Bonne
14.744670358089206,-17.459010767000514,-78.06541727288223,-8.320813259738724,0.9399695738218732,76.73385401024247,12.4069008198667,93.40428702017842,0.5085322997824281,Moyenne
14.726088725432263,-17.491409418572367,-113.06988846748031,-11.816918942847302,-4.665463484817599,0.5,0.2,105.22935561016622,0.14797674321871554,Mauvaise
14.740912041362137,-17.363195323782055,-109.19694312703905,-9.609539193395172,3.299606083416304,36.69663471126252,8.133370646007878,113.37084283421387,0.29179339836915474,Mauvaise
14.742290453670401,-17.368537768602668,-67.67053458852993,-7.137029245268865,3.2260075491346782,90.74212837201554,23.13316697371264,88.4456239554267,0.6148237209891705,Moyenne
14.749233664438087,-17.518834723339285,-110.34796049402534,-18.86645464364237,9.770183779600307,35.34899916526692,13.026930691987399,91.40913643334268,0.25508948144832766,Mauvaise
14.658734600084589,-17.38547595576116,-88.774997513792,-13.359539565299318,27.21364410250129,106.99010913191822,26.51228369057813,67.96807608344207,0.6685467078964582,Moyenne
14.703668084571776,-17.409417060648853,-88.13770433359342,-6.298595658120899,25.771472122268428,104.87723577603789,30.19060641113539,46.92600482131294,0.7472295229857018,Bonne
14.688366941318293,-17.35495765588788,-93.07065458723653,-8.635617568184681,10.991309424384978,75.54247220601134,15.041001998859517,76.49923096915714,0.5195456446296345,Moyenne
14.659174053007211,-17.457338686279964,-84.53901132827498,-11.400220759322956,9.381496674713228,78.51341197346584,21.1827916101566,78.88910197920224,0.524040429541363,Moyenne
14.703637869590036,-17.405565125717125,-107.35953008113098,-11.584976621508133,14.425318026619795,63.490831159645495,16.959118256730367,102.00182075064538,0.4103870400628928,Moyenne
14.730102553103709,-17.446423215974328,-89.60357527227885,-14.131218633537872,3.520890419011801,54.167902186108215,10.58685280693135,82.82849907892171,0.38994930136538025,Mauvaise
14.673204698396674,-17.53611990066153,-99.53047096142066,-11.712712529018797,-3.1735252811773007,31.806168562771923,8.846956288267702,91.57319979236215,0.2761429229114023,Mauvaise
14.689653476705422,-17.540647050052648,-83.6083007203946,-9.824635207511655,27.872844765992234,113.40529039281286,40.26455490864119,43.04666853580228,0.7632824100285814,Bonne
14.73309220684923,-17.525577711424045,-112.23270511447677,-13.142917461996896,1.534464470701046,21.641112507043314,7.297185552177849,111.6061939961779,0.20836819741567372,Mauvaise
14.725312205482437,-17.490761787229516,-88.6017420738288,-9.001855950509565,1.9440255236000734,59.13749170587702,12.861706022026656,88.39561003587201,0.4381135007996796,Moyenne
14.762942110212519,-17.498177378837624,-109.8101304539172,-6.942748818354598,11.536111509888165,41.15450489052927,11.692095288421472,87.99130927547039,0.40899767140045484,Moyenne
14.752860026054549,-17.404334666258823,-104.674631528673,-16.834412125411944,12.206467069411573,61.97386027210723,14.281213968535024,92.11719142412252,0.3548420489370314,Mauvaise
14.775529436797184,-17.406815453015575,-107.97096098220293,-12.67834168055606,-4.354802660474032,8.505026040866136,0.2,109.41897914299167,0.17443429637544955,Mauvaise
14.727635130314738,-17.355721084030126,-109.94392210721506,-13.287718722008865,0.17841585708897423,24.144285392856347,5.40171298239316,106.85815558438665,0.2133462842888637,Mauvaise
14.740800757633512,-17.48792183491152,-74.58589766416333,-9.375492743303807,8.235418649625961,89.52313196877594,19.244341098818094,82.31578902027472,0.5989253909324745,Moyenne
14.761865813645873,-17.36230958324388,-104.28608377865103,-15.501855486388989,18.930574272868867,67.47628772331397,14.082179308686646,72.98052258269482,0.4471342041416357,Moyenne
14.759199017827285,-17.427429879302455,-69.00819199745528,-10.036487190668133,2.994645989117755,85.11076295677397,21.602190038713722,81.53064553465255,0.5734573081187626,Moyenne
14.74343381346341,-17.450938257801976,-66.6540411060145,-6.715150615759168,9.805505618461693,106.9990041862448,26.59863874314557,74.20225385042825,0.707036512688435,Bonne
14.715033307218617,-17.41643172443736,-88.58067415345965,-13.146157602889282,14.50707726507634,83.76986410468835,20.438208082530974,82.49682938237574,0.5300733782148838,Moyenne
14.685516895469995,-17.409448909682883,-112.13493825338504,-6.24578020029092,26.100737311815223,82.08927293146048,18.17519786175479,63.58073586403676,0.5858325558723578,Moyenne
14.764038048011603,-17.515614194228153,-99.39984661412304,-5.095707654931303,6.412467581449317,50.65162688256767,13.568013072813564,67.58786898768808,0.4647532321094754,Moyenne
14.750965207490848,-17.39965689929295,-76.12472551584823,-17.51471130072867,-0.3254606947780765,89.17439176043551,13.157998467397112,96.14843664990619,0.42037640024953343,Moyenne
14.758927903754602,-17.404965447106605,-99.79350992166113,-15.73725536821198,12.124527906416287,62.362675279536,16.142608009314003,91.35446774576539,0.3934165613584914,Mauvaise
14.668302611359136,-17.350493543210245,-115.21405299334661,-5.6946834792506955,21.135256058942172,49.309948073395596,22.76467625596754,79.85723866152831,0.4887503976840793,Moyenne
14.690925674164605,-17.367610443865505,-89.37682989894967,-5.583412389260586,-1.15490850315433,64.06442434628245,12.863242891885738,99.9827911105957,0.4411517836390364,Moyenne
14.705235054926954,-17.41306795366314,-73.51835316771809,-17.63209814458538,9.863922209393614,104.24278501025383,20.065923950729108,70.75928867920072,0.552667320156699,Moyenne
14.758985756399072,-17.40752725738067,-76.22404870710737,-18.790020994720088,-4.37752005581308,62.522304335229606,9.432764200406353,100.43081736861603,0.34193165966785183,Mauvaise
14.766075267452905,-17.360802873233084,-110.36822729283057,-16.74459967441009,-3.8254286423462105,14.487727992697991,2.1487776760982302,117.84663693853197,0.12269300338875466,Mauvaise
14.687036052853188,-17.356564345403168,-82.99794620731433,-5.055821032648524,11.903367712583297,86.36946887347135,18.15711418007123,77.13633172702271,0.6310625585181998,Moyenne
14.73923579174455,-17.384606960556976,-107.87226551103942,-16.480005367450385,5.4369054352825295,17.578685932427685,3.045364432131114,116.86083851063033,0.22228187122625007,Mauvaise
14.660115846799833,-17.39652129089857,-107.99858559963053,-11.964333505891677,24.578755465189424,79.04770068513189,24.00273989965208,57.67917716719752,0.534971506982579,Moyenne
14.703244525355938,-17.527726835327023,-71.92605246821482,-7.122151829972845,16.0754007144259,124.63598467802203,30.041469399185544,67.16485597735118,0.749989896820523,Bonne
14.713266984007745,-17.383935561703876,-106.26820759928734,-18.714377450365113,10.887653661004663,61.822890643159056,14.779279896790094,79.18315459573427,0.3231749368608666,Mauvaise
14.749532265936885,-17.499360864308844,-105.52139594150938,-10.537154248381567,9.277737986900371,48.546252410796896,13.351033556755688,97.53456238367382,0.3755513734321422,Mauvaise
14.765956390788824,-17.43724314079616,-119.96406350812852,-15.12164371582526,12.403591806634715,24.87848825679069,9.499159901782136,79.96699662503178,0.26249063578913867,Mauvaise
14.69384682065718,-17.468925505912434,-72.11320312309653,-6.927311169843758,-3.584640907556853,82.91818829465089,13.264564628596437,82.79806633423145,0.5304020744725767,Moyenne
14.718606055692447,-17.480878539872553,-76.40728527349759,-15.031543910302892,26.247767474723098,135.40171290705155,36.17929228484584,48.57090838406795,0.7511567305962231,Bonne
14.734168268907778,-17.48794999970659,-85.4969085700127,-9.385419916053275,29.94061045068854,133.64272579744684,38.62415978119298,54.68341158438496,0.7878901033642006,Bonne
14.692729339763085,-17.378914583868504,-78.73538298336368,-9.560925145736443,1.3520493700544538,74.49692668385912,14.885363492530468,84.77428211514449,0.49863955011346794,Moyenne
14.778119967712625,-17.396172775865633,-111.63732879165295,-15.89909031596504,-0.7865962328883089,13.318716807872615,0.31409692927475685,102.65450258149471,0.1598358737422223,Mauvaise
14.763850669344103,-17.44531024951826,-94.79220229768335,-18.5128112018431,0.02521122070083326,39.179323177271755,6.4350187920676944,97.17407168556765,0.2601868061113304,Mauvaise
14.68853236775266,-17.417103901227108,-100.68293369581706,-13.27050596700444,18.13594703820285,75.41060348731831,17.85594543320487,73.97907303714165,0.4911525912053112,Moyenne
14.716033010029877,-17.3530944099312,-114.8422910558641,-14.951295872477825,18.150429345777116,34.68287055073859,16.11829424591977,94.16802499759908,0.34184836942622365,Mauvaise
14.680009279722142,-17.47049297284441,-93.26282331317918,-7.674311505408079,24.677345679744384,103.01659070998467,21.21327112554767,68.90727549664024,0.6786414637356146,Moyenne
14.716885509457434,-17.439779878798085,-69.35931923115506,-7.794901361625167,21.313923594918865,135.41968547180045,34.96149605883591,54.77558670285621,0.8207270675688647,Bonne
14.738833204827026,-17.443295257485104,-117.7967484522118,-12.601664669303243,10.73913856792689,31.904366386760692,11.22027407016316,110.74983809810658,0.2735493715429271,Mauvaise
14.66111774206309,-17.362805524969655,-103.96964975784134,-10.508828845474936,16.449937654786158,63.25727261325676,12.7313438632772,83.68971907317605,0.46973584288068937,Moyenne
14.763115236624945,-17.479687516477828,-108.5852485086863,-10.540366776183047,19.089963462880277,71.84883044124251,15.420596137143189,70.38571653836806,0.484311628785816,Moyenne
14.727186962898056,-17.35274904995645,-106.9019340483867,-7.419785922013272,12.94577645998288,57.134212761123266,14.885409544588912,88.03389319773274,0.44778361007872136,Moyenne
14.77864837681501,-17.489060477285364,-70.03609964663437,-13.049966202275236,11.647784455807283,105.37758198133054,26.210405051829873,75.49344696177779,0.6340246403579284,Moyenne
14.653326895942437,-17.528218592935193,-94.25620201711405,-15.143746482932873,17.578410597492862,76.20784536831066,23.874129117060857,68.30451831872053,0.5059384517541563,Moyenne
14.75809478564277,-17.51172529095159,-94.35353228830996,-15.289511146032336,14.511609214147882,67.58482303085172,19.71097968444593,69.72276534348413,0.4679904057642529,Moyenne
14.75295519627309,-17.464755731627157,-78.16833966495948,-11.493308090049142,17.53798068675686,112.60005060528732,31.711976178318878,67.3142526081117,0.6695081084295679,Moyenne
14.667270826565204,-17.42004881003335,-111.50292877972907,-12.711925161749024,16.449917088717736,41.34374388197639,14.525408692066192,80.26465985622498,0.38541029444481184,Mauvaise
14.693589732560843,-17.446634955995197,-93.2004055244972,-12.838309206210894,20.171879617977915,96.5702069929774,21.551074838851257,81.53257412849821,0.5701718476058306,Moyenne
14.765023506395742,-17.47474436468511,-96.35081322334172,-17.7240772527441,17.498122807400662,87.78364960188476,18.335575738225597,80.78974061282216,0.4694310402613068,Moyenne
14.717399058359392,-17.437593346858645,-87.16991201993392,-8.93954763033726,13.190987025304356,77.16099346511744,23.93062723858124,71.63287638085153,0.5721922567432561,Moyenne
14.702166593370741,-17.38223874473707,-65.02432632122589,-16.00768636825325,18.86288839495353,131.7000337670802,33.53437108990916,62.26040797920542,0.7266599526720106,Bonne
14.767714536192608,-17.382213794472307,-77.68031082548741,-16.2426491770779,10.731868781489982,95.54017701055066,25.225347060297977,86.06854871918128,0.5333834468426473,Moyenne
14.662134788182017,-17.404754422363556,-98.1173863340415,-13.221383516116491,3.458492909041036,53.18929433396887,12.919227317101752,84.16049821046403,0.35085712226561033,Mauvaise
14.711505961777293,-17.359510308351332,-74.48458212492741,-15.81110321735078,-4.950362295312959,82.35023280187649,7.405593091264812,88.26634324175348,0.4063641369390998,Moyenne
14.734808632736796,-17.431959066512434,-110.6110400178136,-10.825984257687784,14.598745150104513,33.674783126977296,11.085009795768071,85.24737585963356,0.38362369245425426,Mauvaise
14.729110387071952,-17.54846847246918,-118.3244972530072,-13.7995132493174,15.672932931302434,33.64877479227917,9.495603891847722,87.5887334032701,0.3173114606322168,Mauvaise
14.684355939073155,-17.49181407343757,-108.75533951446498,-12.715235883700938,29.021713767150004,77.03121679522677,22.802638241466973,63.89192346379636,0.5547225607136107,Moyenne
14.723230677589463,-17.48435545910198,-101.27736441371572,-11.479629497543595,7.651741693299645,37.92660504419019,11.648075660779673,88.37615818525114,0.37015153155718766,Mauvaise
14.742113029357178,-17.440534784539327,-91.91805833972421,-16.150502685254732,8.79466349899091,63.447747666018174,19.982392814241717,82.44211477467246,0.4104308662748687,Moyenne
14.726035102952471,-17.369022105722504,-86.16789727023401,-16.819477279882584,2.0629853469766584,67.06269688936038,17.880772755453453,94.96143938041101,0.37219643063059954,Mauvaise
14.738980089377051,-17.38237700729138,-69.9166855532068,-6.674093359769532,-2.5312996666937333,79.84960400344451,15.878577799083013,100.07786846142767,0.5395363141957231,Moyenne
14.683290236120543,-17.50356540293834,-91.95802947472482,-12.927868160360106,22.04815725016092,81.41069504443033,25.49455717498472,62.66607127589348,0.5894894203422073,Moyenne
14.758270363535331,-17.446121952811186,-92.42983954558488,-13.23068946514445,3.738837251876376,79.33960886033776,11.150441063186893,111.86625040425149,0.3918631627252339,Mauvaise
14.708459639808046,-17.41817027291421,-117.23663445973598,-18.50142989618022,16.311670136051326,41.45048461218492,13.652910126043968,101.60567880233187,0.2767995492074626,Mauvaise
14.778339099733593,-17.352497691873772,-118.0798646039077,-12.028331763776496,19.072056244091854,44.30189570239403,15.630049407698415,93.06910536667053,0.3737576473065676,Mauvaise
14.653027091686702,-17.54373943612794,-89.68620209459954,-11.241623897445999,11.49328405520767,67.73661364505976,22.074554770542328,85.24805994177154,0.5007490266879346,Moyenne
14.699440998262194,-17.45722453664594,-95.90017627134105,-11.17622780663467,25.672323955951708,96.39999754639382,29.800881252144485,79.27773063553234,0.6217335256485664,Moyenne
14.673461756799664,-17.352378269198457,-73.84507827608357,-9.10156362947962,10.532819434290507,100.21529552690698,17.620842054166953,72.16341509623562,0.6430535983158575,Moyenne
14.722229238509227,-17.354558840594382,-111.16262284084851,-16.515254310125833,4.971801806461778,11.858957481757836,7.11570842731491,92.40182245341347,0.2105564800875504,Mauvaise
14.68161666226857,-17.483854696480474,-118.62655858356227,-15.468876120771338,26.360543303656783,48.49389349514237,24.085384900983264,68.26941426225164,0.4171105763118357,Moyenne
14.745872133053773,-17.549996652748415,-95.30286776384308,-7.649773486774222,25.154749948748474,100.65403284035526,25.9379764648641,55.64609814076088,0.6783471195184345,Moyenne
14.764642562103877,-17.432653083009534,-106.93867937862584,-5.739611364192484,0.7413981476744551,41.23918255168852,9.508166375942942,104.05885889214434,0.33439775363203583,Mauvaise
14.677414965965674,-17.376612229841424,-117.27120946636394,-17.09694153685751,-4.0913643576127665,1.3935384323001223,0.2,116.8985980735436,0.06652366932953001,Mauvaise
14.670888090379234,-17.485140555164424,-80.1470942233804,-12.032906236926944,-1.8505055277632758,74.87359499107369,14.177933554708456,96.26361884883862,0.4297204352268056,Moyenne
14.763796434144702,-17.363146007033247,-113.86238500235139,-16.001532461645784,5.029158949383596,21.24622092610415,3.257904436548084,100.0977999044667,0.20608291178738372,Mauvaise
14.696965348961506,-17.48345951257775,-86.54242749957255,-18.158975643030246,29.029093060959873,116.24369008720159,29.732769845121968,55.36859831483675,0.6625160569887357,Moyenne
14.706495872544673,-17.427959736005487,-104.5422637408211,-14.442953266234104,14.548065360628875,66.1021145828176,18.770328159941872,96.56731764928819,0.40241917453386006,Moyenne
14.67872603531766,-17.405590785363675,-110.45771723047379,-16.988373247421023,8.064160621024408,47.652420263679126,12.630166244653253,99.37656282539172,0.2669818568730038,Mauvaise
14.70529093284665,-17.48091684710093,-99.11366623943753,-9.060936971920553,26.105063311446123,100.12566756357342,26.663047852810625,71.4341315445609,0.639533159475289,Moyenne
14.680069009500139,-17.479558717596145,-75.92048230773756,-11.527844208599777,10.859771601747488,90.12381867726258,20.347098585599923,76.48685628952971,0.5955660255120621,Moyenne
14.736570567282444,-17.456001034063245,-98.43485327024851,-16.986317406135647,6.033351994035739,50.191782306127045,12.902561421059682,78.92428159221717,0.331350426818207,Mauvaise
14.714853933622411,-17.382955314379085,-78.70766929339194,-18.870617762322798,27.942683506098007,130.30252668924007,38.783899083604254,37.78763450973308,0.7140937619972589,Bonne
14.752447857975177,-17.529829846487555,-113.09825367604671,-7.685801313661022,24.73311831674373,61.121781676147826,25.95739344525954,88.93032843244792,0.5155596423056964,Moyenne
14.690654655088748,-17.423704122920242,-77.49757191842065,-16.533278313700535,24.528393139680432,126.41377436537053,32.09560122935133,52.279578765886924,0.7029218213047723,Bonne
14.715727352009674,-17.41453041413815,-106.96866713013432,-10.512967008909277,12.929966006757457,56.57781238563815,9.632339158409836,81.09993704588454,0.41820910440855524,Moyenne
14.683738031987028,-17.438425448002175,-82.743377856112,-14.283093216925561,22.630343958540923,118.61942357733255,32.40214932000378,63.517344424311105,0.6668622728672686,Moyenne
14.771481610932062,-17.362832322524877,-88.8820144837452,-10.803196863589502,1.2773675742593156,70.94227174392398,11.9575629433057,98.6118157403617,0.4165644262292693,Moyenne
14.717851636812844,-17.429601856613093,-68.89704055335719,-14.580849222247464,15.062803514468527,116.36510925043116,32.25912019113607,71.33064042743008,0.6668696954432057,Moyenne
14.672550124521333,-17.423084649784595,-98.69726151135772,-17.78284615030844,29.4346072996641,86.17160471130556,29.903400255842524,73.40066572362127,0.5616292939129208,Moyenne
14.685459535697303,-17.430047994417034,-116.36091461410578,-15.87869988019145,5.183545068128659,21.419412044393113,3.2518291154674874,113.11133954223101,0.18659143943895606,Mauvaise
14.660777255336129,-17.40559624501437,-118.94644829468109,-16.367180069292942,22.80233152366863,64.46618919585782,17.5051082454078,71.11517180235982,0.38931720407249104,Mauvaise
14.653616079427705,-17.52291811686922,-74.52277914649858,-13.007729065844986,12.166744252282353,99.82895707588463,29.358763376486127,80.25168525010338,0.6057318268960085,Moyenne
14.718369837389186,-17.37114473529514,-91.13953992862123,-9.784027032033798,-3.6068010872269434,49.34395576339977,8.128938297021978,98.98958714431087,0.35145586144617197,Mauvaise
14.693825979928329,-17.54150153541619,-77.36157714907779,-15.306714950750994,21.70567892354836,123.4626430334456,28.013007753970488,59.32468926867108,0.6849627963248035,Moyenne
14.77529054918384,-17.421851207989207,-107.10659199936669,-18.83102090579135,0.8999200537239478,27.2501700872814,1.3767043320384538,94.18616467689058,0.187168307252202,Mauvaise
14.672273081526994,-17.42690381355938,-101.02039399677214,-11.734876900293404,17.101574849646255,68.52387767312959,17.297470435288176,63.97238967839142,0.49668341632104396,Moyenne
14.753208644855803,-17.50837577451467,-118.34428702837747,-10.519367148974391,-2.0017532083559484,0.5,0.2,111.80488995340987,0.15155774997906007,Mauvaise
14.691076287485078,-17.541857805263174,-67.11792214842383,-5.519813083974665,28.14035891235877,129.9269535930324,41.66697589445457,39.158707160598475,0.9207596395405947,Bonne
14.679059860187632,-17.52223292059038,-83.26726513145526,-10.747408756694544,5.210336051312632,65.97151572583908,14.141144636474635,93.59830826589348,0.4798708021769161,Moyenne
14.776052786470169,-17.495665589009757,-68.67372017323817,-12.403584168706015,2.9262642087088224,91.98477093001917,25.673838542651723,80.55777823760384,0.5568564031760148,Moyenne
14.75433495783695,-17.37357886188819,-105.39769759140103,-10.972377237432147,-0.48022585767829895,34.64284387864331,1.763191110111256,106.57000186847907,0.26799626329960147,Mauvaise
14.731980715887893,-17.378853119164003,-86.36950138258865,-6.009391181931621,28.11007676686667,114.56697668452163,39.44218653057115,66.45237417987501,0.7766902297466548,Bonne
14.740625734839087,-17.537228885146792,-82.68250174390492,-7.402705961576952,19.916630985445682,101.12080325490781,33.17932174970866,53.4414809508764,0.7068709843480867,Bonne
14.778879591730576,-17.492146398393864,-102.53476648583263,-14.478297732906688,20.958131105133102,66.47927564872327,22.207022251715724,67.00232226304085,0.48802104750397035,Moyenne
14.727116963147235,-17.37213675135019,-73.35399207414034,-15.678438908800079,12.47915964830856,111.51097939865438,21.118433923558097,72.98554192225795,0.6026962449178155,Moyenne
14.663247058604904,-17.502668194311077,-67.90611954048637,-15.323129426874969,11.61547248446692,124.65739908155186,27.19741671400935,72.79629084155127,0.6420883548266481,Moyenne
14.65843259647118,-17.350806939235824,-71.33296852671975,-11.938105443987018,-1.1492564952983173,90.94292628891947,16.068458594979745,98.53677494062013,0.499377807158699,Moyenne
14.736658881071603,-17.49863196084254,-79.35131632333452,-8.58330768279991,14.594438345439713,105.1408365392785,21.620284459487944,78.21310369420972,0.6542786065511013,Moyenne
14.73548814871027,-17.402177348665802,-104.73944261512753,-11.95493109943853,3.642077328807666,23.422200240835004,9.763678096613058,98.80930992232258,0.29034656048685425,Mauvaise
14.747262593087152,-17.46658816528572,-104.51111768419025,-18.050850458406423,29.200086648014207,83.91787929015481,24.390240074576425,64.57711901544377,0.5286643384592206,Moyenne
14.66414123493024,-17.522751089591097,-67.01518237546792,-8.869870193840267,22.880332900530156,150.0,33.41620165780859,56.77297313614227,0.8486708344469245,Bonne
14.772837295718173,-17.49896907733424,-119.43435272353693,-7.716418198606647,9.454722106751065,30.846648518811143,7.205246117770752,84.75114885875008,0.32222436875219473,Mauvaise
14.721650593808384,-17.41497638487571,-80.61725147168205,-14.947029888323925,0.29694405420365655,57.244534860670015,13.267096336736731,90.6110376675321,0.40047922576370976,Moyenne
14.734442217732758,-17.482588719592712,-81.15646105946058,-9.702239650033095,22.48660918985744,112.56251039303771,36.57033491341909,63.02694035493358,0.7176367671571316,Bonne
14.654530809839157,-17.429174355879905,-85.75207524776114,-13.027713385238492,-0.7281181521539404,61.67002323578649,10.869947057777193,99.27620614478889,0.38289766337342024,Mauvaise
14.774926647887025,-17.50889379144621,-65.54401346522238,-6.552329019815801,1.6266813723974671,91.73127214970712,22.520915282033815,75.82254461748035,0.6283835923056842,Moyenne
14.723136940336714,-17.460283805563442,-102.8466310329951,-7.166842185749642,2.40321812104796,17.49353131473345,9.122499299816369,88.76609529514953,0.3421199542277973,Mauvaise
14.723237204689301,-17.447550843943155,-101.30154749137135,-11.643952023665008,14.491172339558304,63.56030630391676,18.746529691487456,79.42179435559085,0.4584859937665386,Moyenne
14.77266219110995,-17.467443087337138,-115.65833283793944,-9.318922358609678,22.54698288966282,48.172733893865086,19.589736740317964,92.21940262027675,0.4502177811001296,Moyenne
14.770815523163876,-17.510416393729884,-95.64610249009444,-6.633104185690545,6.001020755364227,49.13293336489044,16.36866311704027,84.08533696120323,0.45271240179126615,Moyenne
14.67863881693624,-17.457689295078655,-105.64233105708335,-12.059961858904142,-2.0365565003648705,19.49748132278249,5.3989328066213425,115.7816540550368,0.22038276561754055,Mauvaise
14.77104284684777,-17.411419887892194,-101.11373138022957,-14.614489633156492,11.25884622335467,55.55494178308058,16.16607375792688,98.41671155276772,0.37930896153184435,Mauvaise
14.745760767619407,-17.357018867434828,-74.09855153594049,-8.448674069265863,21.183858440597742,122.32751691733117,32.06963907624367,60.05067858420193,0.770148261305636,Bonne
14.652457094553085,-17.39209567590441,-68.54835175598774,-15.919072433014314,2.7582345080585906,87.91235183956202,20.52358748402538,77.54644650168485,0.5163691660406078,Moyenne
14.681179609335985,-17.517705903696193,-109.7846810397148,-13.56056392791541,2.697359181378098,22.999084358168417,3.7281194180824575,105.72936012320812,0.2324898024903039,Mauvaise
14.703687418911288,-17.495459630039292,-99.51200876455937,-6.879818680504888,28.152945957134882,79.0760900512968,27.695253970138033,62.926201940858846,0.662905161993463,Moyenne
14.725766919215747,-17.53423522090933,-68.92531908365333,-8.85808723622959,28.395380449171228,148.10603097907642,39.476706760937795,40.39002911728182,0.8946779827116573,Bonne
14.741172864963529,-17.522870095147987,-116.60053466209276,-13.346645926535011,29.666300622155177,44.26148901202342,24.16271697349454,61.666997115950295,0.47940406621375453,Moyenne
14.677327351214396,-17.49986340702631,-114.92017095387418,-15.993576966282996,23.268086055117305,54.85596084517955,19.60645472369686,78.7673952692418,0.4045620782661196,Moyenne
14.758771066855578,-17.510094526740357,-111.04649559365738,-14.016442528348689,1.586445920878095,27.747338561954262,4.545373646488982,111.21742199326486,0.2122901967035323,Mauvaise
14.75994299210559,-17.507270149846672,-87.2632941230219,-15.022541910815939,2.419353227974147,54.016380948612465,13.980154606936546,89.29906622567295,0.3792575989934529,Mauvaise
14.732549846503876,-17.503845954712144,-111.72402509467014,-16.534749968786045,6.90788345328372,35.6163658748874,7.071170180511678,96.05170593889993,0.24520454219904905,Mauvaise
14.76974220836704,-17.48986426084328,-66.75579902020965,-8.593339210080806,6.134638596672179,114.03028055595509,24.869389333616837,82.80072408784194,0.6561924087008429,Moyenne
14.755687715496634,-17.52488278627465,-95.43070100078138,-15.471021584097599,28.478471217730316,74.26155111415316,28.87079981839537,57.6940606721377,0.5945820099278792,Moyenne
14.678811075708161,-17.49443300323634,-92.41651218074085,-12.641655417651307,22.617589400859277,92.91620486585316,27.028216131934602,63.52818953376333,0.6058667820047334,Moyenne
14.753827992620346,-17.41231763454359,-106.43377613070264,-13.597967744294472,20.340307725654387,42.73700860808809,22.988802892359804,69.37604188508224,0.44556545343353776,Moyenne
14.773916270237903,-17.50271980003491,-94.09718611608966,-5.250916699101168,1.5087128420346136,48.10654172214923,8.99400711986559,90.05005878639965,0.432461818941087,Moyenne
14.667888838112397,-17.515632314469464,-83.59475020496436,-13.524708581924912,26.833394577681535,117.49834411907305,34.315299775371,77.40194724926586,0.6959926401749312,Moyenne
14.777230725022832,-17.536460867563108,-78.68525746752765,-17.880245240845433,23.975463282716085,100.32563698334846,32.34261472392269,56.27310398395228,0.6485218616849584,Moyenne
14.653249063580112,-17.450005702760592,-78.53725545095477,-17.742439463990824,0.7274644464773292,89.34030152297046,22.084766503442225,101.24378129995918,0.4105712874201613,Moyenne
14.717881741820591,-17.381603454425544,-88.21598880182515,-10.729447901057092,25.49096161863404,109.30286873524231,29.319176067014492,73.48179539488623,0.6836464967381294,Moyenne
14.750606108067203,-17.53819667114725,-70.26021237533786,-10.608910275664282,4.528663772966494,88.82277905120235,23.664484059161495,79.80830797080367,0.5785039665740381,Moyenne
14.752756953331012,-17.44153479455237,-75.04256839816398,-13.13737413324283,-2.1695588958762886,85.81155135135681,15.262470188797135,95.75397670087874,0.4542726933979672,Moyenne
14.745507433989015,-17.4198762169155,-78.3623536915756,-12.954188307631584,17.98878072799735,94.39665441517764,24.0004091926062,66.89859399827698,0.6387352719603148,Moyenne
14.718815678457911,-17.431507668644233,-116.94169630757466,-18.244943840227805,17.883163078451574,33.13207416587969,13.026553160707538,70.68987622330698,0.3069184317625765,Mauvaise
14.734625361869151,-17.37447535928683,-119.62171207791928,-11.768348854550329,-1.6773796652033668,0.5,2.5996483233710745,99.7623178683631,0.1420167561817275,Mauvaise
14.740991184134904,-17.37672088395829,-108.31539975424899,-11.933647344675077,6.159813312780383,48.591808615652155,8.103396023134303,96.5089789867537,0.31935313643781904,Mauvaise
14.714290099147807,-17.53853848149431,-83.50620233476013,-16.906309540202777,29.74850617894385,126.19523936057149,27.936014563575803,48.53057409125191,0.7131753379339758,Bonne
14.727439046767502,-17.477811206155263,-97.38413811145998,-17.546248594447015,18.744933345305792,83.21204621991758,21.94279595192955,88.71259817387761,0.46653346878802315,Moyenne
14.760027846949484,-17.41583403390045,-97.86765573853785,-17.269985131607132,20.55263083111652,83.13825677806649,19.856153179440284,69.37417840922197,0.49516910586596774,Moyenne
14.690674272748957,-17.359511068901494,-71.34772114737125,-17.58560454912238,2.452104996150698,94.20322613092694,20.14022429351571,100.2809594982511,0.4717547422559574,Moyenne
14.718016822505922,-17.38906304070939,-70.74404335274886,-10.464085262485362,-2.2426275148629986,81.87449298176887,21.323186810327854,87.16336686046084,0.5075252868127015,Moyenne
14.651102363733317,-17.51468213789324,-69.99536047705278,-16.24924286635914,4.691559140932817,98.55837621253542,24.094087164093207,96.22733278223927,0.5197023050231706,Moyenne
14.739366731970982,-17.49415823245054,-102.7367057916735,-15.479977869375512,3.7114434817617195,39.63131460746209,14.250130896367411,101.08689270736544,0.27878751414313707,Mauvaise
14.675400110399929,-17.397281227275254,-81.9919302993406,-16.569989981879843,3.2090435261818584,68.16307109893049,14.864618799224619,92.91004286421824,0.40993883819169546,Moyenne
14.71253016298279,-17.455705030545467,-105.06017502990967,-5.590305737720957,1.7464012660463846,30.51750685952897,7.021920624857487,96.73800533712523,0.34901704991714366,Mauvaise
14.67732667811646,-17.44053951159557,-109.51645918090526,-7.035355515874304,15.116449172939152,52.24367432443279,12.117445117317228,88.73471523252206,0.45088947409448293,Moyenne
14.653059382895204,-17.42820403596486,-109.84521484589469,-15.773072277078708,6.483621654463761,33.1147710273236,7.040579626941206,109.89498382905334,0.2482464540341068,Mauvaise
14.712818671720742,-17.529341696454853,-101.18408085250233,-14.414071885090236,23.712075526663565,69.58903674204663,21.40337007343014,67.17731069381595,0.5226748978078255,Moyenne
14.705228368859391,-17.37880759331335,-96.3523309121098,-16.06150020773004,1.4381596246584403,34.31746334986293,6.363227010386603,94.62995091299466,0.2868862670417778,Mauvaise
14.705269436758169,-17.377373112124655,-74.29779559197124,-12.113736567548468,11.261947480399058,110.88037392577814,28.97670465508343,71.69318123294768,0.625539186266687,Moyenne
14.677144800790753,-17.45635211117433,-113.40598985900084,-18.72545254536045,-4.5219757250872,1.7099134224569563,0.2,126.32435429172396,0.06049993606874995,Mauvaise
14.773136596667262,-17.42463095629987,-79.57907839328081,-9.60084787544486,11.858881285931723,99.1111320795736,27.558956176917594,82.05096113268065,0.6100981436139985,Moyenne
14.65045592973539,-17.418019175994903,-90.7699797195882,-11.675785902553017,-3.0456622693233966,36.86275066027408,12.836720284378444,112.69185797463639,0.31639650833623,Mauvaise
14.765900908499653,-17.512055483054024,-104.16300615282042,-6.419055003784555,29.220322915542525,75.5783683581181,28.496551913829613,64.4738823708838,0.6470922757206184,Moyenne
14.745797250008133,-17.527483034306744,-92.89492285069466,-16.698502419402203,22.67072450276445,86.67130725909428,23.012762349909774,66.37825583316501,0.5521015533078842,Moyenne
14.672369364359325,-17.54586541071925,-103.50318616226376,-7.742470555144157,12.153901682275936,52.57186632253217,10.535090686471216,88.95252373039743,0.4509026346688137,Moyenne
14.711384958219462,-17.36742363464448,-87.21549246189318,-7.912545797465979,-1.969442463722741,48.47365549306081,9.450756869940774,106.56545933236409,0.40102496213345556,Moyenne
14.778550510596075,-17.480857342211063,-96.13858424296157,-17.219463350963583,15.735590427664501,84.38705582714005,22.241770183348372,75.2555903698995,0.4611806497234376,Moyenne
14.73368077080796,-17.5328338129978,-110.95769590066166,-13.420170861982214,21.556731274565713,61.92156593030629,19.263709239286438,86.70095531776003,0.4408555966076456,Moyenne
14.666558974096427,-17.456840004300407,-113.58793089943669,-16.617863023976764,1.6751038551660855,31.042234129784674,1.286298398529147,107.696067964041,0.17695784992690078,Mauvaise
14.709493491051337,-17.534874977330766,-89.93173748603284,-15.433912993594316,14.887291927562178,86.12589536143985,25.389610583151498,56.37684806588631,0.5212206119107009,Moyenne
14.710866402554466,-17.53294984943861,-70.36728316926431,-15.314553552372379,23.49738144340038,114.06997495569291,39.872767885682364,61.83689082224997,0.7273194867994659,Bonne
14.754294233274804,-17.452222930859097,-101.0823272393273,-11.212690483639182,21.88867221762107,86.38572098005417,22.263458526526403,60.66446604693192,0.5630398419804994,Moyenne
14.7691011812674,-17.448232668056676,-79.68499410275572,-13.240246955353483,23.104720625350353,104.66853829625633,31.61156721257278,66.38502055614148,0.682921135216498,Moyenne
14.660691400627536,-17.43397138293442,-83.77362547831282,-5.731740743911725,25.776319870440194,116.98174576543931,27.19610894101016,64.82342763252984,0.7773214818875445,Bonne
14.690824847303869,-17.418737703998282,-68.76447971297854,-17.230818012741928,27.818873575581456,138.54065917778863,37.16248345503742,50.63673364407598,0.7845094629811408,Bonne
14.688796956495064,-17.416346525964176,-74.84604404854726,-5.368310112097216,9.193240432123758,114.28989425743067,24.77047281949807,81.15963040788657,0.674187945963839,Moyenne
14.77948625623947,-17.463400662489697,-88.83671076019954,-15.771059037000304,14.906918588300705,96.30821230370327,23.406563866513988,83.8978001212207,0.5155844500168645,Moyenne
14.722699525169881,-17.421293388292526,-83.8633225971241,-8.179764890654056,22.67308341159638,102.84395327446772,27.99599193149491,58.031157001985086,0.7143946130143378,Bonne
14.764378094495598,-17.4890520487571,-70.58874433787808,-14.2544210335805,19.39989348810241,123.78006025684319,31.051134397985017,66.95252134632159,0.7086484191108308,Bonne
14.705384270427826,-17.461738361768973,-98.02646684771858,-16.996860464157606,29.84320798925326,100.99820689457867,28.23934998614212,67.63560532017509,0.5958817165157865,Moyenne
14.74395400955316,-17.471334590293544,-102.02629117782224,-6.989551406552641,-4.521282211337455,30.420053147520154,3.29050639867084,122.32228690620028,0.2796969467523824,Mauvaise
14.687256133499538,-17.484177999756273,-119.4053904000642,-14.675947410689515,7.429662536052673,18.103376690596296,7.678581542768779,90.48465584107753,0.21389269736731018,Mauvaise
14.7685321830536,-17.502285834877807,-74.53969091946946,-9.77602434082421,4.835977419457086,80.75532108076915,14.393681115698278,86.0406210464235,0.5544969178223464,Moyenne
14.70916901132825,-17.534308199891825,-75.94606147781494,-11.069788408787229,4.181054755793712,79.5133358857016,19.122568267396606,76.63033741441382,0.5323819622097562,Moyenne
14.75448431465109,-17.448817904442862,-114.25500150449167,-12.39541166852776,2.7885423874610025,17.30772784627183,6.012655751527683,95.47941519296387,0.22251352097263818,Mauvaise
14.683256194834534,-17.44254236275882,-88.27284403770149,-12.058527382920452,19.81933442853302,105.45048982309103,24.266584629854357,70.84793379626728,0.6183858214405725,Moyenne
14.740168564449844,-17.48276899117959,-94.48100660082119,-8.748669202707974,-2.0334184353637355,44.738154792164856,7.070255653063326,101.98288529824787,0.35120760313983884,Mauvaise
14.702670592572005,-17.35483122739291,-113.47099974699887,-17.77117920227183,20.956309188016842,48.82459939321548,16.603383197715832,86.8831288511018,0.362163829446732,Mauvaise
14.654087124986692,-17.43860775793871,-66.0687475116602,-9.645470732589327,19.26990447056957,137.4099203929951,31.927721579706148,55.98365852469601,0.8025128013933158,Bonne
14.703691072988677,-17.372197896216953,-108.19172618951545,-6.458630580419898,3.7781446375313745,26.534476041861204,7.795248413492675,98.32446280316194,0.33500665537214896,Mauvaise
14.721502813428204,-17.435982938095677,-116.30212009501913,-18.1909652417219,3.849182410780644,23.10802470152349,5.3756939283311045,104.63913276637119,0.15803722138697238,Mauvaise
14.669729009808712,-17.512016829405667,-87.28339412739497,-17.030853250728665,17.010120487057577,111.85455430417255,18.05635344765066,64.56872786395549,0.5570191260671757,Moyenne
14.67390870367504,-17.355075492079617,-79.3623327576832,-8.96715288617156,21.675988691928723,111.5654007282476,32.35501673357785,55.58210681212979,0.7323167881438123,Bonne
14.710432163782011,-17.37293299791019,-118.21561046740472,-12.878056924575354,25.676996458057793,62.800296399338535,18.728437204007925,82.17801899523162,0.4462859153795758,Moyenne
14.694554862616343,-17.455745264312466,-83.77052987001377,-13.350319308608363,24.82488473490665,107.27672203448805,36.856623386335436,54.55025948238802,0.6846993362760653,Moyenne
14.707296269940437,-17.501388421638538,-90.72394682267,-17.0824671163807,28.770904795734857,108.41298985540033,27.811306352383774,66.00632188777018,0.6341062314797812,Moyenne
14.709907508611954,-17.50546607674703,-114.32042451187233,-11.905219429950968,15.34847133677789,42.58871929834963,11.129837830326212,90.81483180419986,0.36345597546668584,Mauvaise
14.668209885681359,-17.38879591456675,-110.51118676795008,-17.22836564325072,26.802944646912586,70.187402507955,22.474418948306496,55.82566333598843,0.47630592178276915,Moyenne
14.673555294785116,-17.53617627770975,-88.76141364761557,-12.327313611652436,23.297964564114377,121.40563543748249,29.48175676727272,67.56851528636918,0.6607992981994314,Moyenne
14.760261501152334,-17.42238792371729,-103.70033125676915,-8.309385814536807,26.313366850990477,79.88342596804634,19.271938873709626,70.00627405891247,0.605062442787877,Moyenne
14.671153429610364,-17.421973015291634,-68.39263492417761,-15.384298989579712,-4.593068955012168,85.24119502915268,13.360129351680994,96.59041112098723,0.4445699402792405,Moyenne
14.736568863291074,-17.51350909045484,-74.9692873783772,-12.268993645483818,28.806604715303386,120.72472593277809,38.699333200001874,48.27191890778092,0.7960543382928418,Bonne
14.704408646079813,-17.409017526313068,-65.90380364174854,-5.111776428444301,11.573555699626741,120.56661771523785,25.1907858758291,61.93319401617459,0.7652094279220224,Bonne
14.775870769176052,-17.408918742160903,-105.71810385772723,-9.386894073043479,22.9364046351195,81.28846945092069,26.164226023507805,82.2318823757109,0.5468209265944628,Moyenne
14.658593567045472,-17.479993826511723,-66.66520019611127,-7.22100520172722,-0.5478558231776702,87.35266927962309,17.92203005858947,85.95370153091613,0.5853320429288527,Moyenne
14.757950552584,-17.453324817456604,-96.28213716146432,-13.19213350815236,8.857938353489093,39.95446640416554,12.803689236904164,79.85859874509129,0.3970950312398461,Mauvaise
14.713888400043341,-17.383447289770203,-100.88646625774349,-8.249947076238026,4.501123205734682,43.18603962268683,12.671255827172613,98.75708681666008,0.37822095771421543,Mauvaise
14.650695808212346,-17.445369345306553,-117.23077601668557,-18.432871578821494,5.208056967532796,17.26126550978435,10.437720431906348,95.52032968709653,0.16225991090067204,Mauvaise
14.684275828462143,-17.426368579803007,-117.09791081772185,-17.27924344440857,-0.6860533017191388,11.354045412389004,2.784682678825644,102.06184626410065,0.11455575529413731,Mauvaise
14.703000590831405,-17.467446069902746,-81.93938092293399,-16.15701169911913,23.201734139005243,129.19374499233018,34.34371877194655,57.38651272309345,0.670729185328509,Moyenne
14.69084531794836,-17.52008018216702,-94.81390530612846,-13.372673055386926,-4.676518989662265,32.422893795454634,11.571475872002344,99.89020185874038,0.2662736072864425,Mauvaise
14.697118430321812,-17.35038667367318,-107.54131056801418,-7.159571703439315,5.937690994482088,28.204849034057823,6.751348957549762,88.78288434745487,0.3575861161243449,Mauvaise
14.769167348187834,-17.44369269594348,-86.23163315211221,-14.152275288968973,1.1043690125745256,52.27961925558675,16.407160707741653,99.70941239894022,0.3742608401369771,Mauvaise
14.696921424211002,-17.4827107077159,-106.09280349624389,-9.83530329078352,15.616362921291916,58.45958883522202,12.228561293308335,80.96823096780187,0.4552430648748757,Moyenne
14.704447819322356,-17.407242534801373,-88.23025351105676,-9.069599872751233,3.898834091509034,67.6410712847696,16.12330273054561,100.26348591599003,0.45676113864898865,Moyenne
14.748947101965154,-17.4258356466677,-100.24351891595202,-10.793447042763221,4.064945908483487,39.35066650494786,10.546276843810775,88.58258341846204,0.3536851244591281,Mauvaise
14.753198363547288,-17.50341834394013,-74.70462753634996,-13.998612445618093,12.091835039836155,109.4152652336837,29.046515499289008,58.86802503449617,0.6173233216183479,Moyenne
14.66093165473227,-17.37461490012049,-74.86171115782713,-10.92125321601038,17.844116376932398,118.14639640011207,32.8060370975677,65.89616988731218,0.7027891777645804,Bonne
14.74152910449371,-17.535819412615755,-93.74572810326794,-14.208281700943553,-0.7543353402192734,45.46944506116508,11.370310477305937,114.0894784972289,0.3003461624544105,Mauvaise
14.71273435397798,-17.42886034963282,-100.70494898657414,-17.82576766027183,1.1429008362923652,29.86807062945569,9.448582138552162,103.96506050804506,0.23103825961371438,Mauvaise
14.667401006120896,-17.454422301704334,-100.0592111892498,-5.100744305395798,3.651116060808116,39.346658576013795,12.060163356494106,121.63807611973371,0.39009556690351044,Mauvaise
14.684412373313094,-17.486360317242937,-75.68570108824801,-17.21944564914485,29.08118749412862,116.05864075677526,37.05214847913286,52.00137596552426,0.7343072467604893,Bonne
14.655854614649847,-17.384723974347953,-101.95012844613134,-17.987122626295196,8.900337498002212,52.37175315116541,13.364104069131866,91.30150299386074,0.31995593688615986,Mauvaise
14.696830834545539,-17.41874458514215,-108.50173444612346,-6.700569511099818,15.964653172085928,53.687088095741444,20.527384681074263,65.23236469137193,0.48439329665059533,Moyenne
14.683202837243423,-17.398100100624486,-115.34214119685812,-14.774314747499467,3.4539984450592254,18.334188784175534,9.736718951675645,106.49194524021146,0.19048410413535424,Mauvaise
14.699673441659403,-17.467068251471098,-94.33187835135755,-9.895842362970892,12.166083380512077,74.00252568823281,18.07512335027669,82.76617060554831,0.5035154185414623,Moyenne
14.725444271178999,-17.3615203337387,-93.4827345594087,-14.393919784728741,-2.4058288964914682,45.354265347480066,9.309871885695163,98.17602142118568,0.29612982584109787,Mauvaise
14.745204141764761,-17.4810553154562,-73.7500209278401,-13.519640208877405,-3.7840248927185574,72.17384919206644,14.783640924671296,93.39091333086147,0.4313266378215664,Moyenne
14.728695758252739,-17.44379101510887,-107.83187169546648,-15.330418391764848,11.405673438751105,45.886509340511225,8.407720987900921,88.01159485397095,0.33352072555397405,Mauvaise
14.738189049293792,-17.36326997763769,-99.04547994823801,-14.197383918897858,8.953075063144421,44.294302880714866,13.591927829481772,86.5967276648484,0.37191492032914436,Mauvaise
14.762533085680442,-17.53336220842288,-75.537684360847,-13.250194391788396,-0.20918881078603135,72.49779379947265,21.214490909297638,107.00254200248929,0.44635364346145007,Moyenne
14.763597177649995,-17.52823791256661,-74.70070140880645,-8.914175032707199,19.06605001222568,117.54467605894808,27.951661890380286,59.955949394406886,0.7390039653941071,Bonne
14.761893515286692,-17.35116244673531,-98.84639082116774,-11.838493280712914,29.751622181474254,91.57755135966447,35.57352912652717,60.1831146062924,0.6414402741540981,Moyenne
14.669911959012339,-17.35572176860887,-94.74817871923256,-5.7900869598023235,8.847638741884936,69.50458002805489,19.547863496356207,83.01877751792608,0.512124764268002,Moyenne
14.682638987367174,-17.395659678832573,-103.31927600328945,-18.413674486257143,16.859552257108806,58.80727866098532,19.844434430463483,85.15775053467897,0.3866708620770188,Mauvaise
14.715302289640585,-17.453162344785767,-68.70948168693783,-11.957043483151605,28.704157982756996,148.33264038770622,40.727121855430916,48.147555183039884,0.8603537648956231,Bonne
14.696636108222084,-17.448787830272714,-113.47459288421308,-10.820852956355946,24.103724035640635,62.23316542264172,17.40487922646879,71.07906856263516,0.4875344594955127,Moyenne
14.667116965876396,-17.498557425292514,-68.64378173491914,-6.1172421949601645,11.224327815594002,117.72444743070874,26.036019607019995,55.76789927162455,0.7377658897186802,Bonne
14.687407530498735,-17.463453792772935,-82.38734514905613,-18.311780669300013,20.812131956097176,114.77210655102536,33.05711889806365,65.88378638084922,0.6046301417289188,Moyenne
14.776805739016533,-17.463730124426736,-90.76353160222979,-10.971005810906975,-0.5152735912316588,56.223709981489556,9.028484407836812,95.08836206008974,0.37676856422955535,Mauvaise
14.695100478214549,-17.542781996214654,-118.20375165685273,-7.049181000608602,12.923634941232972,14.052842454751232,13.858626649811022,90.61267407276075,0.3451177572265928,Mauvaise
14.704458828878474,-17.459368358393267,-93.84220944978955,-15.613011806330688,4.767109701297779,65.55564852205833,9.361082915170925,82.09537709262574,0.3735114970454434,Mauvaise
14.650832184841448,-17.45404111829651,-97.57385422484973,-6.731907120664875,0.6407290763656377,53.624371764043524,5.70318613733351,110.47747107603205,0.38209011452828073,Mauvaise
14.743523934372725,-17.41684336515403,-111.13296534136826,-18.733392270159914,9.91983171890872,33.05662808291964,16.75149833051616,98.9760154038945,0.2461790446736976,Mauvaise
14.7037615085209,-17.446709417322467,-83.89747180746387,-8.745635192127784,-0.41449059482349515,64.43849203904723,13.310230012290225,105.77979712723668,0.4400140690378969,Moyenne
14.66340820817637,-17.37766341352496,-66.58670009474429,-5.936414903638857,19.464478786106994,124.60491397010246,31.70429045613137,67.88957914833277,0.8203529823760098,Bonne
14.775912375979606,-17.476487634951635,-89.07961539145111,-9.799232737039128,10.968401541866744,60.91442886440939,23.588238173295714,85.46860318455926,0.5080436658560707,Moyenne
14.751066317636061,-17.46805648175888,-80.68856979558298,-12.853590584273729,13.590062139763234,90.0998335026963,28.009508734270735,64.14550934253228,0.5869599199073248,Moyenne
14.744399511626254,-17.435703497268786,-116.23522510886907,-18.37166576938195,0.12315785338549556,4.325320705984684,5.166145405037387,122.88052761682626,0.0935850388025937,Mauvaise
14.774523403529416,-17.509455455097743,-97.02831523006529,-6.118406613483197,-0.10799186172769293,37.997074534619095,7.254801608031446,92.39284925284807,0.38165051077092815,Mauvaise
14.702972410987227,-17.471300382883555,-113.60028331595272,-12.415852882317953,15.419540234104343,36.04728611104115,13.17282627547656,83.38551017183295,0.3609335555276081,Mauvaise
14.743409360238019,-17.412766505649337,-86.29622904549193,-18.59404557929673,29.475341174030618,112.37969163618705,34.36394512707344,59.22304367184388,0.6565888491818036,Moyenne
14.676807026660109,-17.46763825214504,-68.3834812982215,-9.342505001397333,-1.6312295866796034,86.397572046637,20.007118861388463,95.10861430305035,0.5368848123128152,Moyenne
14.740625671168775,-17.36867669799801,-83.60222471405987,-12.254278449932386,5.000599999802343,67.71560212082177,15.714190627885072,91.19805493716012,0.46344523517704644,Moyenne
14.651830281984388,-17.426939895811913,-115.77583234270682,-17.25916555580625,25.431069078826063,64.39141783545075,20.792418367092946,69.29331999322885,0.4207263182453525,Moyenne
14.66641969945728,-17.51924645001573,-100.49335872582044,-16.000194669656366,-2.470479571066707,35.67361623515134,6.900162648608368,99.82522980726878,0.22934569959894036,Mauvaise
14.70528365941837,-17.45251113180213,-89.71351413075317,-18.09713047361815,25.656000247843295,123.84212844272211,33.419779496852456,80.7289415607074,0.607661166379635,Moyenne
14.65157205032478,-17.39704425088085,-97.82357341267112,-10.95989044407997,13.35000941811629,75.40538349167937,20.370153385051868,81.01608334234054,0.48578681407213936,Moyenne
14.710055561208554,-17.421330966938694,-74.14957942386552,-10.29158729047187,9.289337087424904,100.46921362090573,19.029778228338625,75.06806774123393,0.6163014923350307,Moyenne
14.71796292737845,-17.372947285265578,-75.19309474095058,-11.919607823023778,5.838819752300955,84.88726407164448,20.1286997418218,75.95409305269641,0.5474180175082637,Moyenne
14.73080885768632,-17.400003420695477,-86.34929389432281,-7.560570137963392,5.399100534474467,72.35438026199213,13.770767401168893,89.25580429674868,0.5081002841505375,Moyenne
14.66305026800917,-17.537677245478022,-99.45981301770121,-6.94587650168781,5.703090385731757,50.937266320702314,13.885490975651827,94.35677172256565,0.42096223330984917,Moyenne
14.673531548706539,-17.52749747015237,-105.95649944302157,-10.381258446436227,25.96810783360685,73.70366190203174,26.862360729982377,67.19526411267574,0.5632923150797488,Moyenne
14.729726838193235,-17.42005026024578,-114.17691249827789,-18.82140928409597,20.332833056117494,58.834766039185595,17.57573172171572,81.96745751996365,0.35500413083169885,Mauvaise
14.735564402620144,-17.50231840829761,-100.48062740823953,-9.2667848195317,18.44030527409027,60.87875983671834,19.935613007095803,89.50815496952023,0.5128773122811766,Moyenne
14.653367029667336,-17.432433019472153,-97.27551155357543,-13.148010963115077,22.956220213320027,84.58887210126174,25.23043448468057,62.87485025013372,0.568948687653808,Moyenne
14.720247757074954,-17.391556481581205,-82.82973911927596,-11.082195234830582,3.999013205145074,77.63433758206028,17.435658372288227,88.01943405408804,0.4836696137957585,Moyenne
14.752047625159848,-17.43461368243859,-83.80120966363346,-9.912871571735618,16.63149842286145,94.50026723680925,23.391326558580584,65.24365893622459,0.6312273758292909,Moyenne
14.658983114112102,-17.466902285998742,-116.14405231973086,-14.096687399420926,11.102318363528283,29.105712556079933,6.4650712402559,95.07916472154432,0.277307408470541,Mauvaise
14.703712472482048,-17.420745937777458,-98.26073765128632,-6.160620927594881,22.385457232006768,82.62537356728853,18.128144756788465,64.32993580727401,0.630613810660947,Moyenne
14.692446465493914,-17.521276111145074,-110.0021623030451,-17.124351865503062,5.823963866564993,23.95944189245136,12.377564295746364,93.14387969170579,0.22927024541764224,Mauvaise
14.768776531295762,-17.405358400899345,-111.37530120757569,-9.598834698065476,17.511251590446353,61.07569858060769,17.76561942156585,69.92694632433916,0.4551819021125476,Moyenne
14.674154311116839,-17.410594977257595,-74.49838176445147,-18.938965880607874,25.87743441360597,122.96331845226192,36.12730350599868,54.07822187751219,0.7004194759937753,Bonne
14.691386853708783,-17.447119327009542,-117.69466308060584,-6.054884524327468,9.075266666822506,26.61488071589417,11.95515125242256,99.69538202796095,0.33206866638138655,Mauvaise
14.766797816848868,-17.494237300997366,-96.94494182538332,-17.42494213466672,-2.6682269421388494,39.166328198829646,3.4351074725413904,118.24455236595524,0.22295373558811477,Mauvaise
14.692984929787796,-17.39048724267405,-110.7487989328415,-17.671620777933956,13.061778781962747,36.26162416842322,8.174272893314344,91.30648907454959,0.2948996094066863,Mauvaise
14.719075167276127,-17.447889939354397,-71.63683813768392,-14.33789313726858,7.109037073245908,99.02028334747509,24.05612835264003,74.68645227303493,0.5667712711689386,Moyenne
14.654294593840014,-17.538164618828105,-89.36277176987306,-13.770071995452872,18.527888319151124,83.86200724756041,25.572365830280507,59.39677094814259,0.5690788710013238,Moyenne
14.778037316702754,-17.36627748963187,-107.27406499927336,-15.9997989874797,28.286152366201215,91.33473403408527,20.06046347757691,54.9024198916675,0.5416021999590416,Moyenne
14.757243072023254,-17.396456712702623,-92.3664992058493,-10.808296747020254,11.996291129889645,63.859270114025776,20.147692255296914,70.40509034501089,0.5011014739053876,Moyenne
14.732472122817068,-17.433038970463464,-79.76825021632862,-12.799202627412509,11.316658055443686,87.79611398927298,21.802104205896857,91.07672760332177,0.552818387250948,Moyenne
14.657898185501697,-17.46263489654342,-67.30350950943114,-18.521541753424778,17.91046800670111,117.61116978052465,29.55983509717713,63.51440804527342,0.664205412173107,Moyenne
14.659733094978462,-17.358020060391663,-107.87546976650196,-14.52487112842579,-1.377587374225131,8.994936833555983,3.2790032949194816,101.80885396474592,0.1862532292137164,Mauvaise
14.72084657200279,-17.394995885146923,-71.26000253288602,-7.653939209975613,3.8727166123755126,105.33315124590314,13.445315029397339,74.96632104124687,0.6188269292373554,Moyenne
14.687058376706446,-17.443001386542633,-68.61327372078804,-9.34417851193384,27.164276392513948,148.0281848509887,36.226225002308134,41.99712350168372,0.8794703646461797,Bonne
14.730962628175412,-17.419369220963222,-69.59687005073636,-8.851808049881674,18.447991467731818,125.70365125481618,29.44180580120193,56.61700831195578,0.7725985544525774,Bonne
14.72776502264021,-17.493849919654043,-85.05221037259496,-9.22636306283067,-4.529458460580431,47.09970973865234,11.732412787993885,111.14477824252155,0.372378249776431,Mauvaise
14.759024681776308,-17.510856811450225,-85.35986400609107,-14.646377700637533,2.161891539565695,72.47290875715072,14.162681266031454,91.14574307088701,0.4086888713487994,Moyenne
14.686579017892644,-17.495336090539187,-97.82341517488975,-17.604705090925137,18.899304311011466,70.90502330977074,23.907924327533262,61.981779455092735,0.47034779508170843,Moyenne
14.725122258183829,-17.491372780143454,-78.61811647329166,-15.185459423536656,21.753972089690098,122.20626052942518,23.062821662920943,79.40626568525809,0.6651779531374595,Moyenne
14.751057231449039,-17.40205230987226,-90.77882899069874,-7.35500579740777,24.395085043591465,93.48607059014998,25.786674716056318,53.57606486985921,0.6938825663455099,Moyenne
14.713800488221903,-17.521987791856155,-82.74090608244381,-5.273408831037004,5.226188118371571,70.63677428158329,19.367005708719095,81.19006189198856,0.5544651484041533,Moyenne
14.757983676442063,-17.394482559656467,-96.43481528831626,-12.086141793618141,27.586000869714695,103.29907483823511,27.631421366170127,71.2564207632128,0.6377177965785682,Moyenne
14.667065906204591,-17.445320937327757,-79.76769447762734,-18.864195031077408,14.353141275226236,106.01182069173213,27.664887424411894,75.12226179048811,0.5427183733561726,Moyenne
14.745406709469128,-17.47308537912464,-74.6540665317498,-17.039372630120795,19.378865783576252,122.62560193435192,25.022474034223276,58.704533845286974,0.6607991298553608,Moyenne
14.772587671897726,-17.489920778081263,-111.94600588684511,-14.49087194557228,15.885860197296779,39.066117460902504,17.132332596780376,74.28456296411413,0.36080769759708353,Mauvaise
14.693144831729164,-17.44735987909065,-74.18886564341746,-10.899805119698703,-0.7040980863882842,74.89691730763113,14.623610710976967,82.63720598908124,0.49329418001184067,Moyenne
14.697623737513556,-17.486496307473992,-90.2836907515331,-17.948688958725604,28.709013078470797,111.19094180892344,29.28842613874495,49.18307357571906,0.6406896303151306,Moyenne
14.66086145803481,-17.464109601514203,-73.54337500003766,-5.792997818061657,-0.6993547037046568,72.78330539724594,19.743411598175918,90.12986971799987,0.5444627670870414,Moyenne
14.733394061344713,-17.402196942063533,-96.2784061512442,-13.88882857401839,3.920868474391426,61.13614857270206,15.532869169008046,95.36456144216233,0.3581774240962467,Mauvaise
14.721818594332532,-17.42480029872937,-99.15277330393307,-6.223820949052477,23.476975807804305,65.178661447318,27.83451149734828,66.56174482679312,0.6154923072666506,Moyenne
14.655244948635207,-17.400403524705364,-69.67165971155276,-8.072694761401696,16.65089365253855,114.63004967248418,36.38647043287831,63.727285245250144,0.7493207714613678,Bonne
14.74778756350627,-17.407405262071375,-106.18569028483793,-8.423878184781865,24.335220788172496,70.07823606916185,26.670073777357473,61.30846596318101,0.5693170461818058,Moyenne
14.757806984446853,-17.386985501335417,-73.56832210926213,-10.505925883048752,13.05076659309157,84.2838362822634,24.000314125725453,73.17976056863087,0.6344898203019006,Moyenne
14.767925548538297,-17.50966200805866,-93.37886851198277,-10.225026561274175,8.19476323783222,52.4756169634042,16.478644671695534,96.79197139212312,0.4402693509559105,Moyenne
14.720945431202184,-17.35097540010534,-91.72475065968072,-10.067954706972525,27.264592484172475,109.59942494722426,28.900958282577673,57.80337486501831,0.6975466096160294,Moyenne
14.70883540453723,-17.45484591002569,-103.03424451807838,-10.19790058164185,-3.7311688869821804,23.6217156377261,10.413465777632236,106.13075282347455,0.2505922681771974,Mauvaise
14.763897830089169,-17.406353412383826,-88.48267896595414,-11.247804760422943,24.964557712356605,118.0936493589344,32.8208626246618,61.5308331538029,0.6888840549244384,Moyenne
14.701830586478858,-17.414449967399737,-102.11338420480837,-5.190203741239555,3.0786224815723564,50.92630338204904,8.848710855277352,106.5865902960376,0.39463937372965524,Mauvaise
14.735207606280493,-17.436769983076594,-117.84018221670912,-8.747932056040256,24.70577147138887,58.547604203203804,21.68370564738302,67.28221794206557,0.48993809995436716,Moyenne
14.72999709333212,-17.350836756278827,-105.04007670606042,-8.122750562504704,-0.12811853040900356,29.68153853088498,2.4496947826532365,115.05417914615687,0.2928792763206977,Mauvaise
14.698380942976407,-17.506536830072623,-119.64915261263751,-6.785520588828561,15.307663729168919,33.73921688548528,12.588946408931534,91.7811673703323,0.3794005963636209,Mauvaise
14.661295691883586,-17.465654226544196,-66.1904867118729,-15.981043321838111,26.08377716540152,124.4030707775832,35.2782061888163,49.497876554371615,0.783689262637378,Bonne
14.65278402002719,-17.524453888154916,-66.88390345991388,-17.82674177266915,11.573887641461166,104.28866329446012,22.626578536170733,79.60022455223017,0.5955785278061572,Moyenne
14.7056709062696,-17.51363290560349,-98.26645863902323,-12.239477887619618,21.129833583118753,82.0120915046895,25.7512316971145,61.18164278018256,0.5561750865237336,Moyenne
14.712556204727036,-17.407407187284647,-79.93960301131946,-11.802870261330176,23.163506624944546,121.35789380062737,33.96136686906202,63.72027637012906,0.7159025555553269,Bonne
14.756948174864686,-17.549031464247346,-100.98066458742663,-7.391455080701153,20.77729730508727,78.2048233086544,23.572513416597722,75.79555935327275,0.5767418095371214,Moyenne
14.70387351448849,-17.372035869726073,-83.08987636027132,-12.7870298900473,27.386540790610937,112.38057202703537,32.54022070563319,47.56564674011645,0.7261645459474803,Bonne
14.68655078371535,-17.423363103346272,-75.70134763247114,-11.008057642379622,10.639198068197503,106.08535542095002,20.152891011834125,78.85583412276607,0.6148220352405253,Moyenne
14.71007254084977,-17.461818989256734,-67.92840654192676,-11.621006860811583,1.0593903707804522,104.50004185032249,16.48259035772021,87.3510778598183,0.5612911358780146,Moyenne
14.680938762455122,-17.483727778550616,-97.98832482826805,-18.465161027396526,-3.326612770413208,40.270539053448616,3.4676174316005453,103.32209909377964,0.21152655908684964,Mauvaise
14.661876879444945,-17.52474519028002,-76.91861093741738,-10.386991447643204,3.626095437312678,90.40734691773956,17.915733102848016,92.43938175144272,0.5299906826843805,Moyenne
14.664695594379195,-17.365687482709227,-105.37393521523347,-7.407393999160469,0.011912635808474015,22.414329022078356,9.355997720548961,98.8275591378619,0.30347356881668314,Mauvaise
14.6914900797866,-17.40753553499295,-65.53172329134935,-16.794992326938747,14.528205950206818,132.25995528672613,33.41485364640845,67.31235711756462,0.6754944463214921,Moyenne
14.651647934282604,-17.482721400214793,-118.58267206796069,-10.679355725027659,1.47308680241062,8.521700203909331,0.2,106.2464906475649,0.1900549473206804,Mauvaise
14.678626427268561,-17.535812764111878,-86.80591564243835,-10.689452377750198,-3.637320244872009,55.24774714628683,7.992105343585329,95.23733579785673,0.37353652575182544,Mauvaise
14.752378008321205,-17.484863433691796,-83.727171009177,-16.70141050321098,-3.7403559895966247,59.10655204780352,8.916757895354895,102.93680282051508,0.3237585045985792,Mauvaise
14.680500235015941,-17.513073141038184,-82.15749436092291,-17.271509967769695,24.104932442770156,113.57022762844808,23.523580298112353,57.56208106374388,0.649599559610593,Moyenne
14.664394836435138,-17.39274533735376,-113.3786831666001,-5.279272798329213,15.70074760050587,37.77771401681316,16.006347052893798,73.25530911458546,0.4494998857898631,Moyenne
14.773380472799289,-17.40608026304873,-68.38086190897783,-13.487931624857474,7.532985566268236,104.16141257884179,23.60130875528996,61.81667922852063,0.6109926941510696,Moyenne
14.73092111512571,-17.450367874535416,-110.03491965224545,-15.81609579787059,26.297981495908644,79.43069252286261,22.556937558957216,75.01099949390398,0.48616001537255493,Moyenne
14.657803373426637,-17.372831779381798,-85.74856282180875,-16.60145637763875,-2.5431186007300237,51.609399558961805,15.245433166982838,88.38241845302132,0.3262714733193702,Mauvaise
14.658091715644337,-17.513863862372183,-107.75281564823032,-9.653576009834708,29.311272545473905,88.58953658982142,26.069332344804188,65.68806142524504,0.6058371982324167,Moyenne
14.729575876340892,-17.459606882913302,-103.1030970638301,-10.467765837418096,16.570212658906136,69.76172567424247,17.220873493995704,79.63771110528015,0.4851391750525338,Moyenne
14.720216744268438,-17.407875939207177,-89.94478020495316,-9.990270278176155,1.4212488889096964,53.54487225324038,14.23043401351801,91.53714843198816,0.4080297637891194,Moyenne
14.658888720411088,-17.536439530056263,-97.0543619789483,-17.76791561483967,18.7674184641939,89.65282239313231,25.34478177203051,89.053424698378,0.4723635319833949,Moyenne
14.679161011746533,-17.47546452782106,-111.18759194629216,-6.490515831021883,21.718344092424694,57.57340850662707,20.176586381642707,77.06612679412046,0.5173082363966663,Moyenne
14.770775578883127,-17.435667039563565,-110.59849786685335,-13.550270444673323,10.026997417977107,50.112923363204565,13.376992735279746,97.77659551637257,0.32340224161113357,Mauvaise
14.724361405362533,-17.476639292252596,-97.00203665104601,-14.61282830997499,25.15714121859416,94.88383598273786,26.22258307592115,66.70944850965736,0.5813494995966908,Moyenne
14.707242301759218,-17.45396020214545,-78.34943619484747,-12.526939738531652,0.2756342553764606,73.23029963188411,15.525068071487919,89.01904294521448,0.4556431037604932,Moyenne
14.682520203549648,-17.428376330126586,-70.61194442337163,-13.539075079533205,4.7593154252162915,88.37591428799959,21.95640238036782,80.9596233933269,0.545953411015545,Moyenne
14.667380745499244,-17.476321877164082,-115.37297857573394,-6.909921956051958,-1.727767344560358,5.704319891051258,0.2,122.00505676674865,0.20719017300376913,Mauvaise
14.70234211893439,-17.52879712881551,-98.37928508423295,-5.9903463472295115,2.380724421257325,41.88658809136328,8.529572472289793,105.64250643894802,0.3920419211951076,Mauvaise
14.76990765271307,-17.522111100531575,-114.48649399524179,-14.751654969705513,3.3555084168900766,8.017605959861871,9.412221918943848,118.4371019677215,0.17626983313902828,Mauvaise
14.656332481438081,-17.444599206089162,-119.08741356520711,-6.904898695560632,27.117161682259855,56.04479692192628,26.325286717346373,73.39844649296248,0.5169705718452369,Moyenne
14.778827246072572,-17.51505199487362,-83.60547245458238,-8.05867618653706,-2.2661608937095328,52.907949599014195,16.928365757414035,89.77959133014944,0.4322318695607418,Moyenne
14.677015653626261,-17.372033265571222,-86.86528069183767,-5.968692587173335,9.95952920656983,82.93601538884586,15.599050132150053,77.62189986725069,0.5797686016420155,Moyenne
14.703139756851872,-17.383162862975237,-111.03394874018126,-15.55949562939757,13.633954052941952,54.96043905340139,9.422313174241008,77.3755157245741,0.3488646490441082,Mauvaise
14.655856670061544,-17.480193586198798,-107.14029417988148,-10.922571898306293,26.45425688307563,66.95468824999082,20.446748559358937,73.313525775643,0.5443746429862765,Moyenne
14.726021686404044,-17.383802565601016,-118.69607354955149,-15.156375813633776,29.919367653142473,77.75387209898281,22.803093940495152,62.83878785428073,0.48346422626558194,Moyenne
14.712862184502129,-17.44336243393178,-74.07790368680779,-7.462677133218762,21.368584022194252,121.77632350173423,23.60456874808026,34.97649545743546,0.7985734296203719,Bonne
14.73667191451552,-17.518189814279413,-66.39201721732967,-18.9254613320051,28.97768466991603,143.2887689908635,38.28076854301733,65.01785479655535,0.7843866370307605,Bonne
14.720548156547892,-17.427157629091738,-112.54972547629201,-11.092531719590454,22.54853963875558,65.82458420948021,23.61287169791004,70.51461186216706,0.48030591820016416,Moyenne
14.70176311200412,-17.41410977655672,-107.26886324290861,-14.251151962193148,28.71209243399958,77.49548152901414,28.501679060968414,59.461331647822995,0.5471384648756009,Moyenne
14.745908370715517,-17.533221684305968,-72.23747618291863,-14.482428100910518,19.75447540805593,122.05134789689824,30.01773216989711,74.22349225231801,0.6936756507577759,Moyenne
14.653252746612305,-17.487109381915594,-69.04449111240984,-9.971311465891162,-2.2082801092125126,80.9735789367816,15.98856571069588,80.49560154710183,0.5259139601739613,Moyenne
14.720333772713698,-17.548923202477617,-96.92049394562542,-7.079217709604086,9.067206544743678,52.83566992700494,17.126596820772388,96.01298020515563,0.4630139547938464,Moyenne
14.664803906497772,-17.486714239328776,-117.21576402520093,-10.471264520493433,17.630904933086462,47.78698728254658,17.121922310072794,79.36428735762719,0.3954226979079241,Mauvaise
14.706681083301158,-17.48291093341615,-117.83344914689494,-7.0555782989458855,7.275147830898785,17.943020888922682,5.251484476996642,88.24948159606956,0.30411908289933914,Mauvaise
14.752846291191542,-17.423958274644185,-88.43275736620443,-15.29564043366558,4.5684371339822505,53.307972407983,14.543342850457712,103.04467091824193,0.37850122716614626,Mauvaise
14.668519897013852,-17.51019134407017,-98.39076901087515,-11.726974033290265,15.208974349658185,73.56212237455608,17.511483705394355,86.36805754187257,0.48499700836926923,Moyenne
14.771655345340422,-17.543981802654443,-118.424116483229,-12.692488453060935,27.672565684585223,50.3794745394911,16.92830688595386,77.90926833515408,0.4546667344601433,Moyenne
14.765505610010882,-17.486873093301345,-87.92111842280937,-18.836971406956653,-3.7756344269346256,39.756748445952745,8.92543320909704,103.79163586228289,0.2577793392118417,Mauvaise
14.70393765921267,-17.384876090748218,-119.37836048760376,-11.204629996029638,21.92309212395032,56.44382105879278,15.675955695477619,83.82074631051267,0.4182452670287001,Moyenne
14.650776729294373,-17.470170958888435,-76.69454230179,-9.738659461953551,20.29545473156195,106.63946835639922,26.5817961585009,52.24164321363442,0.7240701256940726,Bonne
14.752666827467683,-17.466981246033196,-103.14619475131457,-10.713198338133019,28.73836988859005,69.59664984452542,28.95393357196612,63.07495665202278,0.5974497138335351,Moyenne
14.764516454443596,-17.45619448743068,-117.78580983449224,-8.6920814170321,27.574892781639022,65.8968007243332,22.5273535409527,62.968660527620116,0.5256504461259657,Moyenne
14.672715952006206,-17.399642233838005,-87.64062784592656,-11.00124660165692,21.678139671546752,97.93630456916932,29.587637126543658,53.97736283799707,0.6528277601866701,Moyenne
14.769104987146152,-17.453995021524285,-98.12735720618198,-18.065496432089404,13.214306763890953,63.8708653081676,15.601228646166867,84.9449079189988,0.3926814186578113,Mauvaise
14.76883264604831,-17.531743449492645,-66.44097726535678,-17.36976266281404,2.149364363173195,94.83306422843826,15.29948597700242,92.15452610624443,0.5042839320808494,Moyenne
14.711267810634444,-17.50872004008007,-90.06907356229638,-10.649355914384667,14.083250141395105,82.90243473903617,22.736092741109786,73.74758231125571,0.5500388807452414,Moyenne
14.75374452540372,-17.512420526601485,-104.86184504296455,-15.150291312369038,21.787319787187883,65.2877490661115,19.557139942104786,70.98947942859468,0.47138566073009297,Moyenne
14.707843237175359,-17.448427336319135,-80.98086244513138,-17.884968193513277,26.34842244232626,132.8382977244553,30.428589454095295,46.44839152038804,0.6953518959143051,Moyenne
14.72332601456942,-17.544014106986957,-105.06793986015087,-12.985561591720344,22.639920322369218,60.85449904000676,18.30300605067532,71.64242165445417,0.4958944996469641,Moyenne
14.69157907127527,-17.49327667829745,-70.26661897258393,-11.239483626828825,1.8343427316868892,93.77443254339809,18.864755687514986,91.13250761240845,0.5460208851605931,Moyenne
14.670731014891707,-17.428561011791366,-99.3902916220943,-14.39755616310551,15.989020997982077,74.15151426941652,24.137694522005873,84.67322372658971,0.4593370821247618,Moyenne
14.747049755895823,-17.47906986489368,-89.75722904730871,-8.913928168839108,6.626071083597495,60.587638700103156,14.706871027893651,91.47566295929988,0.47228152542003854,Moyenne
14.650181069787488,-17.408457568316237,-117.21847928966741,-9.987211486582575,-4.677801641327496,0.5,0.2,110.34978864065255,0.14143269681921322,Mauvaise
14.725341849654342,-17.471755732628644,-96.5633319126273,-14.340542944716592,2.007732752603312,53.995194967101455,12.564046960492847,91.44164115962045,0.3308595071467077,Mauvaise
14.7624091834292,-17.354148494324445,-74.22000531864528,-8.431784595280151,-1.0372772523292757,69.82455042151075,16.815340901157512,97.21442633257884,0.5019210690810756,Moyenne
14.67876604728094,-17.356928742588337,-75.68931570501618,-9.918269404537504,24.4951693238814,121.46519042323075,27.29745392689669,62.26294647155717,0.7717711944929911,Bonne
14.69327692938374,-17.390031857107083,-107.66247926305606,-10.07576469794937,4.047718825173419,38.16769460282951,10.138574394811632,97.4053494296773,0.3136950450911314,Mauvaise
14.72637316087238,-17.3591218943897,-107.56565109441905,-11.252012188981048,4.9644289110644415,33.34518082992869,15.21252566020324,94.04496725647287,0.3068958030797757,Mauvaise
14.682093132049049,-17.50904435167647,-75.04820782827198,-18.84054464676026,28.597780012960946,121.23645737682668,28.9499654868904,59.07277825214266,0.7167356206256507,Bonne
14.760173291453002,-17.399815366840734,-68.8280868906871,-9.248899431323553,8.268035306709825,119.50479605567969,20.990676230890017,72.51780035290948,0.6684812163073933,Moyenne
14.697658411724632,-17.48566827333611,-114.7551493299848,-13.73541492447181,-4.664502594946191,0.5,0.2,120.13757862760808,0.10829851800652085,Mauvaise
14.725609783576585,-17.404941136211416,-95.24677483155762,-5.803464057778822,4.934615192114778,50.727654851330264,12.891946181212672,90.85784200637545,0.45171865303592007,Moyenne
14.679395749187897,-17.475221307673362,-101.4400146569674,-7.548213204919126,-0.8245146789365645,33.9492197438932,9.88999330463987,94.42206489785052,0.33072505001005276,Mauvaise
14.655380223808828,-17.492115868051165,-72.11213494984084,-10.77227742656163,-1.4017003392451115,85.60658428281295,17.096064779472968,103.31133832256116,0.4969356343221236,Moyenne
14.672581034581777,-17.35824098095567,-115.40612969259897,-15.469452254530228,-2.2879448452487674,20.922524162415957,5.182280310254233,112.09639231086962,0.13232255467279042,Mauvaise
14.656005861889145,-17.508022911648833,-108.38807315930794,-16.14795649411267,15.764081456138204,39.98789334620734,18.590682284529368,77.01896704399043,0.3605151481285548,Mauvaise
14.710918506949719,-17.39828628107869,-78.6142414327428,-14.234612272514312,1.627170327045052,82.2177478898349,21.730476697978084,77.97192484466954,0.4638390086765935,Moyenne
14.726262860819347,-17.41506556735909,-117.17883830603314,-12.328048789879741,7.643497791435365,28.027048015015005,10.81848735121444,87.70957394381072,0.2648001831628118,Mauvaise
14.65580777699911,-17.489304471638388,-92.91055406071409,-14.85508285945474,25.170620064550587,97.29597893889428,26.891910918106966,59.58759000419371,0.6083466744952324,Moyenne
14.661762688799932,-17.458331396501546,-95.6841130926154,-11.790987064505241,9.851834892869649,69.33886708682289,16.60702421129788,100.66631310992817,0.43940096833187514,Moyenne
14.713118253485346,-17.521411380815135,-101.60793515561882,-16.684814042815397,27.049197251807314,94.83909688015501,23.765630025355613,59.1773996381043,0.5552208196605126,Moyenne
14.753893391186127,-17.365758279125856,-98.29852265745919,-5.3120206204430005,12.42783186884622,52.69247294011578,16.60303087147749,94.41500923824157,0.5041591659861386,Moyenne
14.731641193259044,-17.356376039694517,-90.85326771883719,-17.489056230490085,8.959281519391451,83.46613996380633,17.65834837803536,83.29486699750403,0.4227580724078826,Moyenne
14.663612328613503,-17.40350739364973,-111.12479528863892,-5.952782044838791,21.263612448174555,47.14497488055781,18.736128392092503,66.78789732362966,0.5159382165900194,Moyenne
14.765380495599393,-17.380115931233476,-88.5402266944024,-6.209907840362272,-2.4388715431199266,41.52134128336587,14.330471155686041,95.47183266524581,0.4084614476657513,Moyenne
14.769268530522666,-17.533476513839737,-75.70122188850075,-11.644953254527028,-1.8682565956153914,71.47710820932515,14.206288534573467,82.43320569378734,0.46379892370444603,Moyenne
14.69224438762043,-17.47320627640872,-78.19114886154125,-8.85125619429482,17.819079987303624,124.11273101548358,25.310194648901025,59.391557389757665,0.7168952933116602,Bonne
14.730082312944576,-17.48383777702356,-111.53550524184244,-12.89532382838377,12.04292496337369,38.009437977588135,9.783787535007164,82.2448979150986,0.34083893610998395,Mauvaise
14.714002529524013,-17.437009686876188,-111.79127916421893,-10.179515914405865,22.664533761172358,61.02842182276604,21.703526740211615,59.34529741840709,0.4978694928600656,Moyenne
14.772463089921876,-17.513328941065165,-105.25040977402976,-14.231936876104339,27.0694793070236,92.66989082943311,20.901576869739102,77.56778191899816,0.5473779883564689,Moyenne
14.716137309283335,-17.437323735874603,-100.14089005124295,-14.783773723003765,8.592840718504164,50.54362320937153,13.362118474565131,90.72155975893175,0.36006891754167597,Mauvaise
14.774795555782568,-17.419126926884683,-97.53494302253345,-10.904782993626808,15.874350930462619,62.511805019172954,23.957316329803383,72.17640581254757,0.5025883514675069,Moyenne
14.675914531568926,-17.52352938162855,-82.61665307416601,-12.026184561424275,12.524381972835847,87.26257503768296,23.72903414224948,77.41742109287165,0.5644885654919621,Moyenne
14.694919778500438,-17.523655858226913,-116.88257623087905,-10.886490831900264,29.35637294748515,76.97870097292213,22.416743215075666,60.81439402827988,0.5348535533357132,Moyenne
14.751574881212498,-17.54291532203137,-118.09300126756635,-14.986751861981677,24.08795425748083,53.98472633653996,18.421286325673066,54.05021888697365,0.4206774677464094,Moyenne
14.751869395627137,-17.397821510075172,-98.444919038085,-13.862590354562066,26.910819789707375,107.91054328712032,24.29315841278389,86.27859892736033,0.5965296334744749,Moyenne
14.74518382561437,-17.48379829263224,-81.65599693241107,-17.82542855119527,3.901903065216146,80.89209075543071,14.580329088003804,88.79933334169885,0.41972836320331,Moyenne
14.761749490406489,-17.50491590885104,-109.36105613739346,-18.26813078818912,22.038424810690803,59.004582696664855,19.564982700652116,69.64657621234181,0.41020351756499085,Moyenne
14.741331002482696,-17.394381120990957,-84.71725353090616,-15.451600184577773,4.291562874917712,70.97240518301558,17.16687436695312,72.64325757060351,0.43265544812973583,Moyenne
14.73269106878139,-17.521348861982094,-105.70945241328353,-17.96054396937236,2.3059886699936456,24.080163292270257,10.460333759752649,88.38767108684601,0.21686327954456155,Mauvaise
14.709660251700077,-17.46456331458054,-71.2652640152566,-17.547154079113632,28.049315587944278,135.60021810476218,37.96936035773548,62.03626242018272,0.7589145966605716,Bonne
14.710721406632812,-17.401042664896295,-70.73705306533608,-7.619002324484882,-4.324345414874667,112.93099296738538,19.273312163982844,105.90126585061351,0.5387677181714119,Moyenne
14.70280099411655,-17.435233536482567,-103.64920376452704,-18.45576824176635,28.788604628220035,95.52255893701458,31.690395967798132,68.36381550252071,0.5345805088712643,Moyenne
14.730627533961496,-17.439199971301516,-107.35034353202177,-9.774800884913601,0.22416639460821752,30.841532696832815,7.9700978774647435,95.07320532967978,0.2800775101862051,Mauvaise
14.702866310800289,-17.518507317856795,-97.37828153635728,-15.184191516584393,23.680332862764384,82.83214459125689,29.168778690377675,78.74755258730671,0.5404400546798789,Moyenne
14.669174260831257,-17.513813454433052,-106.77076281509181,-6.79836047008623,4.657289357383608,46.36095445935976,5.918195000722108,101.12489911000908,0.3646124486333816,Mauvaise
14.663848850107124,-17.433488241218054,-83.0188886189563,-12.210108015915006,7.274581460075458,88.21237708226872,15.587999201353927,88.41348142123697,0.5089447500381317,Moyenne
14.770181395781691,-17.54528662778387,-74.5664423498443,-14.72192956941044,2.5865198962694738,99.4630581126658,20.266229233813625,89.50313875819865,0.4984774866007884,Moyenne
14.653216057979925,-17.37617640220732,-82.97993279988307,-11.753054900347916,15.492991486837788,110.58501040106194,20.778488125226236,59.59488420136566,0.6260827799712557,Moyenne
14.663710744034734,-17.479905839871805,-74.66072540128579,-13.652587733366236,7.183344162775592,81.61074083858517,21.025971491445087,69.95535699671768,0.544001337458064,Moyenne
14.707889633703926,-17.466676756596534,-98.16543107858892,-11.099785094622376,18.008756382313212,66.257564016866,23.56180430610234,70.88043971885963,0.519964657748742,Moyenne
14.68418041469757,-17.49831353305348,-111.40256661101265,-17.396539843431125,-4.452343872027691,0.5,5.13257974978181,117.51355405605936,0.09092684747352409,Mauvaise
14.702760357052279,-17.37466578014738,-79.41269789313243,-5.042132960624285,-2.7468790769736136,57.95313028106815,12.520093432657921,84.53788810172749,0.49184086290892204,Moyenne
14.665268159607205,-17.42149918543882,-100.17390221721453,-13.042217712245954,-1.5118596544062974,35.268265836005824,4.930999579967434,101.79208819436184,0.26928095272277963,Mauvaise
14.667017901790159,-17.46001830619299,-83.08010461239772,-14.124771044096839,9.664778985858087,79.55895251387352,21.648693540296204,78.44248041407324,0.5065779146890723,Moyenne
14.754085528134265,-17.432938240868054,-105.1145831910029,-9.057062123572292,23.51786604309916,90.92172898759355,19.451771782746732,76.7184674902331,0.571939595634067,Moyenne
14.74868413673304,-17.473926080804922,-115.532370085633,-13.905408309065345,26.086226863243393,77.00486363756377,20.304193329418542,76.86622121485541,0.47116789069080994,Moyenne
14.6635528725442,-17.456883504343118,-65.40800124817301,-7.334159729597392,3.5683759021315264,101.89145692973662,22.58106254980267,72.35606686627665,0.6498629854377985,Moyenne
14.736812753936873,-17.478473561317145,-111.40891706381704,-12.640209858954046,15.10294034836549,62.453331417440324,14.494985293507492,96.5633855469044,0.38538971935778515,Mauvaise
14.729210472036213,-17.467865041157832,-65.63684533200853,-8.926182214283912,21.892774744241017,150.0,35.61755687621937,45.5807771274641,0.854582373234997,Bonne
14.742737153948429,-17.487004691198116,-66.2496037088454,-17.49565496981359,5.1090300471863035,99.98808131591734,20.8854151682181,87.39759513812561,0.5376738091026,Moyenne
14.711678357593122,-17.534471784490798,-76.34000428505783,-7.1543314022284346,9.315270785769563,78.77881153473632,20.6207090724132,72.91046364141145,0.6179374658003559,Moyenne
14.685098287579347,-17.542530744367365,-83.73173708549012,-8.699948185106463,13.339097093999989,88.59049406298094,20.789911202780587,76.31595338433755,0.6030900392537858,Moyenne
14.736278292016348,-17.515178759146455,-88.22061223619033,-16.03596510153248,-0.27938037571833085,50.30922139841199,7.0669364367453795,97.89830771312575,0.33060576869002944,Mauvaise
14.698276465447966,-17.499672451234254,-72.3644150042191,-16.965995863558987,-4.090619719597689,76.45130005479879,15.834511910343249,95.87251388500572,0.40195434399108076,Moyenne
14.67846387713158,-17.371905627882064,-104.08082631092816,-14.571907117841258,0.348203326139914,30.472828218699952,9.4994254745491,107.74488077079836,0.23876035929500944,Mauvaise
14.703121771783506,-17.42775026909538,-94.27753331333176,-5.3350117955533385,16.93987674387367,80.11208812627719,24.24970730960606,77.84073853304442,0.6029893004638898,Moyenne
14.749225078628124,-17.358340566075203,-85.9335516848424,-15.40435795606118,-2.4233608463211413,59.25571837415895,10.439413736498096,104.33199648199299,0.3361282595079441,Mauvaise
14.711853115549706,-17.482070627960876,-97.38452382717799,-12.614219074747133,1.639372769754491,34.024879456636974,7.629961880924184,101.24487352733489,0.31521343066296115,Mauvaise
14.688982354246345,-17.469652399239912,-96.48824502503527,-18.579716839957293,6.824885999335631,58.91063767666897,16.239478367860666,79.74922779078923,0.3398496216094147,Mauvaise
14.758142919927097,-17.40604935448203,-101.83434328738537,-13.438814586072745,-2.274547749277178,24.815591688754473,7.682565492044752,107.16821392477536,0.2354006647163743,Mauvaise
14.76461368817352,-17.434419584473194,-88.96725008235052,-11.001519783936562,1.7094744906572048,59.77448144022802,13.710356541946249,89.13103903009498,0.4128311174223146,Moyenne
14.706322555090448,-17.44442398392358,-73.21840095916862,-5.656255424888489,26.89444261442289,142.97688236011663,41.43260325165683,42.42196094817556,0.8862175620371159,Bonne
14.698709442694497,-17.434887191687217,-108.91593920965279,-11.765695370839097,-4.324530372055533,2.398644413710951,1.772973452081461,108.74779602380309,0.17365877354217454,Mauvaise
14.729650863112465,-17.433172937544708,-68.60618286856072,-7.532497433512372,17.870117346102674,122.85937459429556,30.72624818650095,63.32050279858931,0.7798712938668969,Bonne
14.65753667798753,-17.396851915159093,-82.10017904384736,-11.340213004035391,8.454312582031472,82.39004691729151,18.983504148851654,83.10644317878953,0.5311038732491247,Moyenne
14.739872010873787,-17.416383594537,-74.71997330259833,-18.429009811902745,18.54270588013299,111.94730537328368,25.145270340741256,72.11239771510522,0.6187667112122616,Moyenne
14.751697388699041,-17.358537150263587,-89.40951190534936,-14.589884147343163,15.60421021271916,92.41088615540806,24.613637874458014,84.84685901137301,0.5265622786576504,Moyenne
14.701667450543432,-17.360407396388716,-77.1265814216765,-10.942306890364554,2.8224564024125502,74.76661751757126,17.66495988262868,89.44576932243571,0.5023731675442252,Moyenne
14.672700060500961,-17.465615430064354,-119.1089781463293,-5.691684476964259,24.6523320650686,48.376198085838666,20.098283818403146,79.22262629082744,0.4971731742554791,Moyenne
14.653746388768312,-17.542855478097618,-74.98907663712556,-6.972174963482734,12.217913391327485,97.275043435925,30.83199655720901,73.40247800425327,0.6703058542791087,Moyenne
14.732841927933324,-17.547785043556257,-117.79236275030485,-15.803021401496133,23.78876066197151,62.06694793993519,17.25255019105951,81.84010202007374,0.40056268545303125,Moyenne
14.684969142862538,-17.525361319022426,-71.05476430004256,-15.91846237973171,9.210438766587671,99.68822532380524,17.564113481221817,78.97593477249292,0.5688318504103423,Moyenne
14.710305646325766,-17.53502052022038,-65.44204890187461,-16.18357846040539,29.463994387033367,150.0,42.16329006379956,43.763425113134424,0.8439948186711602,Bonne
14.700226217815478,-17.475326790205827,-103.82628958027722,-6.085015451764956,21.96712754754537,89.23520361846006,22.538366099862756,89.18371228059563,0.587521276080194,Moyenne
14.67273502347317,-17.5394250802232,-108.43247940428135,-7.062673856575911,28.808257178940067,78.68275200779715,23.01705060584561,60.09358877387597,0.6194009108766481,Moyenne
14.716087926899892,-17.42501719277258,-77.90501498780776,-8.151631948458718,13.00142676184506,108.46081348468218,26.026042494423315,84.49091493159712,0.6522730045319296,Moyenne
14.709747157956295,-17.511965154800947,-106.08355124938608,-13.501708400860814,11.579189630174518,62.18717480913773,16.334478764150163,76.6923891693639,0.3879844244598153,Mauvaise
14.731139190973078,-17.447206936286083,-72.39406892552881,-11.938670139817265,21.440883326384025,134.02938195969236,29.83086447389909,65.06902665116196,0.7526119942529711,Bonne
14.682745049288872,-17.529384243473253,-114.34365743133878,-12.49935557286786,25.810194205470058,63.101760249842265,20.14286025865032,82.81292077025907,0.4724830646735479,Moyenne
14.677903080380943,-17.384454186834343,-113.0724641991353,-15.452426494168783,28.745102855294533,76.40387864404798,27.976470718555603,51.38171232413517,0.507189417568672,Moyenne
14.75586485776834,-17.394008234361337,-66.14666446946615,-11.929607353917262,6.35931671113749,95.97027507909976,22.135322559794997,77.97456020010803,0.610852480207944,Moyenne
14.741284991845324,-17.472702555789724,-82.93886059514975,-18.573048330061436,22.954660084492364,104.67291189203054,30.239670117083598,66.90927547948044,0.6064042520507497,Moyenne
14.750386838719903,-17.367881333494886,-73.42120265640759,-17.15465477103557,2.3725959172437845,81.09174586553932,11.090162714196339,87.73361574426664,0.4596340713466606,Moyenne
14.666027675528154,-17.512859870762924,-102.16188424566651,-6.58774565363475,14.095102136090585,78.43989801594236,12.664375506036246,85.26495240487883,0.5155561530671207,Moyenne
14.679125153632512,-17.387212658957395,-82.79339377636676,-8.476483261560075,1.2946851943219704,61.33992485477832,15.401144306295414,92.53425322632759,0.4693019571375478,Moyenne
14.724819097106472,-17.440828913124673,-87.31669949802716,-13.079842273172781,7.1589076612618605,65.2596121657829,21.134353967330597,76.51606143745288,0.46017092261735815,Moyenne
14.761436175093477,-17.484083986340252,-86.8267433932379,-11.75989492802572,27.597542852226077,105.23825409395585,27.842830762921984,75.37983927108408,0.6929101284546366,Moyenne
14.7659749036119,-17.533127813016478,-82.4607147254253,-13.820015596560316,0.11317449205801289,70.52162804633909,14.44166417672324,88.92057443103378,0.4153280257795555,Moyenne
14.75814829509314,-17.51573777471845,-88.35524547789959,-8.629081859750585,17.134031329731876,91.20511648838551,22.942332286386307,75.24550651366144,0.6144864460326672,Moyenne
14.655641732990976,-17.377427478928865,-96.40156968835338,-8.021379490750885,15.753399552459115,82.31820245093,23.14609446077518,72.15122956963283,0.5584504522916741,Moyenne
14.756714294005244,-17.428622784961657,-104.82425180906992,-8.314007337155772,-0.7741576551854736,31.62053394282902,2.11619159222794,86.04782851117554,0.3077464075927125,Mauvaise
14.76688185307774,-17.5025808883207,-77.72802679977389,-8.883435852317707,6.409266531908425,75.63776873040871,21.57191013751749,74.6085359252347,0.562658615910024,Moyenne
14.657377381719845,-17.45082942450889,-107.55501634982475,-16.13693925830086,14.704352658034303,46.10695536128355,13.687719077196576,72.23281009797202,0.3654035797887572,Mauvaise
14.704116516191009,-17.528432666034952,-81.92051316150722,-14.268420290633298,1.5512513145971587,80.76026024083862,16.08281038816991,99.42501939603815,0.42903228540575633,Moyenne
14.71975934202857,-17.530231501666282,-107.16669475428704,-12.422163910228551,23.021827974448538,68.23388890999468,21.81372957503893,67.13950934684559,0.5041379749782914,Moyenne
14.680257548474856,-17.368447069672566,-85.60684065250504,-14.368898120012823,29.025477833716245,128.020061102318,32.60010303279675,49.77467861298482,0.7237018945879041,Bonne
14.717169135284824,-17.45842874214742,-78.91069530790341,-8.430837197783394,2.516578998686522,75.6875283906147,18.576297480122527,79.47195658956552,0.5244985541487707,Moyenne
14.765174252434939,-17.477686569209773,-107.97073611014034,-14.389050660500635,1.5419187676701576,17.792334721793573,6.420543701728875,103.18042816454575,0.22009616735872417,Mauvaise
14.762702525824949,-17.36018563467115,-116.70311845262805,-17.06475078500528,10.922727512910562,27.024067435019795,9.401398894387492,87.49291665471759,0.24389378114730115,Mauvaise
14.772178846563472,-17.470199864278566,-112.79644413532043,-13.413433671323743,21.171784699901124,48.84521600535995,17.272244240500406,85.05673913100692,0.41561849709886284,Moyenne
14.71293427379129,-17.482751574389283,-86.6701668000936,-5.281197941046676,4.856021358233798,63.84833705708908,16.297451739966906,90.61945974322809,0.5167018020641772,Moyenne
14.703373702888209,-17.495402765768432,-73.28044765758455,-15.837660218929937,-4.304203195595186,74.42223824343786,15.005031727366994,90.42747963395072,0.4088173582377452,Moyenne
14.736552416474206,-17.436987435850583,-117.52517483205166,-10.429778774794793,13.942721981151287,38.18548747076691,8.658667955345956,96.16838231550761,0.34176226621574163,Mauvaise
14.704178875088134,-17.438317881544858,-79.62168075270947,-12.938377302244112,28.481019871855764,114.88365187807105,34.02071193309859,52.0198527023071,0.752375255595175,Bonne
14.655452797480113,-17.546761164800607,-101.22747447274713,-18.005656052909426,8.694689939243094,51.16372921474328,10.491109058115152,89.55177284331548,0.32189488287369794,Mauvaise
14.74358978878216,-17.41918753520854,-93.68093965442625,-12.169727516027168,9.704709396408514,61.45889549581438,16.885431430094414,72.86875045966448,0.4556600966532006,Moyenne
14.686527912366767,-17.39233857939471,-68.9127247584939,-9.169699398923626,28.91156009899133,141.48416963687254,37.34164178925898,45.96585294045188,0.8854932970616991,Bonne
14.656381090594735,-17.426807091513922,-101.74156723952851,-11.814920338410538,19.31126640693549,72.72334545973713,23.220687394963633,77.32028940262214,0.506133217140934,Moyenne
14.652680739948497,-17.376022372343193,-94.40646863332827,-6.790515107547865,20.171017299474382,81.447422940777,26.09562902123724,80.91202124332034,0.6136746420417005,Moyenne
14.77107696491505,-17.494716727792667,-119.24746718816255,-14.954881766793843,14.694570187987367,43.725550114871794,8.781339925041156,83.07381293226425,0.3045988866981909,Mauvaise
14.682769881123741,-17.511604119446254,-115.51207039973389,-17.79251160174449,29.11132238021346,77.35662009088779,22.941778990047137,85.44944933466552,0.4501900754904629,Moyenne
14.708226895027998,-17.410544381236008,-105.77746248758687,-5.888081436787914,19.110326954894465,73.85359403242757,21.27066673551581,81.30034691719374,0.5443756271711013,Moyenne
14.77357493887685,-17.512288179559935,-118.46812675484091,-13.705251106604933,26.32614630618093,53.2971955652099,19.438533089640245,60.29875720275464,0.4466929742538129,Moyenne
14.710777207241494,-17.531779024124948,-85.27435706734619,-10.930322279649133,19.47826030066274,92.29012290748238,24.604104662476114,60.3423113466935,0.6377490055955066,Moyenne
14.66021921205842,-17.530676986292068,-96.54809037591076,-7.911956234177257,20.729053869413857,83.98259353488434,20.441295492886546,81.793958565715,0.5967080112365426,Moyenne
14.721751686142065,-17.396321301354856,-89.85201384995878,-14.459608705741871,5.164382274978628,62.37755407473719,17.729665429734553,99.14910419121053,0.3964920383230145,Mauvaise
14.661465824949028,-17.54425253966638,-110.39440477570187,-8.973696465513443,5.621754430483664,24.70243544288723,11.005325874697819,97.95177379887272,0.3102636988099917,Mauvaise
14.66236142418856,-17.492108659032162,-103.7237383809861,-17.104136102550406,22.404462735161022,65.07269464930997,21.75597268464543,72.50877606668114,0.46072134178132373,Moyenne
14.76069201959432,-17.524162718011187,-83.48965388310012,-14.921887539122926,5.384720120946486,74.50488488647821,19.84633797915753,76.7148538882622,0.4552149402485833,Moyenne
14.687624800637396,-17.3990179706401,-66.90835020032802,-16.974051094088722,14.696952478053607,118.41715401352981,20.97431257486669,76.1045660427553,0.6478092104017503,Moyenne
14.738227126014616,-17.449301382885405,-117.2270774518785,-7.642772182380991,3.7273308817345683,19.67540639157984,8.562318461184432,95.6317849247212,0.2675361922213093,Mauvaise
14.716160163592725,-17.50890151710047,-71.02886235296037,-15.882910706825005,23.594418328317428,137.76061906877405,34.18515659045453,61.688731288175106,0.742242493993309,Bonne
14.678902469856574,-17.39991782026975,-88.27153392788354,-8.956350224327057,-1.1324527070308497,62.47988535191802,11.737575912717634,108.12396300671189,0.40422254241989447,Moyenne
14.717316638824917,-17.39992669817237,-88.9844238284407,-5.7938224385608645,24.030632391658255,92.71337985992702,27.715341163208624,62.78534980823282,0.710361101529806,Bonne
14.658969159666968,-17.44539547058627,-92.48468056357318,-11.611189073035721,16.095543017766065,84.17559553900679,26.08436436078815,82.82523695771303,0.5390271029754716,Moyenne
14.695137605446662,-17.49483004258896,-116.18332527526991,-11.439591308350373,1.5418337189477054,5.7522888200671884,0.2329248850523249,120.90504683155022,0.18304438932418177,Mauvaise
14.717968709252665,-17.432744580147556,-115.05677315451116,-12.545530046630631,13.971238492714136,28.582648936270616,16.933377320641494,90.35956442341615,0.3270716457080153,Mauvaise
14.679691263951135,-17.363293979849164,-86.94983968875027,-14.437537992489002,4.887459289656915,64.53137321284869,17.177590374532578,86.88257032296237,0.42051643392518145,Moyenne
14.735824456923577,-17.53967272247476,-101.24727857104429,-12.34082956705116,6.321356715567381,55.071979701436405,13.856394848786138,92.17655309476346,0.36429697079348144,Mauvaise
14.656735549820521,-17.496610030675644,-69.55025633822757,-10.560694548265367,7.303481455890811,99.39298030823088,22.78223361075717,71.12883809257855,0.6230337172055607,Moyenne
14.713025286723182,-17.493006160921464,-97.63752044522903,-5.196117989610769,-2.783826355968767,46.972199810846014,2.9535318013025913,97.70957075681436,0.3707041570981066,Mauvaise
14.74294945156762,-17.423637667283025,-112.11951977135475,-5.871296169544861,29.508658954049608,78.80516242095882,27.205761644468865,68.68091547204581,0.6124555122685461,Moyenne
14.705892987664381,-17.41976712066761,-80.69046415738802,-6.929858583896294,-3.8962880154071566,57.880911069781426,12.965160987697175,96.45391351520036,0.44677728429359415,Moyenne
14.763696233991462,-17.50873692101126,-103.86556182074446,-6.552172500131983,18.187390561449746,75.08371345888519,23.463097130680712,79.89770944811549,0.5419432425701234,Moyenne
14.732185061561287,-17.506779880467498,-91.09913309542588,-12.450111433911399,7.992967671510069,70.68058325771042,16.12905182601089,73.88496595400699,0.46061070331617593,Moyenne
14.774604079087636,-17.364357463096166,-81.61919679721565,-9.795779419515492,17.610360183134464,95.00761070342867,25.5028391124719,67.33318370086167,0.6518883935817013,Moyenne
14.686935835660748,-17.39874023646744,-70.48547388388613,-6.4690658788930016,7.468688858065432,115.98249319816857,27.722431051206563,85.50324164718086,0.6701940498273764,Moyenne
14.772042613011116,-17.36314606029366,-76.42948428590782,-13.498689290121057,18.581272619060055,115.30825253676862,34.99225382676663,55.428092046166306,0.6770813582395211,Moyenne
14.728886936685141,-17.38406740236746,-82.80014126700017,-5.535325303163436,20.52324283139263,106.4366150447689,28.414262067621973,64.65973491927681,0.7292734700527301,Bonne
14.746873256897741,-17.46957640394726,-82.6201749682671,-13.178995131031439,19.169342413987568,97.04012602267615,25.243205960326495,51.50512486895032,0.6361270322588566,Moyenne
14.767280945215647,-17.525618472630967,-67.97414457823524,-10.584842684494982,-1.0113306524646704,97.85759905293264,20.932710229261044,77.56053179547101,0.5542789652820059,Moyenne
14.721655634438937,-17.424089926748653,-103.72967463769052,-9.062734014186793,17.991263212913964,69.7802829606445,18.52643642733607,83.95187219030558,0.5060982748033294,Moyenne
14.762083502953455,-17.47960178754847,-119.93883481920969,-5.691711816936863,4.799564230893406,16.737014711492268,6.178891251104389,100.77881139889,0.27646983550204174,Mauvaise
14.720420602146447,-17.464917601881638,-105.04249923309908,-15.575372163268275,-3.991952030073327,15.383596495378765,2.6629309242277333,123.43444042130558,0.16001318964594125,Mauvaise
14.727895860590241,-17.46482405181119,-108.01597412052908,-8.554166304659008,9.519073516113389,48.083795602607886,16.549802573729632,94.74003031507385,0.38666003758306433,Mauvaise
14.70786281447666,-17.36269607566716,-83.5990978187301,-11.70858179398285,10.174008598133037,91.52405965299131,18.76365326698549,83.62074730015688,0.5425125390831722,Moyenne
14.668933011739213,-17.536227516161482,-85.1458620128959,-15.240200031311025,11.351094667335627,78.60399800249922,22.58630355018725,69.81224897237409,0.502611789716072,Moyenne
14.721955420335352,-17.511379247706053,-87.3596239512402,-8.127504242850533,19.668845788675068,85.49040974279387,24.726217758442107,64.69460365915737,0.6483373643681128,Moyenne
14.777068269934603,-17.428411425797012,-119.10661062348005,-11.268888077566148,5.80953331998607,19.788813054767445,4.534839921509923,95.60353867620462,0.2364126383356152,Mauvaise
14.752334179445196,-17.373248386822624,-79.91720700521438,-9.746366510904538,6.034817958637291,69.62360841156422,18.01718315493934,74.99046409384957,0.5319936090461537,Moyenne
14.747174803017947,-17.366411469626,-102.20582731329796,-14.479385039909385,-2.8806710315558792,27.70487772698394,7.427314916536845,111.3367067439314,0.21714036746907384,Mauvaise
14.733630144354851,-17.438261414697013,-83.42192060463529,-12.26216467441353,19.03874255973036,98.68225925328228,29.884536924990513,73.80175161461281,0.627235345784026,Moyenne
14.695228127553342,-17.54308775623312,-89.38818643238156,-10.357040486167062,14.873913198985438,93.53723114923358,23.799090474753374,78.59270296933167,0.571066589455077,Moyenne
14.672049975282189,-17.477423793132107,-101.1497991014651,-13.331248600222185,7.229878944282582,45.36234828993682,12.33453517524921,84.77104152785579,0.35723175418168474,Mauvaise
14.67919170821355,-17.366233341565465,-112.59830530927407,-16.22278444213218,19.681614262107413,62.80429327447935,17.788263218234043,81.76081770300264,0.38998253625607154,Mauvaise
14.650821871640545,-17.450011182805383,-114.80696062867355,-5.537033107585744,13.8075212229407,34.32953382223215,15.17599334140102,73.03117535906087,0.4194211514963612,Moyenne
14.737552454716786,-17.404677344163304,-74.2664916788277,-11.839454439403356,11.42357310546889,110.59403839740757,27.791163847861338,84.01099305748035,0.6215358243936422,Moyenne
14.755544082612335,-17.4961613159101,-69.48813518551431,-8.725114815972193,12.896359028139425,130.14562059159917,19.635777110706982,58.82955678898675,0.7299305973315684,Bonne
14.684958475655748,-17.54499860593282,-84.26165742796351,-13.245339290215187,17.27218438434698,88.75517403422604,24.782282453937565,60.77301584499012,0.5957377607803817,Moyenne
14.661940551953755,-17.434327962754356,-114.31112368267341,-14.028155303639972,18.10009116011098,50.207557833524426,14.988394148823536,83.0222161896092,0.37716019414150065,Mauvaise
14.69364451881685,-17.383003799112718,-97.88850307114676,-13.299699821460251,5.113523669925101,71.80685144618124,14.326248186424692,94.52416972605725,0.3771608938742325,Mauvaise
14.687966659824207,-17.35194626062199,-79.90834399421635,-13.271246987000904,-0.07398228130963691,70.5405612624363,14.779979551975291,91.48034120361658,0.4318379327434325,Moyenne
14.708613926901105,-17.380674578432227,-77.10985137944625,-11.38147837681265,0.48219634166815606,76.37195150011486,18.506639599209375,81.14333471455701,0.4848399319752126,Moyenne
14.684333267061731,-17.439201127535775,-113.49797577399013,-11.391421820260916,17.378681006605056,54.11879477623504,12.204802870635334,91.81071963787483,0.4017149813064167,Moyenne
14.694165251694853,-17.428254482239893,-119.99831046350397,-12.039846577639796,25.55056500184941,53.4326491285001,19.666150385450536,60.740855097433595,0.44938301949639436,Moyenne
14.7679821213154,-17.38516719202577,-80.83246247656672,-17.112999011155868,9.332369742094313,73.59174531746078,23.94191391301915,67.44313855193542,0.4853375179549666,Moyenne
14.693528595875648,-17.546037860634478,-100.3872103207587,-12.054943300992564,0.9332056115311831,46.266452676484086,4.094571707851839,99.0118946125619,0.31250474560455616,Mauvaise
14.752117346074886,-17.359671130361107,-106.00352676099568,-16.632545394110878,21.481087440284913,52.73259207595562,28.476457246477658,63.51419277129408,0.4390805309318251,Moyenne
14.73135838102918,-17.443755750830356,-119.2906391615761,-17.234098991859288,24.1371316046807,48.14584342557531,21.716926215324413,85.66980558636367,0.36356909090838985,Mauvaise
14.693879932932079,-17.35958955110202,-90.28353262811751,-5.942959957223652,25.82038550923383,113.81817154392107,29.479093344019475,51.053332886422204,0.7459440288522213,Bonne
14.756312475071445,-17.397096366683837,-73.186709551571,-10.53069981593214,16.23910001198066,111.20845435714833,26.266797343620308,78.65549649911652,0.6869086079651407,Moyenne
14.727359889047515,-17.51953646427706,-67.33025945500766,-9.76713918625582,25.125499578582964,136.23998614393767,36.49700344493427,59.40389467090989,0.8410689601135538,Bonne
14.651120434587858,-17.516948037072076,-88.88402771626909,-13.374888615332907,-4.460476454305732,53.01031121506357,9.01966386012583,112.12292539240977,0.31287871755530405,Mauvaise
14.658934666204413,-17.47927080479746,-91.70462697430582,-6.2742675131919015,-1.2467469380666767,40.79972197287165,11.35264537278243,114.10937571535693,0.3875830774693552,Mauvaise
14.7478431427288,-17.49720239561284,-115.32189879809174,-10.068973145884684,-1.7598376531765436,0.5,5.9074316118244035,111.00845056635457,0.17547367548844875,Mauvaise
14.708048612646076,-17.462140248140496,-89.81199591515701,-8.231621826669775,19.941163948915655,95.39804674201065,24.096320785607464,60.39397186677909,0.6489541249985625,Moyenne
14.70271601292666,-17.429219225824923,-99.1011506569033,-13.840125433612005,-2.564637575974734,30.93538234401419,8.207480479619214,103.36194739582199,0.25218004652031534,Mauvaise
14.668957533945456,-17.462684100102653,-86.60755955140327,-5.559833668532244,12.372753036320745,73.56326992174519,17.47099379463304,73.11822270401073,0.5998694662469054,Moyenne
14.670451417214965,-17.538715883058558,-98.62005086678994,-7.5135419377835895,11.54474145227012,66.5310167509563,15.323499070236803,78.54285467676752,0.4956682811107092,Moyenne
14.753707818512467,-17.35487367696982,-106.78354821022982,-7.04472151779639,5.874623324538433,39.93311553630404,10.86814499720454,97.03495153470428,0.368636211401265,Mauvaise
14.75777222741499,-17.46497557315973,-114.7769098624393,-16.58928025603944,25.464180947973492,58.929574996955125,22.7267956847541,69.50612239727282,0.42803243373044586,Moyenne
14.722800330283034,-17.37978499913566,-102.67948554761074,-15.206515089802927,0.9651620657998601,31.044542651661892,5.478096074402284,94.83686412976907,0.2540699416864996,Mauvaise
14.68836661527474,-17.53520914154777,-114.68453411417363,-15.001227604429921,7.336197453973394,29.47182884992487,6.6733761897848645,95.37414477511732,0.24346534122514746,Mauvaise
14.771251106166817,-17.387987024056663,-110.27066770468089,-15.207270874543804,22.09600250080252,72.25476126166406,24.25413796067409,79.07922467961251,0.445492196883027,Moyenne
14.731115110829379,-17.51531907245774,-65.69651127812497,-7.024285730539969,-3.9352189962350517,84.18314715384284,20.737293614175858,98.72407432262688,0.5520058638129172,Moyenne
14.753563475528733,-17.414119011400608,-95.57430437013598,-18.55361286707971,18.553264008622904,85.8677185320798,23.161649927645538,60.21047604896121,0.4856263075932907,Moyenne
14.650426779637469,-17.417638660748985,-90.7470528422241,-17.93460015426916,23.57392042265497,103.39945275020577,21.030340341417897,61.40707649665555,0.5783572479595276,Moyenne
14.708541548113796,-17.36803865634663,-71.95098091945316,-15.165191811181348,27.629374359335856,145.97653949727314,44.691116372796515,48.56607166688608,0.7964522992531161,Bonne
14.763223381221593,-17.485864663929853,-65.24371047301217,-16.201778354907788,25.67038241720197,146.74093062023096,38.07417434151538,39.96097415095167,0.8116408896783316,Bonne
14.693970326820255,-17.52820804801687,-87.9507052860425,-15.753965405640123,6.178444089178981,61.542085079554845,15.604462838246427,85.97034978954298,0.4096370304891302,Moyenne
14.744451652993396,-17.377086836748028,-75.31393984257056,-7.828795350453801,15.522744946303341,105.31179893463697,25.938962739950295,69.3433948806523,0.6984257361123343,Moyenne
14.735497727266724,-17.483684494071927,-102.01824366148286,-11.116227685511344,-2.294727739733695,30.72235802226494,6.8164064122647385,109.27150484554238,0.2636140324551861,Mauvaise
14.66978838762606,-17.503493242187908,-103.18408234039899,-18.919210741898446,4.025450124180301,53.18567529673507,10.863134035299353,97.41447108438048,0.25819248206634987,Mauvaise
14.750737497543073,-17.452758277602328,-97.85129534529919,-12.989481280141266,-1.7022167438372415,32.376207439746665,10.41237852783875,95.36859106677633,0.282273391506812,Mauvaise
14.664628482740664,-17.520772861997642,-83.0121005529493,-13.289611024094974,6.031555155388734,83.38083891898285,15.389666922192815,101.00750825185773,0.4735336049602487,Moyenne
14.744628832554351,-17.490607329385607,-82.47945709096956,-17.404766227776392,25.631552471055514,114.4235762820487,31.136792113475728,63.86459640443137,0.6561526399099243,Moyenne
14.778825883781282,-17.47294387318707,-102.6618310942802,-9.5340149595796,7.150839388600241,46.66031596401323,18.165583858694703,96.60840680558469,0.3823978620142983,Mauvaise
14.774537586135528,-17.494548941301787,-112.67345417248542,-9.170639362687124,14.666433605049924,55.91116911098337,14.504566462915026,94.20869738663605,0.4069523572515662,Moyenne
14.75403142659741,-17.459948099851385,-85.21820589439703,-8.907494933270632,10.168329684022929,87.58004999893437,19.773885595796852,82.06940446933038,0.560734227917997,Moyenne
14.71948726514986,-17.473069865543177,-112.94207757961794,-8.801406762179711,11.062078350455735,26.192230633633315,8.388874395701627,101.62743230436568,0.34388396687742834,Mauvaise
14.737727194856696,-17.39508179377788,-88.18291204738685,-18.999260422947845,28.935021814279537,109.3792929575087,33.90829897087253,55.62825548361884,0.6367210813613736,Moyenne
14.744654090744731,-17.36631826461506,-81.861782956903,-5.64510874614589,5.365406389235028,87.61555250726582,21.1972150886758,85.34021306787078,0.5706831766017437,Moyenne
14.65109219815617,-17.52981535665043,-81.46636769830516,-7.6010772612347175,16.956356433310997,102.55491212053118,28.979983746340313,74.00279428793156,0.6737318207620631,Moyenne
14.663307608723885,-17.385339491311164,-78.55903391372217,-6.344256247750007,9.702193435280646,82.66330826030669,21.51947094406694,90.37935482210946,0.6100680936056729,Moyenne
14.727617687170252,-17.363645758459615,-71.99273181388844,-18.780993865695923,-2.8598836633309825,71.34096902993791,16.884382150897963,104.49695536722764,0.3842245071985732,Mauvaise
14.650849490218578,-17.412677370806264,-92.50225544193664,-5.925976858999649,12.126579106848258,78.6272721440936,24.12779428006179,85.39158498536389,0.5585653152650859,Moyenne
14.768157734600553,-17.350716064765862,-79.83629457587358,-7.662960598366535,23.46701651657879,125.16761450391353,34.69685533656381,63.2054043045472,0.7675767131765016,Bonne
14.71365615271926,-17.48299140006702,-85.94549955487898,-7.278931998578219,-1.543646096140907,56.94820097628131,9.486034661913761,102.4049186230647,0.4296388378856338,Moyenne
14.683509719828665,-17.383938011683007,-109.73480331112746,-17.693976613892442,-2.564285341129186,34.12477409631376,0.2,116.85562827428099,0.14708366577995244,Mauvaise
14.701196752047688,-17.415259499064625,-118.58706953218255,-8.657107595139632,0.3771032137643333,11.749407130463435,2.6488154346238444,119.22609230551802,0.19687839951004352,Mauvaise
14.7606009333832,-17.48531424256051,-104.35022378776864,-5.561166345010726,21.75400389862571,70.16477880098154,24.10092878356427,70.6093225743891,0.5817618496509077,Moyenne
14.770535073589334,-17.409064703297933,-95.63314615143094,-9.50033722014575,20.33983844506583,77.57768004790432,20.498612282925464,81.1036322637509,0.5753994202295016,Moyenne
14.665110547462051,-17.44807563218849,-86.0591730564239,-11.01214033525551,14.77562191171387,81.45157519039478,23.195856202083007,76.78471811156179,0.5704830878101412,Moyenne
14.751134882414224,-17.512205221840578,-73.25223682232371,-5.761184511514042,11.387924143242135,106.93041625237693,24.542166814836957,78.22786574950628,0.6920786777938069,Moyenne
14.725169525368148,-17.515224063518108,-109.20648558116089,-12.798880295717897,26.09140351459177,68.62156518190277,23.354571473504524,79.67054816336588,0.5073198940891271,Moyenne
14.726115358496383,-17.40732023064683,-113.09476155558376,-10.609890071653298,21.834423834171886,70.79770305571878,17.066841278106864,82.30094733289748,0.47349872389994685,Moyenne
14.751328775846456,-17.407613907536653,-67.00860288891198,-12.331263891078873,23.417978795563183,150.0,39.81110713865901,60.69666549144466,0.8136129599960317,Bonne
14.678969809282174,-17.443845247807715,-114.05754923429761,-5.9401529009558125,23.4641805472729,64.09505977621768,19.948690792985154,71.36069612299248,0.5328402537830526,Moyenne
14.719035845836745,-17.449716866544453,-93.68299114410459,-17.934813825282898,17.49510041609453,72.29714650355609,19.820472732335315,85.65069778231218,0.46297185778599825,Moyenne
14.691515840008606,-17.51399231086223,-87.7939949163684,-11.984324188445125,11.030511851058105,73.43348136387068,22.74584653579289,85.63007480949344,0.5045882258807849,Moyenne
14.662286604846948,-17.46414277539914,-90.2244068500909,-9.382665820603863,25.263721340497764,113.1913712417698,25.3134997528415,62.240298948568025,0.6965563568651334,Moyenne
14.66366032792236,-17.375720495793782,-115.26823136318812,-7.913308462088683,27.410259616113777,60.359996316446924,25.696783886769197,78.30493574602019,0.5305545589732938,Moyenne
14.66774129118127,-17.37905453878097,-116.86351972980094,-10.837738935782092,-4.166788485957994,7.975573358778605,2.1541944270667663,135.1247317408356,0.12959510316009734,Mauvaise
14.729936980357628,-17.417816219638382,-114.19841148964304,-6.275151582299644,-3.1955794356812044,9.268372980522518,4.962976259610453,102.51170036571756,0.22437639123978168,Mauvaise
14.663757925789051,-17.350528664406056,-87.79267738700631,-5.8121197436257965,28.556015391795306,114.27822230418539,31.787034571479655,49.098422292253154,0.7861439520429123,Bonne
14.724113499536722,-17.37136433066208,-90.06103118011234,-18.09953087528983,4.700621484546817,56.674827459419134,13.280732186793323,111.42903642337208,0.3384883370997634,Mauvaise
14.726478617537044,-17.52095391528638,-107.14425643797907,-13.36681244642076,25.567930387729653,74.23667408269688,23.64912680091736,71.83337159270407,0.5188364101246159,Moyenne
14.767506546315845,-17.47017271938126,-84.92242219849246,-18.671573695903838,8.607829163649091,80.3647242288602,19.04932228601541,83.69108658926541,0.4360602980029547,Moyenne
14.731428957522317,-17.523612503048145,-74.89628738693929,-14.3881667967578,-0.8314979836725538,85.27362666126706,14.246041969309921,89.94434056796693,0.45647349945495697,Moyenne
14.778126419314594,-17.45678207671416,-117.71315720843734,-11.48384494841157,-2.1844879926733007,0.5,0.2,121.69669194131095,0.13650575275149482,Mauvaise
14.654029035392309,-17.394723435051034,-92.60285310485767,-6.248870972860717,0.4777764678159766,47.428167917164984,9.824326398971605,117.89237531272587,0.4018438434070563,Moyenne
14.741538997763865,-17.51884225801425,-82.08792733435203,-7.1482394854843605,3.7462618203577644,74.30163222777536,13.381597647907636,82.37329242609077,0.5281303344045418,Moyenne
14.653442410146896,-17.37391559351602,-106.12284401116722,-17.2150038265922,12.098142387578918,55.08887681766288,16.35959413619472,86.04286664490009,0.3391010090220146,Mauvaise
14.74481908512371,-17.4361884896919,-103.07260020887679,-17.69757475362746,19.552426519802424,62.61371798433208,20.4543970780418,72.20345593772824,0.4312132786613274,Moyenne
14.700160527196525,-17.40021110904055,-86.24991533558389,-10.75025725740666,29.5239501769855,107.89048594038067,32.554159348734544,59.34185146778728,0.7367302962844277,Bonne
14.729470009501036,-17.54096883757848,-70.61355886059448,-11.550348385577042,10.452736015120987,112.25414318091174,22.271107126551588,82.92141856730274,0.6386235043580664,Moyenne
14.690239949371485,-17.531232369329828,-75.45415688334054,-15.270713019979667,13.136472982008844,91.85728634276515,22.305457245234603,84.5307707053558,0.5738928942141676,Moyenne
14.670683655089844,-17.42582776272047,-87.92783794952291,-6.407656816246307,13.263549548413948,93.32961230073629,27.31748355372398,83.13230397046802,0.6043098151483512,Moyenne
14.744056627351606,-17.382361617414244,-79.83780552335129,-6.016870267538252,13.880202442077763,96.78872671459507,22.891137387696773,92.64939139654814,0.6550242491763515,Moyenne
14.76760064943511,-17.375226983094958,-99.93476413857107,-13.363439863237723,13.12092299865618,49.972498303545976,19.03906383318743,78.00332779857904,0.4231309337158627,Moyenne
14.673865717681005,-17.412326134946586,-84.74689595456832,-6.535764200410716,-4.692883572832876,48.70114797634015,10.541471324618607,94.02981576206014,0.41448207265019743,Moyenne
14.769691390156467,-17.509812255970534,-94.36001248798436,-13.624715480318383,-4.9396312261555755,38.74170538266932,0.2,117.13224368274044,0.2586178010381743,Mauvaise
14.668223674196591,-17.510995657067863,-109.55351249483415,-8.684564354384198,-1.581678865585698,12.334062327170724,8.926447890313835,108.49608959126603,0.23680659708255353,Mauvaise
14.74563604473144,-17.37372745052857,-81.40439493675086,-12.336808954331861,-1.4455188799787413,64.88172883816083,15.548850492480426,83.64818156618587,0.4214960702847929,Moyenne
14.77472787056327,-17.527352922896547,-89.3944449458148,-17.28383580889944,19.671391813417863,99.29285414459287,23.178908075442898,66.15904791373205,0.5519827595692677,Moyenne
14.669158214628311,-17.412785827178308,-100.27581299255247,-6.008921182681698,2.172061138059992,38.257717505679814,9.338808735959843,100.12849948614281,0.3797567990413485,Mauvaise
14.706561706078196,-17.44329863219265,-69.87634454567531,-12.642647692714487,26.31499366644645,132.34374019351583,33.51622487331515,45.43337800927002,0.8119852989775728,Bonne
14.693869472706591,-17.465715980772583,-118.84862351952967,-8.71718143548635,27.501221535195683,56.5679111082162,26.132498278184993,62.8628849377577,0.5096945114191974,Moyenne
14.700502107523933,-17.461933086767228,-102.63247668127772,-13.85956659796191,29.156266826356457,101.15604438621486,24.765046815277923,59.70480785746893,0.6039288580562144,Moyenne
14.74790816608713,-17.360958527452965,-116.87152312222943,-18.735667699932716,27.867845671045707,76.53461679696684,20.033206886867717,61.06093410264557,0.43744826998103836,Moyenne
14.735954561232223,-17.3777113600206,-77.84099760781051,-17.592574978314296,4.5160912671483615,66.54307720948066,16.7282314898274,89.78696946134887,0.43328934281440235,Moyenne
14.775929305380165,-17.377003227223653,-81.38409002374141,-12.052927287141058,12.842189564622938,102.05964936241729,23.746239387554073,59.09333634506874,0.6006623033677183,Moyenne
14.674112335436336,-17.468676338371278,-101.77562796950257,-9.340499000230926,1.1409239568929355,37.264462093914354,12.288126480917098,100.92513847034942,0.3255178466959465,Mauvaise
14.720623913012364,-17.52860375825254,-82.83854037861099,-14.313705427890092,23.21733793103516,119.00101865139285,35.62677076649624,64.92914917179215,0.6704869854042751,Moyenne
14.708386398904473,-17.350432113376474,-98.22345255922275,-9.263161571512896,26.095109680043365,86.80644392726701,25.691379947635504,62.943070181602515,0.6344783454181934,Moyenne
14.769451294160348,-17.520931382548905,-78.40604147176612,-9.219101747952616,24.79510937541302,108.15384017281175,34.04923899462473,65.31534871328351,0.7516684019947342,Bonne
14.651380500222006,-17.44688353393427,-95.01989854948117,-9.144897297410369,10.167843204389222,69.47776918384015,17.106241988566264,73.55948398748853,0.49229368272141805,Moyenne
14.778592152099721,-17.497076162280322,-97.32461496925839,-12.104694043712882,21.553585964037335,76.12750839007367,21.07906714225352,64.01234037550509,0.5586169766650138,Moyenne
14.712365460868428,-17.44785142767002,-68.58985464814344,-6.191593898298944,-1.5847290648305696,75.12144951661618,25.151907251556228,86.44377811242023,0.5644179121459327,Moyenne
14.731320154140368,-17.48901336117947,-106.20164950601149,-12.151248748271382,-3.5914330283262257,7.727118723340283,7.403698239956387,114.52054507263635,0.19209672752499363,Mauvaise
14.696806832254744,-17.37062267187581,-113.3753963001889,-12.696287291047065,21.363274500806632,60.79568555061482,18.84025099463163,78.85840472232469,0.43786832105182527,Moyenne
14.760828467060414,-17.35633168085823,-87.85012877072981,-16.208668533851224,9.88743460150393,77.54527002100076,23.919287431794277,98.83707736666226,0.44453052423792916,Moyenne
14.72305843286539,-17.467987143472424,-66.68730032437017,-14.69282877701129,29.844224265884918,150.0,44.186722010743296,37.78108399793655,0.8604221968786171,Bonne
14.73616542171247,-17.535962071884487,-99.21884324500473,-18.407317104743754,-1.5961024450563661,39.48836362935013,7.401717175954152,91.72311169468584,0.22721782525212078,Mauvaise
14.734357612047887,-17.417332780130906,-116.58797800041701,-10.130505889373616,24.946968853733182,54.32690659008732,20.634976713451252,87.85154556842569,0.46608883713610033,Moyenne
14.697317678186705,-17.474674887190307,-101.33821029797379,-15.5204995850207,11.799407293514712,56.76006848945434,20.32758992829943,73.63615575170856,0.39073615942894707,Mauvaise
14.659878829454861,-17.352806268808717,-92.17375901242428,-14.741826437203489,23.950256842635696,93.11362313388977,24.665903392107445,69.4123336670933,0.5923865771423446,Moyenne
14.755001809392226,-17.532125044423015,-111.09423463522825,-8.208596696699503,23.599454875955068,62.65608868909819,25.657708382802678,65.12380842333987,0.5285774812972274,Moyenne
14.687663069493961,-17.526174711860968,-83.80437800689293,-14.418903435739646,27.059720047672705,109.9139595797789,31.934934048903017,39.273815229578545,0.705042859393182,Bonne
14.7603609297021,-17.410115377162693,-65.12378360443897,-15.60925751181601,5.4247503950135965,109.26294301347562,28.57803124349858,74.71278171847264,0.5844636257586896,Moyenne
14.729123591142807,-17.39827007952925,-95.15432882102058,-16.63319151212812,28.242977371170106,109.32456173845927,29.45038928007341,66.4752793496384,0.6108280200417902,Moyenne
14.695981514552672,-17.455780719141888,-100.4899293798383,-8.151982369452618,0.30834361251671005,29.25090304074041,9.057183913237207,91.01461845561926,0.3367219061906375,Mauvaise
14.72725212936657,-17.494547079511975,-97.96127082410433,-17.184112388139624,-2.1310927842278318,45.45381119377771,7.118865192886625,107.67485959392457,0.23792839349138586,Mauvaise
14.733914050006987,-17.48803799017391,-113.66696018826394,-12.64744735649505,10.10654310803222,33.88742586783927,8.69561324129649,99.10388022296529,0.2999097451536805,Mauvaise
14.741868843008627,-17.482405406715745,-71.4199519215577,-11.902978374919279,23.99130390246449,134.4973213495274,33.98676486474701,44.37763176909624,0.7944307219354623,Bonne
14.75690395748592,-17.504943601871727,-97.18458894632565,-9.376541222399997,11.569739572170597,50.33024177872745,21.22154577881114,81.71333931510874,0.46543720498461805,Moyenne
14.670768142488338,-17.379871490370533,-98.69990737163373,-10.134031247338063,24.025033713567993,71.80212641883277,18.330064071408383,79.39650969685731,0.5788319689908172,Moyenne
14.77273877001992,-17.536984558489042,-83.71703498882391,-7.649910578767553,20.539038202800683,105.91204782683816,24.359466661457596,70.12275322075973,0.6975847702388751,Moyenne
14.703409279875576,-17.468544435184338,-95.68816184878821,-18.373479925032665,2.3299935148626743,54.30796888384145,8.96372368525369,93.70574219453879,0.2939887312974351,Mauvaise
14.761858538788928,-17.400479371031803,-84.34715921556847,-14.849829853088439,28.210856871481234,113.66049952733644,29.991059707279835,57.783385876963436,0.6987388791051299,Moyenne
14.678662347397813,-17.549234905110655,-116.62045404280668,-15.078122337144684,-2.8726590979708804,15.360661135951588,4.701918547684511,107.01882058865866,0.12270313618787673,Mauvaise
14.653773766386614,-17.374393496643815,-75.2452160952775,-16.955763321710485,26.439789764032824,136.84219996012843,38.94505813503546,61.75420700030911,0.7311761798452119,Bonne
14.72453472567097,-17.40874135752413,-68.27228259163286,-14.951504446009796,5.655520714663091,93.98143100988645,24.839661021376507,87.71087868252357,0.5523684705276035,Moyenne
14.692206616279417,-17.535325208633186,-84.31790376123377,-14.663285601999352,12.505182910753977,87.9167187638386,20.328949518663357,77.40304793818807,0.5274535247236177,Moyenne
14.777980060643232,-17.371000682201114,-67.49887391276542,-11.693617533015304,9.782315544525707,130.6319785071375,30.228170612082504,74.52490075006999,0.6723067210974093,Moyenne
14.663578949113,-17.452539001473838,-111.67122270965201,-9.708137295032415,1.014209492092066,8.246828355378064,0.2,96.84178193036914,0.24022137362680093,Mauvaise
14.656149372580458,-17.419552133221938,-93.74210957858054,-13.664592809434602,7.53514032405926,65.93485387585244,21.890807794782102,76.81846144013564,0.42255654005548154,Moyenne
14.655852316411908,-17.373593325096234,-86.90062963300039,-8.927416761612664,1.7527052702478345,59.19238374260826,11.757783926090692,89.63865800497095,0.445776164174441,Moyenne
14.678193580379093,-17.373767531062107,-88.00448439183474,-14.29368525988588,2.1360266411183346,66.31960014346572,12.90754344611636,91.91236700123054,0.3911564264607622,Mauvaise
14.725294845127493,-17.4682511762985,-97.91960215010262,-14.936028517593355,1.5469892609233122,52.768844037219225,8.523000178626258,106.39905598135746,0.3019342761814887,Mauvaise
14.71572323857381,-17.502462102995015,-101.40535748485563,-11.423367218001658,12.1156083121308,54.75221219031609,12.769728456496058,92.04998123614841,0.4226943033252941,Moyenne
14.695509854628362,-17.498515691130766,-113.02467875972697,-18.667970955718932,22.927597862896043,68.66454000791363,25.266020309933552,76.24113154069542,0.39882119004517225,Mauvaise
14.661543103964199,-17.396811682723257,-98.4541652190747,-17.882952269123994,14.913951181643434,86.22544864503556,21.34749189282772,88.94915456926509,0.4271081261076814,Moyenne
14.680385822323261,-17.364113927799174,-111.05365516919832,-13.148426389788622,26.262230599279466,70.26344530967567,26.161193736515575,61.659132556632784,0.5086130095734642,Moyenne
14.673939118422012,-17.53555386533727,-79.60988779292799,-5.79922204051541,17.279057100185348,111.50041445234659,23.560871426422633,76.25246466478507,0.7133753942386027,Bonne
14.746936688830285,-17.546996054385197,-108.51429854779755,-8.898835082192068,19.126904047141156,55.05597440140028,18.951641822281662,71.73033896571555,0.48491383073892846,Moyenne
14.75139302979017,-17.385412987705454,-116.77890820935063,-17.76622802699219,18.36625304044511,44.36243659724384,16.546845323033065,92.75531067809858,0.3135963087403895,Mauvaise
14.751011821698036,-17.47267947934919,-89.61986242005212,-7.151547821067767,10.731071761430941,73.69497666710734,19.957067956632947,81.19866590486029,0.5470578339479575,Moyenne
14.775975270773838,-17.49471015100837,-87.26236470043291,-8.747789211485467,19.126858777002898,102.2831849685386,22.36585314554651,52.50416841508885,0.6624960880922185,Moyenne
14.764950933023423,-17.512325230476833,-72.0447816295722,-10.446748640162856,-2.560228873586359,88.04082096860995,19.218666281531192,97.84572946857993,0.4969385558364613,Moyenne
14.714714617133206,-17.48070387803435,-88.2660113170275,-7.515898551471517,25.09480151704821,105.26014500220998,30.037907349329583,67.06334904480113,0.7146451150303891,Bonne
14.703941682718192,-17.3557063821444,-100.99855304521049,-13.342462131598602,22.223425020537107,91.01829263007977,20.342011841623293,66.68391340568412,0.5441667266712762,Moyenne
14.769049907302229,-17.35458404509126,-75.83434651605236,-15.898985288046061,3.583048538108759,96.48808753142153,13.400361077399811,82.13911135171915,0.4894263895190865,Moyenne
14.729459282766259,-17.48369729468866,-90.28466087469184,-11.83167255247737,21.881135898892882,103.05317825624884,28.537163363552516,64.71814489608445,0.6292046609242908,Moyenne
14.688271826713327,-17.35726197634218,-115.63958434528445,-11.316215421691368,-4.5575089509993525,0.5,6.6872564158453995,99.01711098576692,0.14439172182453955,Mauvaise
14.72338032360297,-17.490027310052078,-88.87821918277143,-11.463430791861231,2.6036300368308147,55.219656929030975,10.669401491772724,73.43229119592286,0.421942891771474,Moyenne
14.778979424950496,-17.379103780946586,-70.05898000180858,-11.088966919278526,-2.7201966465186422,74.96028986636782,17.086560498042846,101.74782141098308,0.48383621287549566,Moyenne
14.760431107819807,-17.50759915816905,-98.20280559759787,-5.718131144651469,22.307942081626315,91.26444320924153,27.576069335253894,62.3676022653576,0.6449536420697148,Moyenne
14.68656636308774,-17.384702482325604,-103.70208089551099,-6.368561276652761,21.45559529124355,62.9235074002035,17.914231592137735,87.47021587184989,0.5556068595401945,Moyenne
14.773884075369237,-17.479253920488564,-112.1091798640089,-6.739961488174849,23.477260833064072,67.78361713020108,18.755999323486662,84.54418018162562,0.5299100300722468,Moyenne
14.777590074492284,-17.51085529601141,-111.67049629355535,-7.78016464727922,-4.843140733606491,0.5,0.2,125.5696828733069,0.18377756429902198,Mauvaise
14.680051704724004,-17.363044018515275,-96.19756836119996,-5.792006498286005,12.543145433744279,74.13879361218441,21.065082961674648,76.52611053556076,0.5448368659843381,Moyenne
14.766426975405174,-17.50716313351427,-87.23760967111588,-17.621075016488355,19.669266913106778,97.17235404716105,30.21189116234636,54.852741178208014,0.565532862683926,Moyenne
14.764816353300848,-17.351632954848153,-115.5661527156719,-15.288274339759647,0.43903950586554075,21.08472788996746,3.3362829978159168,98.69505496108577,0.16586147397202303,Mauvaise
14.655167964520425,-17.528285221522303,-68.32372760361588,-12.069216760835811,17.742675462941865,134.4666506263069,28.98136595581144,58.33429395628525,0.7466433081316417,Bonne
14.73705959509802,-17.54799584332196,-78.46765104051423,-7.148517096272327,-2.056146524161,79.97322347882071,12.768646755123777,75.20321023925169,0.5085910389809616,Moyenne
14.689686492694053,-17.375841290784585,-87.73568449439855,-11.927680038681746,1.3464049636509614,71.22869603313728,11.343498358775918,89.79268556037466,0.41752669470435677,Moyenne
14.737699641443944,-17.432679118338307,-74.4358730983555,-8.527513649217758,11.652888524811036,103.9138394543233,22.17265979807428,71.56867473943564,0.6596772463093487,Moyenne
14.768762630244732,-17.465674739584994,-115.58972837533376,-17.054561326515174,17.874780343838573,35.97667791821291,14.749826706864788,72.63531751483264,0.32852269154362657,Mauvaise
14.714841302238638,-17.533607214893582,-93.77386172467816,-15.466206618328158,0.10541944338636355,38.37508951484084,11.977421460118688,89.7267697693976,0.30323171635449925,Mauvaise
14.703873668002524,-17.435021493803664,-85.34487802260851,-8.755134669472586,1.4828165790828258,47.18455228520368,15.638036630730555,90.56446373001145,0.44116959469529393,Moyenne
14.769799065254364,-17.47125488295282,-74.4240901634941,-16.693723875571862,2.155622847298205,75.12096574923169,18.435807342177277,89.32326097383726,0.45021200838835107,Moyenne
14.776634939306009,-17.453275617402266,-76.90917419729027,-14.081016914831025,3.354528164464247,82.51404945517224,18.60112025654947,78.78620761452872,0.4893444106681993,Moyenne
14.658090722613194,-17.423921627719558,-104.76119126576302,-15.29187239061,2.9293846984201934,29.287510798441964,8.139499960607742,101.37941836841524,0.2525181000301081,Mauvaise
14.769970248989267,-17.422013278873887,-68.25159067424377,-14.101936280885301,8.830218797417286,106.19164861334134,21.401461804707957,75.44567755092834,0.6091825677964798,Moyenne
14.660759909357846,-17.357880151729393,-113.16097872130213,-9.083463312908416,17.882637779285304,53.333335088048194,16.391908583992585,82.26183440573365,0.43818136719286593,Moyenne
14.693847207739866,-17.418989317312132,-71.86765097583663,-13.850139464000787,10.331112409706439,102.05469609596454,23.327224088887736,68.66077257468484,0.605407545410948,Moyenne
14.749134635915942,-17.482119171963554,-66.59828627174598,-11.226313483488838,22.159086806246084,128.12645654722334,31.159930911782855,44.27947052525811,0.8059705554279276,Bonne
14.75101480765216,-17.484073434446984,-110.25655622275559,-17.600953721238266,20.174397708201518,58.48678049721108,19.644400419123354,90.9429093479638,0.38177456457476877,Mauvaise
14.74435684578829,-17.45456780941847,-80.28636646879181,-7.729752294715212,-0.5715580082823513,61.18213709230645,12.664491020869585,97.971493454211,0.4711983555838849,Moyenne
14.655084623447939,-17.498134460026364,-117.78429646721008,-13.821559240926252,-3.2905431837739623,0.5,0.2,121.65554709201399,0.1016177384154988,Mauvaise
14.667285586243132,-17.474712204374743,-97.70174461734648,-9.920521773533206,25.727954739986213,102.10515934586743,29.35687114712736,63.277610963113844,0.6422095259670879,Moyenne
14.771708144768567,-17.381577445614035,-91.60441854412792,-8.844545576734344,-2.2059126702994303,43.69662070161427,6.54359847690993,98.99806254519567,0.3653406623155896,Mauvaise
14.660589980491466,-17.37804767942656,-88.06451257497012,-16.064747090436192,0.19187132518995753,70.84173169971267,12.58809437261234,99.28568824927372,0.35479573317242274,Mauvaise
14.660210969206505,-17.424441504359933,-68.52345134632922,-6.6145502106531,-4.225335355465868,92.51254989581234,10.627788634767581,78.0735157998824,0.5605859442475631,Moyenne
14.758633971908523,-17.433431811601185,-83.0262121988193,-10.372860477502659,16.99177278545288,94.20454236428061,30.43266595205809,60.65616583500948,0.6363768519931718,Moyenne
14.733364547918974,-17.464580033653295,-93.52971268294196,-12.99784801547926,15.382969710542199,68.87643772875685,16.955479867683504,70.17001408833784,0.5054997539125295,Moyenne
14.695715287259873,-17.422820216886233,-75.46787300537608,-16.447307429904924,29.541628325233944,136.36743924596703,35.72092528859001,44.96573181675762,0.7727141730485383,Bonne
14.671542363319311,-17.388789330853704,-67.7206948475075,-5.807786869383106,26.04263387110102,150.0,41.54274022443496,42.977059826075724,0.9139333326492716,Bonne
14.764942154586066,-17.402430588418206,-118.786361822474,-8.429045142157248,9.37951121183184,18.90068007562836,7.286862432173428,98.9850041255547,0.29604370579396244,Mauvaise
14.778509908491706,-17.542908096864462,-65.96133002591787,-16.087656121734515,8.005504431938725,117.14147020591417,21.92519453438495,75.12647018265152,0.6044929751113726,Moyenne
14.656496324697567,-17.403774000278876,-115.26273235149758,-14.272049153860857,5.389821199799478,30.500517315141778,8.570138213695088,111.46539739646566,0.22174212059589798,Mauvaise
14.722034739671725,-17.406010466565,-75.20872714021812,-7.664560386766974,0.33424220132584814,72.62144306138005,18.982512428305306,109.16606138814247,0.5113333173078223,Moyenne
14.683969466037755,-17.53020189266226,-104.58158860967231,-9.260512714985254,-0.16707201892968282,22.46874661938901,4.379934555268214,93.19281377966662,0.2902173763279386,Mauvaise
14.758210288361461,-17.519950527082177,-112.73011882353705,-8.27901990197986,-0.37007021966380993,19.31995381767544,1.7106296956561664,108.42509348986857,0.24124321179416486,Mauvaise
14.694989501930724,-17.392418297763935,-95.80793981573908,-12.823184569018945,-1.0059834984627507,42.32931571345063,7.4568057037131386,101.68615684058622,0.30690982888851703,Mauvaise
14.742901807594224,-17.43820208435068,-84.58238813038125,-8.969332323009663,3.4179214841937924,63.55729093439004,15.167637311244125,89.16340002268296,0.4769270502048716,Moyenne
14.720138044798416,-17.385674201882868,-99.04764852370887,-13.589087879905208,5.733402060959074,46.26835804665637,6.667791228607826,83.86608238260227,0.35461783748881937,Mauvaise
14.720398039607346,-17.513051173018805,-116.99890254445155,-16.04231916286525,28.65526398636206,63.84823722533712,21.5647973165411,61.19455699895592,0.4595846172299138,Moyenne
14.761539926053453,-17.543877047058732,-87.0296373187706,-10.142521512220961,15.246563785066002,76.0239087285783,28.563964182525936,75.74139238968333,0.5738115195598407,Moyenne
14.711152575370193,-17.517611649065763,-70.36781981391289,-5.335805041616881,29.565852107964837,150.0,36.37944963899576,38.710525378652136,0.9375947871079044,Bonne
14.759927939438782,-17.459485990943396,-98.92315487290116,-14.651586400465385,8.036343173898564,50.073785552351616,12.251855235804296,90.5387150266836,0.36300948204240613,Mauvaise
14.697245487644885,-17.445341448878022,-108.10169723030451,-12.546425709024446,11.016932140630438,21.991249199358418,9.32540547824554,87.25446048038958,0.3351548707770601,Mauvaise
14.67272178252036,-17.37845977558947,-95.65824597369516,-9.56398080502205,6.36025307078477,55.91052023981214,15.808276837942094,91.2751196140344,0.42630744768702894,Moyenne
14.70921205909536,-17.406759894029587,-117.34005089231705,-11.41891205028517,1.4010677813793437,3.391478974671638,6.521321709081702,99.21512424413612,0.18784911371388743,Mauvaise
14.714786251579012,-17.351921871894184,-74.8731828535849,-7.19201086007331,0.010764772215271279,92.24769623175763,20.34287485932885,90.93761554168812,0.5472324762376791,Moyenne
14.712189815692913,-17.534256081724926,-74.55125539773974,-8.335602109426777,28.077771923274113,130.73484950303092,32.81746919040199,43.1915635685864,0.8476278823884728,Bonne
14.755082953544306,-17.523955785492017,-87.65997451137044,-18.183839145927003,29.538373862956455,107.27364414795429,34.49524581658074,55.37882999123301,0.6515423483016678,Moyenne
14.723408262389812,-17.533128881235886,-100.57934110838858,-5.022102725067164,-3.4281676221943957,32.22224623104675,9.698763379170629,116.77530714936026,0.323538942187509,Mauvaise
14.765497729328644,-17.442308390684374,-76.01191495548191,-8.466365647927459,0.2621056156118282,72.02037686284375,18.108293019639977,91.92628466823886,0.5086353268952029,Moyenne
14.716844114339072,-17.496627845838734,-89.4922136366398,-6.905353571882415,9.82334323053579,67.27427366876606,19.98929453858245,85.09377867280226,0.5335939204578318,Moyenne
14.679212960774661,-17.41327341198058,-74.57372302974912,-9.88323203066515,1.5216716720542571,86.34402525613025,16.549439374120315,93.96548716249153,0.5250597594304316,Moyenne
14.666834459234158,-17.52346182230867,-85.26976640793387,-7.012008207345328,7.735813776940915,68.18928619727772,19.230980872462773,72.31278884006686,0.5470252853738853,Moyenne
14.7628871667228,-17.529361720087575,-76.85769897329615,-17.42663835099807,-0.4816277549128323,62.72046696997525,19.471620470026583,105.01161598464533,0.38362071614124726,Mauvaise
14.657302463857288,-17.45796690600141,-87.0790353730232,-14.131670302169582,10.977911485262657,93.72944685314057,21.191502564412026,71.37176989759377,0.5148313672371738,Moyenne
14.66528924954957,-17.474820329347335,-97.22224124813836,-6.730106789537102,4.509311565924074,54.376802910818085,8.383909391209247,100.47426034832004,0.42460780953475624,Moyenne
14.658275607459293,-17.38416701680098,-67.31297770406243,-16.176827042263508,7.316676951553129,104.0876175262452,23.194006646807424,82.02277213270429,0.572609325833249,Moyenne
14.705085445633637,-17.382489184991403,-90.23873963166353,-17.904610619879683,-1.6990571988038345,49.16821055094883,13.85493970642206,91.76878202053588,0.2903532802267394,Mauvaise
14.719240030131166,-17.526514266425306,-86.7200764802704,-7.966334840766935,9.98448177485496,82.5917483981795,20.611340435357118,89.11684902545883,0.551363627481527,Moyenne
14.652583715032938,-17.38753544403159,-107.8731798321888,-7.303193820993853,29.414016383654946,89.2303266494963,26.191384762021613,67.3458101186745,0.6307796183631034,Moyenne
14.717026201695909,-17.437167003524277,-85.5892065814998,-16.722868945341393,6.5091566408416615,67.46885976261358,15.938140745324135,100.52215281971465,0.4111970748371622,Moyenne
14.70118873126778,-17.449288345224662,-88.56157927843809,-7.039156241041983,25.675024619485228,109.72453667335117,33.54176202778963,61.45470621874818,0.73131770724254,Bonne
14.750573873719267,-17.53104732475108,-109.83388811291363,-9.385250861639626,24.51196995682898,64.2526967120229,26.70375592372729,70.24014505906979,0.5288523645500981,Moyenne
14.757894360827008,-17.402073846201084,-116.7227096455771,-11.718842434967826,28.322044640402375,62.70363292722269,25.762050241383776,64.75625662060074,0.5010388523577495,Moyenne
14.739045766730206,-17.53807324352052,-86.76023741568758,-7.37649730106061,22.653832929348308,105.10080519174696,32.81937481938928,49.37989856516239,0.7150590513267394,Bonne
14.711554419591161,-17.494461646070082,-77.99692518573238,-13.130510509534478,18.085888947058525,109.52357649395061,27.285079725636134,63.23255128968836,0.6572426586214104,Moyenne
14.678099317355459,-17.530913693047196,-91.21292459928955,-16.28408461287244,24.980455547961018,106.78347446355038,27.061287981699657,59.86599114846386,0.6099676516762572,Moyenne
14.760124932749333,-17.443846478031816,-107.52750560741949,-15.012062527451409,-2.3524361769927626,22.3950605863261,3.2496321930106884,109.77725363158812,0.18266331811662467,Mauvaise
14.694416988205774,-17.420953988258084,-83.34129128188309,-11.927703743893593,11.199073001958272,74.65259714973789,21.78561887864047,66.44005398704608,0.5449396207365904,Moyenne
14.696317945335343,-17.371828970703916,-115.59418503647187,-11.56136890257554,29.62396835152706,57.8752364845284,27.571872423679554,64.63172988477942,0.5152956250297169,Moyenne
14.769081501134314,-17.40322561580075,-95.6991462358925,-7.721868429822729,21.936005295315628,84.22572851153966,28.358162742563813,72.96421952888667,0.619850196287473,Moyenne
14.776827643227728,-17.35777912021725,-111.01482828808689,-7.921061868867318,28.672638231302805,89.2490704723925,25.831065022845035,71.21905660975531,0.5981052488777654,Moyenne
14.766757024329985,-17.397810033423113,-109.85475219170641,-10.860868199135952,22.28720246467177,57.008591543429816,15.858318160632333,59.3540336266288,0.4938722415310389,Moyenne
14.77977051406294,-17.49038537934151,-108.8738327962988,-8.06900323288333,25.620868860475046,70.4904402903401,17.764701189837325,74.77526122289521,0.560910863626669,Moyenne
14.762958149707192,-17.44048303788737,-98.73111186258122,-16.315171583888606,19.728537130611684,73.32341587918313,22.975475073929864,70.83645705033325,0.4828361367271623,Moyenne
14.74156647729061,-17.458412072136,-117.18673869087813,-18.29909662069388,21.617570154603392,45.58532946200933,19.757730183217177,76.98934717446197,0.3452644400876534,Mauvaise
14.688196521944292,-17.436806255272533,-98.1213607488996,-6.7691264831141975,13.311230344382523,67.24206536687618,17.73668383199449,62.60276689602259,0.5328433960619791,Moyenne
14.773884416356983,-17.435582132117524,-91.85609040869146,-17.942237087321224,27.34831952849465,115.74750357177902,35.73890554183946,70.99616264448169,0.6105334469185234,Moyenne
14.763961488109787,-17.409579782906196,-93.41881432685211,-15.546361983584038,23.876361871817657,98.58848658703144,23.76954516453281,66.02595090662908,0.5840744091211176,Moyenne
14.681297083014035,-17.533391237070887,-98.94687447783276,-9.265534705258617,24.535973798297128,80.4340132928618,21.918719743079727,53.92404678522711,0.6167832110336365,Moyenne
14.713591121521437,-17.40065097422365,-73.84693655610862,-13.267728873217672,18.55531853370683,139.59668100845465,28.149452255533802,66.25528810239105,0.7104903922944318,Bonne
14.659107235881322,-17.52125127735335,-112.00703191687228,-6.731604421182876,5.660298148053716,27.537227805113563,5.652855893158597,101.23457448209352,0.32646659882337015,Mauvaise
14.773930152224738,-17.544758539015998,-92.18667909202443,-14.828282874728227,-3.7529571613451234,37.158963569811306,9.686449910895798,112.51849884075808,0.2692415619601003,Mauvaise
14.724459882603789,-17.44621889160771,-116.5877220673895,-18.83380114662897,27.74792952933406,74.59350254152668,20.352712391417,67.13986343493058,0.4309232594951398,Moyenne
14.681876070970661,-17.43370460786756,-116.08643766171497,-14.790821032149582,15.51421220819239,35.92891544791879,8.58617398029845,86.61496840781108,0.32046675756517834,Mauvaise
14.688011910771104,-17.543029785976596,-88.4373782677597,-10.906949311412356,5.435003990184908,79.82977416507788,18.52615576949889,83.04535223232973,0.4727801096354871,Moyenne
14.77748532844188,-17.446925777043997,-88.86898663116985,-13.736862744353893,0.2197287746638228,48.39703794860557,6.7698090431388405,100.46701261143899,0.3523558456720812,Mauvaise
14.730029857934545,-17.443085958326908,-71.70815679355486,-11.511781419377426,24.033310792526414,143.60299814738053,31.511808007992155,48.354112714162305,0.8038648398719824,Bonne
14.704688806133833,-17.539501019747004,-89.31694783869597,-6.727626336309738,24.27820680566526,104.32598359980092,23.865693308190483,55.059212862839985,0.7174277205487894,Bonne
14.71497991003212,-17.407682942977065,-67.21149387773323,-6.225209240774841,23.5077788845686,149.0844360386102,36.55278619320401,52.79190150434455,0.8830522897308836,Bonne
14.662811509409055,-17.507942059643124,-117.32178333800387,-15.27636309484243,17.577894218837518,56.92288243268081,14.800044921338543,74.37884042529859,0.3553663606239466,Mauvaise
14.659752958809474,-17.391108157234942,-114.60957733705924,-12.53003337422139,7.810538565715657,17.72393733426058,14.103387891079286,109.45660555798862,0.2532808596645384,Mauvaise
14.72705200662905,-17.487835574040023,-117.57637761362902,-11.311983786619685,5.642459967308994,27.611252557515233,8.539469780782788,116.42805979383546,0.23680499221970078,Mauvaise
14.716560524737242,-17.45442149370716,-109.8097732316553,-5.71242560356454,-4.700583045864043,0.5,5.601109786842416,108.36649353508002,0.22877202564536342,Mauvaise
14.696689914869447,-17.371629824116226,-90.2301438982077,-5.019357531698615,24.176264554088412,92.58380963923791,29.208663777384672,51.66403432601238,0.7203970188521963,Bonne
14.723594813826477,-17.38876410662949,-84.49353002149147,-15.704298516218627,-1.9398555877225139,52.054012109679974,9.138570117800535,99.43062264369918,0.3409794813497639,Mauvaise
14.659447873426833,-17.39362728428291,-117.49281631282322,-8.822281801158583,17.076424931426867,44.44415522047714,14.215334548491168,81.10795229302144,0.4023212145238327,Moyenne
14.7727188522861,-17.517913160476915,-67.97160105849204,-13.707565128735268,12.642623139403092,115.99765149484858,29.83703884927187,78.28499714138135,0.6555260637412799,Moyenne
14.68818251941195,-17.540371522660077,-73.68090428422904,-18.886485243593015,13.43412756242229,106.27362916835251,28.726994940970158,64.05145557627264,0.5754453089901224,Moyenne
14.65933124278736,-17.42884820986388,-103.68631348135987,-18.870464685897367,27.434949585772067,85.77304848541124,24.49701855923946,68.60601742595858,0.5084211801396175,Moyenne
14.672035555434634,-17.46786167150223,-115.75468583754426,-12.55207589412842,-3.893474605506526,6.160401579509491,1.2267871543521385,114.4524217897376,0.13158445063666915,Mauvaise
14.662411608882728,-17.368184544713905,-110.65621097295185,-12.163311217939315,22.06872786200703,67.36788206152673,16.919351750347975,69.48898384611121,0.477275919135785,Moyenne
14.673218585566758,-17.48008134728738,-113.0180572434765,-18.684024247971802,-3.1781660571442503,16.26630525672249,0.2,113.2279568675019,0.09786549880108822,Mauvaise
14.70417802712746,-17.467890329800415,-113.21939213855792,-9.383016165159766,-3.664623792261798,20.75806428206745,0.2,119.10746023931638,0.19282341887563242,Mauvaise
14.745946616211617,-17.44479989139022,-91.47910712338464,-14.883952559670657,10.043619434948369,70.40185778061104,18.086724076949626,83.79931914903855,0.44314996934596307,Moyenne
14.685405285169155,-17.390719866873578,-106.47839066286298,-11.161496578496708,-2.7923688979961647,15.233286380093277,0.2443959741717312,108.60286957649303,0.21949212361040046,Mauvaise
14.706670460852413,-17.49634018917984,-100.30231559089705,-14.787132975684138,22.62003829525192,85.63442911946035,22.453983180249352,62.48572097972159,0.5333002431210757,Moyenne
14.77073844742547,-17.361635868567525,-65.57720666386226,-16.660119591829698,13.534708277691802,112.43412669670082,32.23102311627434,75.71478979320258,0.642748275508093,Moyenne
14.688456826112377,-17.442015777455694,-82.36271630910605,-13.299567659615747,-3.9836426069078943,52.58646400381105,8.297110432742441,106.99669461391424,0.35633730452656853,Mauvaise
14.753313567924412,-17.38180454776512,-67.80606331241492,-15.748172892932988,-3.582475973132817,91.55978799377132,15.247208558948854,88.24372134348069,0.46441605120870216,Moyenne
14.670516193422708,-17.444876303308796,-112.15938947317863,-11.512786323131646,16.443398540881777,47.222807978818246,15.46948649333323,82.45665962983195,0.399039373528584,Mauvaise
14.673181827013442,-17.395601360851998,-98.9823288842087,-16.21640057598928,23.21391361804417,74.49232846606924,25.346585127754672,79.3563343141547,0.5078877728802303,Moyenne
14.709299873551915,-17.539715849503143,-89.48975081947052,-11.882316326975221,10.322983594617074,62.59496627321288,17.406803957000587,72.74964426791819,0.4881155002917664,Moyenne
14.68043329256063,-17.3901575036634,-115.7783065961194,-16.796700791835853,14.410323503746856,38.38725922924118,14.925399350186478,92.76009219387839,0.28955559502429445,Mauvaise
14.767393649593254,-17.445208114038014,-119.76969060046231,-9.60635406719901,22.994030891746554,57.51476005845126,18.947786816414954,73.23580733671383,0.4505421642268676,Moyenne
14.656597797846052,-17.460116882362684,-83.12611164116953,-8.444872417820063,16.36771609146367,106.44940861318862,28.782832002700342,84.71657072449028,0.6473444998146963,Moyenne
14.727645433598699,-17.527678066677627,-84.69992657592105,-17.45448072050093,2.866608318058682,68.63038548019426,15.116845748027528,90.60928914320502,0.38475725419362405,Mauvaise
14.728549821499437,-17.401687492218297,-97.40661545002135,-12.450766231477251,16.45682090543175,89.39367089859623,18.88900279792572,86.8764558300255,0.5087986462449072,Moyenne
14.658583370577528,-17.523767269499174,-93.0695758182382,-18.00779619083177,16.989781067282475,80.9227203160363,20.270599144677995,68.00499683632272,0.4815938713858927,Moyenne
14.745233347933215,-17.5115364374392,-97.15063496743507,-10.625445762411967,20.693744330839433,81.12286822985996,24.403981346773417,60.75831421357645,0.5752096866940742,Moyenne
14.710956680786586,-17.52471534885807,-118.67972253353112,-15.298339828984965,16.730596564488042,17.16617754406118,12.042047359971917,84.10896429219684,0.29421794909255045,Mauvaise
14.743999538554325,-17.54868487845727,-101.55456165803957,-11.61325760425809,28.92347456603133,87.62529072010567,25.994826282865713,63.30815601724863,0.6159476429037295,Moyenne
14.757500248171558,-17.417617243986566,-110.26047595314905,-11.755545868619922,1.9050908050973971,29.183492769109357,4.3975351872300426,98.86423359564942,0.2532043243472943,Mauvaise
14.69197691575879,-17.495831191045678,-114.58666959942472,-6.059039153286793,28.28817378484767,80.29069994555094,20.645315834221957,74.02701743115412,0.5844469675210516,Moyenne
14.712983164781614,-17.52010590816184,-67.38037613608576,-11.31283488403788,13.84188216225057,112.49524782381707,29.703249204233583,65.26290569160437,0.6998671046865323,Moyenne
14.683898901369842,-17.486005503497136,-87.03521512268088,-10.838021283943581,18.51846491732192,98.77508276043073,21.262850601554852,52.58849862682286,0.6325606152947528,Moyenne
14.676196750257903,-17.450183061690666,-79.92390436698685,-13.376856239298675,-1.518844089173355,75.46670665636195,14.872491486558141,98.51463452353079,0.4184736170119696,Moyenne
14.650077318545545,-17.449317495823145,-102.65499412036354,-5.712885555440565,8.320157948233746,48.21649111741667,14.924508902845233,83.4862297534591,0.4437028504858004,Moyenne
14.775272096570378,-17.476560798333608,-98.37690787782917,-8.119397267845464,21.928270126211043,64.34955319989466,22.17523391657563,66.67725131491552,0.5852338215263821,Moyenne
14.707320701012854,-17.451013545791714,-106.9691803356802,-15.004325935760217,19.741885528464664,65.614484482867,25.146217571256834,88.92254103952041,0.43229408670066044,Moyenne
14.651699070497655,-17.464531708441,-114.66688809690164,-7.181065799132751,-3.5951214142106434,9.967492399333064,0.4028681090675345,126.81576341646937,0.19318660572737206,Mauvaise
14.651162015083846,-17.385466950603103,-110.15325994071289,-12.94645095740874,14.13079922240356,39.42167338544755,9.653889527133316,81.18190058121333,0.36784763064071735,Mauvaise
14.687485833911655,-17.544077206501765,-76.13672750869327,-7.398659990529685,-1.9102632461056697,70.713800496015,14.171232380673375,97.55818896851463,0.4957127508598463,Moyenne
14.651811898232316,-17.376393973335393,-82.73498071489233,-7.479567043890972,29.85497502123568,115.81651449012429,35.129207699460046,47.015580368590435,0.8099266747970041,Bonne
14.69868690029561,-17.501216948864275,-89.91891182079877,-16.355817385320037,26.405380598665314,85.38743071332989,31.35904994849679,57.20099365003918,0.6088516023166967,Moyenne
14.658182005187063,-17.40564355699275,-93.87005699232776,-9.184024160629923,-4.262176885001207,46.11258463734164,6.389664660851899,99.36236996636076,0.33389333435589585,Mauvaise
14.65510270684954,-17.4689920767319,-69.26611439891315,-14.930998429708565,25.05273526159208,138.323087774617,33.259063816381676,38.301172670110134,0.7907105768248164,Bonne
14.737019581229692,-17.491133407099042,-115.99957787217323,-14.835102620102646,27.180036019544268,75.9421896300339,18.141231104083502,70.90820140498565,0.4709433203600666,Moyenne
14.767889367627575,-17.426930525400024,-104.56695527191462,-14.85112692367187,7.374187789720928,49.84312915243641,9.602699252089517,95.03659006232161,0.3211823247167205,Mauvaise
14.703220255829295,-17.39622311622738,-100.75341805361073,-8.842044534160726,20.182557926671805,72.25062706888178,20.190768142350215,67.7154430642952,0.5567740880788877,Moyenne
14.75878015593587,-17.46001270937928,-76.96658032829667,-15.782435414904494,10.473631117272262,95.4386303956049,19.98831617248897,84.67421127504922,0.5408219300072892,Moyenne
14.653804509947648,-17.456689231386903,-65.41169589109157,-18.987318306554737,17.933136960172043,135.19581003164978,30.460662826927283,56.84022966998859,0.691762330293399,Moyenne
14.751099707276124,-17.538228703046464,-106.76312168835658,-8.986684051243136,6.911109150436701,46.059978764713165,12.449059387698952,89.27015735027696,0.3681284442701936,Mauvaise
14.658163999001976,-17.365200803874433,-71.91309662246056,-16.603413586308246,6.289573282164392,98.90824735208193,27.178355302737337,83.76751582994196,0.5278009196051607,Moyenne
14.758997125015656,-17.38062066071075,-74.31574817625147,-17.537246465690316,9.855186110015266,108.2183454827189,26.15450355693556,63.303370205511555,0.5582054527620308,Moyenne
14.764707624833369,-17.470401442491514,-107.64384312970283,-15.674774311683159,0.09487155283754056,20.821859891784495,9.308648250150725,111.56034148801616,0.19314326387716307,Mauvaise
14.752176599509701,-17.39700987736789,-98.03670808904276,-13.681392687482145,24.08986375523839,79.5401753848186,28.472412202203,63.173356123580604,0.563551146374552,Moyenne
14.756697373173466,-17.48734416485831,-97.46799218891145,-12.33731141537519,7.204426337657283,54.19479192567605,16.428692155436124,97.68868822344267,0.3879661782939411,Mauvaise
14.722992993623201,-17.403915641397447,-66.19786323103929,-18.37601943002317,9.005234386704581,113.11558040653183,25.121023150657468,83.4867545192145,0.5776543168970044,Moyenne
14.684435042535744,-17.44666165668719,-110.05094542416059,-5.411973343216953,26.29191144457506,61.88493251016283,23.309239747907178,73.83547695732432,0.580731235323697,Moyenne
14.733620030345925,-17.45784665555605,-76.04631158923698,-8.975117252126186,12.381833492210998,90.79116060954615,23.78921636094669,66.39048698423476,0.6426748295167094,Moyenne
14.707140414379927,-17.538695400548377,-101.61940072047895,-14.475283085459294,14.048886827280203,64.92388280153361,16.610109039927625,72.05363511414801,0.4289012229146106,Moyenne
14.650693752919477,-17.35691561563823,-79.80213098231118,-14.538238398004438,28.47743436719845,124.0403912535045,35.207959514389756,40.56996952128031,0.7510088746647715,Bonne
14.711987341836528,-17.38251820602432,-96.89939476373854,-12.72040430884157,26.03542341007462,92.0151484764977,29.450706674480823,71.97842048318836,0.6033321334585033,Moyenne
14.73465443019157,-17.391322386402713,-88.1902130285903,-10.232572481317538,0.9313348110953825,55.061766147980656,14.05532995230553,93.30332622973063,0.4111442136774423,Moyenne
14.651804875759872,-17.489016760469255,-74.20635246706279,-16.95077706775445,11.562526047133677,115.1390601143663,24.63605708047853,68.41154778794431,0.583235362550686,Moyenne
14.730776843694061,-17.492081963115254,-75.77089392588637,-16.354982607290665,28.995367959999093,145.27430552915135,36.94356092061413,48.446729910339,0.773954495377397,Bonne
14.734829147808192,-17.435361380681073,-72.34672490531649,-6.967915840330287,8.032820438001094,89.17737901665082,24.60201161232057,85.95504726582423,0.6324260461282915,Moyenne
14.670553985171058,-17.380755360754772,-116.72104710604376,-15.412431065552983,8.005058798067003,19.321991811216044,9.753357985705092,103.54730716330228,0.21808582244396646,Mauvaise
14.706039644070346,-17.36307431876627,-81.93721958281404,-13.677270028347515,1.8260581126204025,77.15887707821368,11.04322833507776,93.82331670026859,0.43776348442298096,Moyenne
14.775363238115586,-17.49621419479844,-112.30069428030305,-6.802194086698361,-0.9986910058306178,17.906927608649518,0.2,113.03656829371047,0.24953314030762647,Mauvaise
14.76494459961397,-17.428517039936118,-97.12997875898739,-9.715930388402484,20.91066767645936,82.36870776400188,26.96390640969399,71.87493453847681,0.580761266780642,Moyenne
14.703406784971573,-17.40521944002131,-89.82763717199214,-14.216033689216363,21.951066404553078,88.09434797700564,26.74346476319673,68.10784821939356,0.589531562858858,Moyenne
14.69548001484314,-17.504721570963355,-97.84932833892431,-9.42820635985531,28.915453722604994,92.0267288998103,27.72132290709905,61.31876439007733,0.665228218973401,Moyenne
14.666130488526992,-17.468506273955516,-91.42135783083458,-18.724434984660206,22.069637381687706,90.58882591058631,25.66077250761117,66.24162872449234,0.5372891884139813,Moyenne
14.654574580990221,-17.512505145257272,-65.19105301607595,-8.701002759840886,3.5173372911759557,104.42583910397559,21.854151631466923,86.4386927202381,0.6291100838085203,Moyenne
14.68867016106747,-17.410218984446335,-112.56304774579299,-12.181775432772646,-3.5959197599019594,21.080796549925907,2.759602801614205,114.57791599907274,0.17034809289505776,Mauvaise
14.77223683512069,-17.37724297269096,-82.8499175064966,-7.615449938017543,29.49030845293811,118.640715266527,31.321695607840567,44.95031079495445,0.8089191924077188,Bonne
14.774619748673377,-17.37449312908967,-98.21994684879117,-5.635072871909443,6.9157743440262,44.649357064665494,13.538393883231713,94.74788708450058,0.4456152453880683,Moyenne
14.755627514274915,-17.41598222590146,-112.68446106009692,-6.038960307076042,5.919003985134726,25.405732353481138,8.442094606911597,100.39937842888942,0.3308354982269983,Mauvaise
14.695607225757582,-17.480569527965127,-111.26947801441298,-6.27028939162523,26.708432341228388,78.51266390206717,23.94038908351184,73.5707675800869,0.5852628339707512,Moyenne
14.668671436274675,-17.41779192462915,-67.78997915649107,-11.829620616925581,15.478496449074512,110.13896459802856,30.777046798211163,64.00194028279644,0.7046083992367616,Bonne
14.727419351828738,-17.377146654565838,-71.62191768085309,-13.958010402054867,2.52049108471971,100.91279531898874,21.2443912619473,91.19509794791357,0.5224791816428227,Moyenne
14.734045650936803,-17.424828833212846,-70.1126921771738,-12.489505453770581,26.118368495068385,137.66890939201596,35.025327231362105,50.493727179703214,0.8126031842545264,Bonne
14.705194564001928,-17.46742161194083,-65.46569732949374,-9.34145595361295,29.767629926916015,148.36901437518569,38.098938686543526,49.57591939339412,0.9142708912078993,Bonne
14.739914083422622,-17.366039449856203,-108.54265354953151,-6.624031123803386,-1.9662503597209247,4.743473952257309,11.004709335610865,103.94517247329438,0.256544544181877,Mauvaise
14.747068645134725,-17.382956681346116,-100.4508364449766,-16.102191757998327,25.178806990587052,91.2433582120789,24.563578083946414,62.85451418062599,0.5456955839083109,Moyenne
14.75179801626472,-17.37351295195044,-83.19295335413233,-6.1452957815361575,8.668049418953789,80.53870857395034,19.39673750735763,86.11798000850523,0.5787761139536471,Moyenne
14.715298754476477,-17.369361595791943,-93.3908603076644,-7.587476752421553,13.342535627734652,75.28625259447588,21.686494124885368,76.69215010966252,0.5487976832270564,Moyenne
14.752913301082765,-17.47123753846794,-96.98857566419166,-5.2960157875047145,27.018559151774326,87.95004574633192,32.75525780035767,79.46513779438749,0.6817633422364698,Moyenne
14.65331193541503,-17.378072198498533,-100.32038128654239,-6.67647517405638,29.0682718521291,91.03912724312796,26.602072495396445,64.98015088019554,0.6791139261817969,Moyenne
14.738452567676052,-17.43593006575066,-87.34206524311013,-15.080877384313307,4.175736864307979,61.97731284449083,12.356847165358463,89.65728563860199,0.4009797512448843,Moyenne
14.680632414416563,-17.542368205289193,-88.34236142479548,-17.516617241183333,2.4497769835969825,59.91279470201598,10.068557337464636,98.88358107819299,0.3464170538981599,Mauvaise
14.685167637919395,-17.422832728695976,-111.1198191264668,-17.428624992117758,-2.181920449297085,7.376047975405795,7.360037655737439,105.21316395611385,0.1266624172667938,Mauvaise
14.661869221858876,-17.455876215141103,-94.05430893648585,-14.922873539904135,14.662924843174832,63.160076808825934,17.230718303069228,85.18046279483802,0.46011790645318185,Moyenne
14.675010994267113,-17.49496906816254,-89.55905230845826,-10.401427864216451,-4.52384615922661,66.52991671954058,8.40497157103428,109.79683989503174,0.35558243355202235,Mauvaise
14.77896107029026,-17.355923371990592,-88.63421836977352,-7.739515434639586,9.416440416347779,63.24747562538047,15.637677365893808,92.7306541457476,0.5167306593451894,Moyenne
14.704000716973251,-17.538985828341406,-108.44410438982065,-6.410495702258094,-2.4315594171797006,18.233575758485802,0.2,104.67755390868226,0.26838344873590714,Mauvaise
14.77060950182953,-17.36082452185859,-79.17507342612423,-10.267452618830742,9.18290240252669,75.59195735324987,20.839629923344145,68.99085364511657,0.5674102151330432,Moyenne
14.671176938665065,-17.518146587873073,-118.61404978484117,-18.921161621527247,-3.6023733757036758,0.5,0.2,109.5384080155433,0.0478584767945162,Mauvaise
14.676527649472808,-17.474602364139894,-100.48424794512606,-16.39156512874053,24.23260412130691,84.42459867071766,22.718450827850777,65.03922167769508,0.5260273688756137,Moyenne
14.722515735995959,-17.466552964916133,-77.08830433054015,-17.60383314605285,2.3408647878498057,81.02655291592777,23.676014128058018,100.75021905256739,0.4258041635344812,Moyenne
14.69543923031428,-17.403795896267837,-88.98588934195287,-13.913457342033858,6.49080486252692,77.79758977015302,17.673190446602547,104.5166196293631,0.4302790041099234,Moyenne
14.733708977114723,-17.50687815825266,-105.63606621190269,-11.981086089127558,25.451679881223715,80.5184219303385,26.63796130135263,70.66117639879486,0.547976748778046,Moyenne
14.704866054843656,-17.352779631354494,-81.77757843613237,-18.39243949990015,21.119312146627177,108.01825520186298,31.635344738540454,63.30799815513032,0.6046882540878028,Moyenne
14.75550764087051,-17.400197629447195,-88.79349807141597,-14.121308338860825,2.666342657472047,52.786936641016915,13.486132765997768,89.42493176788263,0.38137080357121633,Mauvaise
14.706102679252242,-17.39200947233059,-76.20660147989871,-16.491484555245485,-2.483520346987638,83.47383333606531,13.270070161011235,100.36742195342404,0.40388207832841255,Moyenne
14.724405393716975,-17.52871424545702,-79.57361475955972,-9.941017672375764,20.048582189936884,118.25282925702403,29.930046202693266,81.24876271182238,0.6963572013015225,Moyenne
14.691739516003084,-17.45473759809811,-86.4440642880071,-12.50018682945924,8.674589274083827,66.42363343656818,19.322142300853677,97.042211075392,0.4716128232689277,Moyenne
14.741525328367025,-17.360878129904343,-93.15022785790524,-12.065552942925276,21.812799969137743,91.57392240552166,23.95996397663366,76.4834954801112,0.5911598747875777,Moyenne
14.735115447165542,-17.495986785689638,-112.67498308828621,-13.012314967531545,10.585317033132364,36.77558066839014,11.363021333693062,100.87071879225434,0.3072252724247266,Mauvaise
14.701610134260628,-17.520923269009828,-105.6266840163039,-5.615724053188062,7.110084454029675,37.88957682749737,8.888730592025532,100.23636866172812,0.39666891688329503,Mauvaise
14.685884173362778,-17.452921108047164,-96.9495289895603,-15.993708248298114,10.792189287433878,68.9449831790696,16.10782356293509,84.13989787722643,0.4061534510346644,Moyenne
14.729833568726638,-17.36392138606976,-87.03853921464862,-11.766700362185759,21.199564498473684,107.08747743883012,26.37035600025255,59.59556656840236,0.6492142205062627,Moyenne
14.772609714397431,-17.452641875113876,-91.74606796315824,-8.695756842885297,26.577710028913096,101.66321893801634,25.686655455316444,59.91042382831935,0.6969039841673075,Moyenne
14.667243593123459,-17.46903313941607,-104.14985107222589,-11.204178216116123,-3.2581481193998565,20.18200297203501,0.2,110.80755716671229,0.23122247692884268,Mauvaise
14.753885160384922,-17.419945512657247,-119.64446032156592,-5.993707599964784,13.343903942943431,41.28389304056506,7.647981897693234,79.52947043483749,0.3867901486465266,Mauvaise
14.720588930465052,-17.36262320022989,-92.70684279545523,-13.70844302102202,-3.850759982064284,48.15955842249543,13.269387027904573,101.88553739791519,0.2956535154654854,Mauvaise
14.718322760372601,-17.540188510159187,-104.29057062907663,-12.508538719175508,11.394334075852555,52.07358120154192,13.545288786809783,80.37123024016071,0.39425479198339203,Mauvaise
14.775018939184877,-17.519320890904662,-79.59654346092057,-17.760687586993804,25.984899018391513,109.62200184057762,35.658543584241066,63.55031522021127,0.6665008112515433,Moyenne
14.728763723683912,-17.52344913799115,-118.68295541012341,-10.474012445273,7.655659324710838,22.30229530265216,0.44659170447431684,94.29173966270668,0.26645196169254154,Mauvaise
14.757967317607307,-17.532933403540166,-87.83447037818149,-14.965032441726516,27.635764737822512,117.53759755207783,28.578112480219254,59.461203693078055,0.6763120600731719,Moyenne
14.71688204235384,-17.48957878387032,-68.2189169371664,-16.755673446782037,17.07129650777133,102.1342611951728,27.00981777534464,57.198535167360404,0.6596730730912703,Moyenne
14.682480937743161,-17.50413819337594,-110.40749030886752,-11.376561899336886,27.695437032755223,75.71309612697986,23.137284284563677,79.6913534008204,0.5368346044001275,Moyenne
14.740283735289553,-17.440261746758136,-94.05927800871726,-11.547656312681251,21.50083188943819,85.76735526969115,32.39570146116142,54.61945496643263,0.5978457596479904,Moyenne
14.77001299757772,-17.48454211565486,-114.9717904500574,-17.937797022863336,-1.37976916729332,6.021583659279371,3.174751755058341,113.47570555148822,0.10020900701499783,Mauvaise
14.759359912429309,-17.468958427708426,-85.58749482562561,-9.22498365107738,3.0902978646936976,59.42280690371729,20.294422916150886,79.9698943134409,0.46789184599946987,Moyenne
14.675787268811211,-17.361627061900037,-89.72075756720758,-10.26718933088806,8.795965910422717,69.8811296333634,16.991600805716256,79.98532742677281,0.49353404716706234,Moyenne
14.691195585478079,-17.51886887174612,-97.59489616829421,-16.35375804154904,0.9537408704226609,53.1320908641958,13.604013071958104,100.2319596866167,0.2879050986858985,Mauvaise
14.717194487616577,-17.47230853464104,-91.32426381894423,-12.427911929843386,12.32190616718312,71.82137585163693,25.88161210044637,81.88810633500323,0.4925311221598619,Moyenne
14.724308428380688,-17.498583631896246,-70.68839378420444,-8.915479169300161,11.497885449552172,116.55008993630227,25.979474790983588,73.54687230228225,0.6859501234577149,Moyenne
14.67519583487961,-17.440166803528452,-109.20381337289132,-11.587899632422129,28.469071930958343,70.84101137696456,23.08922153747678,66.4990084422634,0.5516897502648481,Moyenne
14.679901604201971,-17.40273275469067,-118.7589518562059,-13.463152933430017,10.180475901359221,30.540783188416725,4.607267170308933,90.0541079784022,0.2667157910107483,Mauvaise
14.748648038974606,-17.38660242531643,-72.60843134154945,-14.48726158686679,22.496938150079924,127.5727898645014,32.407724959782726,55.86565410887487,0.732867295866856,Bonne
14.744941264172942,-17.446940661096527,-88.25856046866514,-10.45448586698325,27.966869069801795,114.71038397318709,31.932002210430834,56.81580764260812,0.7241005470465389,Bonne
14.759097145901755,-17.379016681694612,-71.01378494959866,-5.852478223656632,25.694609084089493,136.72300980264117,42.22426247855056,53.54663368366516,0.8721857446908156,Bonne
14.771280874946429,-17.392984898424537,-87.1680127122755,-9.595572233315233,2.303366857905714,67.55411396447275,10.218630428949314,91.47544833700006,0.449016062188858,Moyenne
14.69007394545735,-17.518599187713253,-75.44114005221635,-17.953557349091582,12.36104629887405,81.93147356551023,25.427319072027046,78.47977157294932,0.532680806659632,Moyenne
14.761747344354175,-17.500914248196,-96.36796501546686,-12.550410371250127,7.170892380357401,45.15764172676057,8.847912546667926,90.07343068566726,0.38743537765395786,Mauvaise
14.736581532865904,-17.415655894333316,-78.75770377914522,-6.528462158851214,8.995054329802542,93.43865621912737,20.45105322164525,80.4584983798647,0.618338864953457,Moyenne
14.774510155105933,-17.35504119605188,-69.78271932105793,-17.677526038784784,7.628238918601292,86.27754816023423,24.850001552886685,73.66147042194213,0.533493753023118,Moyenne
14.685369640283044,-17.47477405988,-88.53323699527866,-5.155740030074394,23.922572356125144,99.09399897509888,30.296917159005744,53.92881993638482,0.7310174613406369,Bonne
14.685057295213138,-17.504038431871052,-110.05681671906913,-5.7130284889641025,10.82486692928566,40.1184187078606,13.824590237751531,91.60298526844096,0.4112874326144945,Moyenne
14.741558148330054,-17.376174113140884,-105.21613117333911,-17.904157269781738,13.329301628564085,47.16605916154852,16.697077327986708,94.34580509971637,0.3337576120536848,Mauvaise
14.770693400624975,-17.510077608091425,-109.07454827064268,-5.93221351370623,29.38565749664761,73.81209171165247,27.135134173217114,67.49451607232585,0.6231553259142126,Moyenne
14.757192257222236,-17.410518345190027,-106.42286348223469,-13.916143736367529,-2.9007254732969248,21.452338734835916,3.858707336918002,101.41135269990296,0.2003655487433281,Mauvaise
14.744515142513135,-17.543150185928827,-103.147150285693,-7.1740716609379245,12.078517392676208,62.881238945912784,12.209860656913879,92.024213485364,0.4665500650929184,Moyenne
14.700350195747461,-17.54620389698042,-89.46764172857463,-13.142633272014198,22.092159743114063,90.42173349761279,21.595866324138555,62.65047859514724,0.6101708965342966,Moyenne
14.743309753511257,-17.45968665721117,-87.6604603794892,-12.828028422164778,0.2906685365879289,52.95808885854527,10.882243377578682,100.75750306338934,0.3736607633506142,Mauvaise
14.754142424936006,-17.41869197449002,-96.54251390169765,-10.120596726314403,16.403605811517085,68.83485020353181,20.288797903278095,73.52871620047074,0.5263615722735066,Moyenne
14.747927138372779,-17.521513109208247,-86.15185710985405,-8.157316130136234,3.381267283706336,46.93333946564256,18.975532501671957,92.8610130208644,0.4576632781497211,Moyenne
14.737985403777195,-17.397223509399694,-115.51337909137487,-18.526951886724518,25.359143962859864,61.47923779292252,20.01991306655214,68.3302403501201,0.4056878285191931,Moyenne
14.656127062719792,-17.524252703517607,-115.1716469618012,-10.69581606262012,6.448488289002775,30.582918709571445,6.614158263021444,94.85493755644399,0.280786063738484,Mauvaise
14.735762941304925,-17.443258438425666,-110.54937968032878,-16.385738082636806,6.517198591531834,39.23359738503179,10.026337506482548,84.09301989123746,0.26144921641638286,Mauvaise
14.712178305212777,-17.488340161544585,-91.50573760778104,-14.156706749915159,15.936785748126272,75.34768655149885,21.318705898611416,78.96268042941396,0.5094797402455081,Moyenne
14.775004005301458,-17.39954934464336,-108.23029267159275,-14.12843867382697,1.424701784196805,14.844321638524791,8.548314810721116,105.67040628290391,0.21585996008533803,Mauvaise
14.728934684839018,-17.389176649287226,-104.41935780790824,-12.43315523690385,4.971102361607137,38.60214083050374,15.870997275508746,99.44070943739625,0.3131192982907708,Mauvaise
14.729069543310588,-17.536781752087506,-97.98279401048532,-14.322090233733572,9.582114754179402,65.22766918306549,21.985858966887818,88.87994113792173,0.4011782427602654,Moyenne
14.779227174358066,-17.511479086138507,-75.34736317942911,-17.49694434169065,7.377325209903862,93.9029366012613,22.083672415865983,73.48005787029126,0.5106715952671477,Moyenne
14.662166412671517,-17.37147117808612,-119.2375825247927,-16.96119766064368,13.370702630195385,32.35195205523327,11.637015051545667,98.66512256983182,0.2500413206296958,Mauvaise
14.685921117063046,-17.466877432679826,-84.28416488698576,-18.531868202144633,15.987405042413819,103.8263771988417,29.428294180365103,79.4877415405024,0.5305559366310147,Moyenne
14.735290327065973,-17.454652826925393,-83.21179079276232,-12.416512805397439,14.83336088125576,88.29358494096995,23.80933977072341,66.3727009016203,0.585245675909791,Moyenne
14.69098071328447,-17.516395231667488,-76.07393208038499,-5.637732272058161,17.89589091971763,110.70633660939653,30.93882384144013,69.43601407936822,0.7434300424890032,Bonne
14.694999519230786,-17.351021040699802,-68.69858835168277,-17.38054686892637,5.771233081273708,113.83171005877631,19.589876844745145,85.83456792741787,0.5461106850214885,Moyenne
14.766043842173623,-17.365390463432135,-118.89241830778906,-5.752297097956852,-0.5750820495740179,1.1582357928295506,0.2,106.54591692115893,0.21603652129381462,Mauvaise
14.725316007655174,-17.54959506580355,-111.54189619677311,-8.73293879375069,21.6282639500877,49.496608637928546,22.568464946126724,73.5459982444703,0.48484754443471695,Moyenne
14.66337252576454,-17.439853063468423,-71.26057882692038,-10.075016758921716,24.77731339207387,129.05679400838076,33.248329883666706,57.65192898890504,0.807332498128571,Bonne
14.690412136145241,-17.37554652327937,-94.78147907971416,-9.96611142547012,3.9952181277851277,45.35648301028624,12.238981475360598,80.97572205165778,0.40282176993054974,Moyenne
14.659887588944924,-17.463893278753208,-88.9475148586595,-7.425812922452051,9.248218465530691,76.14296235695039,13.6194937885343,74.37073806238182,0.5420763961022498,Moyenne
14.722296891348128,-17.462637148284664,-83.53350379522689,-17.5031218986825,12.449922593724434,81.72531270685292,28.495524370806603,68.24198501368141,0.5007475618940492,Moyenne
14.672524865528878,-17.474130568654743,-82.65133675273995,-11.933439470082416,13.666439496352773,94.99388053593758,27.42762399343867,59.68955532523513,0.5946320263618508,Moyenne
14.761424969503263,-17.544234332968937,-68.75427781759205,-9.240724064349381,18.082155988067814,119.39351793790392,32.157810653948495,70.30392482812132,0.7544570777795181,Bonne
14.725050823439345,-17.39194333282926,-65.16778204235817,-10.784513768970108,-3.5438868325637527,71.13996855567778,19.233094118626994,74.38188897111709,0.5211409045660649,Moyenne
14.657718833451042,-17.458642959321782,-80.3913396487983,-7.341093005673875,20.251697895690594,112.29107668427946,30.226913970734117,66.56861109544333,0.7253192263736319,Bonne
14.689113836271162,-17.443786872319254,-104.20283349371671,-17.988196073841078,-2.8310147557206404,24.380863001615424,8.70023320728706,113.34816288822317,0.16441384228320435,Mauvaise
14.730123896740697,-17.498862976638673,-71.61361787381111,-9.330185447011676,11.390099868550376,111.1791118772926,24.351903525037258,69.93122059193834,0.6725757450643719,Moyenne
14.693614781365198,-17.39317630158664,-117.29284970025812,-11.52361177461395,23.968489744921794,49.155237246082734,20.92224828613961,69.8789557243757,0.44574104135385995,Moyenne
14.716712966917214,-17.391250290659112,-107.29055309190271,-13.691747904280792,10.79253596474387,38.95477587037813,16.23533108971128,91.03393814660792,0.3398284632154987,Mauvaise
14.768217098308755,-17.43941583662965,-70.64378553949568,-14.236150248723568,0.21814120688867167,89.55358186448706,22.073351817427948,87.49896980788478,0.4962048225305906,Moyenne
14.695504676165816,-17.369074414839968,-105.90946670583548,-10.3083431411613,29.476184575208592,97.05843233074471,19.7869032041085,70.42064051166527,0.6156038414060245,Moyenne
14.693663472121072,-17.52682315385467,-107.86419172080383,-6.526064754980293,26.124991172599216,74.97020049588254,21.737203283742677,46.93572950953917,0.610309976861633,Moyenne
14.756568389370651,-17.392674667071283,-112.4031088772864,-12.053537034584387,21.99597716287549,62.30335000274126,15.99858404305689,68.43737115756817,0.46393650272244147,Moyenne
14.69143834797918,-17.43828317153587,-72.7488533294196,-7.453875702923117,9.402906101472364,98.56006006752575,24.56870046244585,80.06553052750596,0.6500785224912311,Moyenne
14.660134584738252,-17.50379736659271,-92.49679574449023,-13.369810654184455,1.434600441125423,39.27560394162798,5.582251139673398,96.0186970096407,0.34075779236924464,Mauvaise
14.673522844050874,-17.52353924346962,-82.88087383202148,-17.56647752089553,27.94939134964754,128.74073253809104,27.419399430708953,60.18351860847805,0.688868871559879,Moyenne
14.773344032603518,-17.489798591935433,-106.85134887587337,-18.138919689579062,13.632289428099867,58.884599679904305,21.654915468743006,87.09406160472051,0.3414730055898703,Mauvaise
14.771328063035103,-17.37873681637971,-78.30777684438308,-18.281318801468515,24.83244111356198,128.22785379307427,34.82805504874933,55.39518551505511,0.682116650234533,Moyenne
14.67922557180116,-17.392476130064775,-78.19969502708457,-13.677898012592621,6.973325201579902,85.55160535037668,20.874462111222766,79.00889993522816,0.5205316919036657,Moyenne
14.72195524350283,-17.420973514836394,-102.8071086300435,-14.278671488298212,6.735091097781471,49.47454632239731,12.823093691448749,111.43451147363021,0.32013643722835133,Mauvaise
14.66785785305499,-17.531934598443264,-97.41245518443444,-8.948881669284027,29.49391682359137,106.53675421274683,29.990405233209447,70.82369147221968,0.6858784475466158,Moyenne
14.7377080917065,-17.35903387205134,-108.46703474133895,-8.600498977811878,13.264156697319741,61.095623814016925,17.313499498309763,90.20438704211666,0.4318395888011842,Moyenne
14.674089753481276,-17.48891197352492,-66.28914371724026,-18.28804443632764,-0.07566016487387994,101.06534418812332,17.848505007362252,86.56375005116887,0.4861612069675002,Moyenne
14.65647275497981,-17.42860000333099,-84.49185826178737,-15.90427431955379,2.68861372981476,68.2516382148601,15.869723697465458,94.56233739089113,0.39796174590355393,Mauvaise
14.757236584937143,-17.389379625838913,-68.60008656064664,-15.160334097775404,11.868049778745227,102.64992636099618,27.97986835270848,76.86944700503095,0.617489353913948,Moyenne
14.69230204975407,-17.523428833108248,-103.31379510039767,-11.333432222000667,-3.5135181329056033,24.584778444886684,1.2401351464518804,110.76074666688287,0.2366430145236496,Mauvaise
14.664107912462812,-17.419560651548828,-76.99599978517107,-16.976786865302696,11.188689488240517,99.53679850848467,27.71443189414764,68.9729936326978,0.5485595558519524,Moyenne
14.758407513612088,-17.54354080065916,-77.8777745863392,-17.124822928399993,9.662929472804466,98.60588035137873,21.169799306040176,91.79298344372248,0.5129415867550247,Moyenne
14.749111672080998,-17.52964213769913,-81.95893914734022,-5.786955551088589,22.276769286182045,122.05447689647312,32.96037480818506,63.66371143768039,0.7624779111416884,Bonne
14.738888598556155,-17.40537127311457,-66.88985636032598,-7.741159297831066,7.422968757123462,106.37197760523853,25.12936658298677,91.81971934529236,0.6619635493965234,Moyenne
14.768462332279789,-17.518983568885442,-98.35445651415264,-16.470831370723616,29.389206653885978,114.38373475221735,34.049139374993935,60.611796010946996,0.6139053353523694,Moyenne
14.713599391293183,-17.461298655338926,-112.81054720256336,-13.308050689323126,1.3269471755316093,2.8016679463808956,1.3210342364103793,102.941793378405,0.18860514974713263,Mauvaise
14.666647344686284,-17.500333489844525,-83.05601274157667,-14.021292010394083,15.684533973884722,99.52858126678211,21.65529291763612,82.4899791626426,0.576687224977314,Moyenne
14.657975033286366,-17.46575409826601,-79.88796097375366,-7.925942963084298,-1.8605246047110882,60.08125399772437,11.01975966287553,96.96381254940681,0.4597920526535691,Moyenne
14.691397332334756,-17.534555951941705,-88.37166845976519,-11.857019169306291,20.68523943978937,81.88086650046749,26.949470298477866,67.87529666726353,0.6058399734298492,Moyenne
14.661288007917864,-17.399019891191802,-108.6250158776632,-17.21010368209146,29.816379082169,79.35603616191727,30.477114987670795,53.53541278477108,0.5233146958797003,Moyenne
14.71961622724512,-17.53419176452118,-92.25492320818546,-8.654111115812587,23.669852321307125,84.84895360133132,32.058954356545826,69.65866463494011,0.6463370271444373,Moyenne
14.65188487231701,-17.382417100527906,-102.82956448869788,-13.443568304851134,14.449623925210545,58.79756503537215,10.1944833752878,78.09734746097203,0.4266338466486245,Moyenne
14.70768922919622,-17.41747822716609,-96.4893409508321,-15.31906053314994,11.96594750898922,66.17816938631952,18.35401540716883,79.08554724269773,0.4265554740392574,Moyenne
14.673199837680967,-17.466682884867144,-84.51297832854348,-13.743019291709917,24.22604864433964,119.72836540484296,20.73983080450246,56.1899813825277,0.6826677322530524,Moyenne
14.69787484570273,-17.3767026913059,-79.0131891520041,-12.03140810950345,27.75909296487535,115.13508329323223,37.161844253566414,56.20547564513878,0.7566848989579751,Bonne
14.737754429720189,-17.512773744264734,-107.22764200042613,-14.196382770161868,29.622228402933253,90.22502673030827,29.56039342658975,50.498308947479686,0.5744561799043707,Moyenne
14.695625290236592,-17.497087154517036,-97.70710516441757,-15.61331918371539,8.878872964756944,58.440310752242375,14.896991443707156,85.85101243152172,0.3780515448167561,Mauvaise
14.694374185336027,-17.52257526766816,-105.19611359546039,-13.420971596744275,29.682111617807934,94.76162335220997,27.21078310653868,69.62552678190109,0.5861436235540488,Moyenne
14.778797595269134,-17.473686261341992,-109.0752612375972,-18.731579249501426,0.4574188260841021,18.032884148003937,5.3647684239205695,94.47813024568094,0.16429076040741153,Mauvaise
14.743445913954417,-17.352653363053182,-76.91370290022888,-8.185030154651606,3.8742421576168216,72.33723269073697,16.438847739027928,86.57025897191613,0.5415795024022309,Moyenne
14.716802022540506,-17.51779452443986,-69.99110180596541,-16.6067714900538,-1.884435634313633,73.5062610515046,18.479126779857,85.08301033855685,0.44190663394553786,Moyenne
14.725318834629686,-17.38380470282684,-99.63722978734828,-18.385335409171077,4.510848076956858,35.30394588608472,10.59033922333813,91.29202114084205,0.27361950115416983,Mauvaise
14.730623742097444,-17.419623985665385,-78.67965915944282,-9.848218299328892,21.87781430663039,119.82272126557322,33.567464436705144,74.01812467558598,0.7242970515484779,Bonne
14.653194801862309,-17.54683717387763,-70.6652590849574,-8.16489419646859,24.85235253624574,147.3891408057815,35.32292529207924,39.80215956912673,0.861920681346106,Bonne
14.660434396768283,-17.36102196141246,-73.46316842083726,-7.606392157700196,22.26124257859001,121.11548662851492,30.28769153825519,64.0177288847237,0.7880164271341331,Bonne
14.734394615676365,-17.355781746955003,-109.94526363034258,-12.0908714427516,17.08730223586937,58.300738686218615,11.872675281892123,77.72971935321934,0.42467105319523896,Moyenne
14.697380951650281,-17.365019859627694,-67.40394651676513,-16.124845414340207,12.988827938292594,105.2034103329995,22.908603800769882,63.92610493776933,0.6344687529554531,Moyenne
14.657207725230151,-17.449652068458594,-99.28279577637957,-8.678812518502426,19.804650122477625,78.27111741852836,26.05180459586479,64.05824918799598,0.571763988440271,Moyenne
14.688676721986711,-17.505924963504825,-101.34176363543901,-9.20401691983928,8.679174224352764,56.42585119915623,12.232436626066225,95.48414682004277,0.41674897802459565,Moyenne
14.666936844654781,-17.471747064505905,-116.56627699972208,-15.552209722555574,24.445792302489565,45.14391550323665,20.32958023208491,72.69947849611742,0.4047401102545457,Moyenne
14.769120799489421,-17.427161690716755,-93.26044902423143,-6.352291417920899,18.70165328918749,83.22947548534269,28.799689819183797,69.24353214568444,0.6215874085254725,Moyenne
14.676380301031905,-17.47423272381651,-114.00425113974892,-17.538799586840394,19.4231644473043,56.766439080919966,15.006314220307214,80.9881782202936,0.3604755332204164,Mauvaise
14.668679855661226,-17.408365669826065,-106.33030984899158,-5.242364645721441,13.757759759517494,29.283827597913493,13.532390931371733,83.22547876278732,0.4565461552450366,Moyenne
14.73140194622152,-17.3908848904447,-102.56815580279952,-6.956530646315496,25.98301444739104,94.28378852363682,24.89277032512792,49.773946846884144,0.6507898107325366,Moyenne
14.717848550935988,-17.50812142027039,-75.51455220795738,-9.369418963292947,3.820515678766837,88.0957276111345,19.33256580361168,80.70623307948838,0.5557286861978912,Moyenne
14.724871219024653,-17.46901161834344,-71.84812422822569,-5.857501564082341,8.340167867636776,106.27234572902863,29.35392807823429,83.81894801559666,0.6681964214210233,Moyenne
14.70667325924524,-17.35845112479479,-103.36435253961918,-8.887643643468092,22.21748993871912,71.41382632652753,27.07218135051901,59.356541015723394,0.5642221403730157,Moyenne
14.710732010421177,-17.500038639747473,-72.77160333154843,-16.333602041579358,12.246211364526818,92.99891721289845,27.964913036847065,62.88302239000841,0.5850795570529065,Moyenne
14.751243682260126,-17.480710502281116,-72.8522984446615,-12.809814066420635,26.122490469846678,138.66857723430442,40.135680180251754,48.79771647912412,0.796393672203338,Bonne
14.678589884027337,-17.542867899229606,-77.94419772883197,-17.998957659357107,7.123976191699832,87.08209364105323,20.171657091395126,75.29633496049749,0.48092507169478454,Moyenne
14.70154880936806,-17.48352679177928,-111.93176872916501,-13.544796087966384,7.9265559086875665,31.826028621253172,10.269963782438976,95.0490337988288,0.2817162042823658,Mauvaise
14.774517300040634,-17.47581372037918,-82.0322434204599,-8.617557723679079,26.10575262853189,127.45754732387357,31.65820070919527,47.62184184583239,0.7806676966067728,Bonne
14.674698141154186,-17.530032888074636,-68.02367644806873,-13.589793086968557,11.252961206371438,118.96218344192683,23.19768093989703,67.75367252223592,0.6545778864955084,Moyenne
14.688190567355443,-17.54971155000301,-82.46027366780636,-14.375881543446123,13.064360447087036,107.31615499562015,26.895580754609483,74.43306227179635,0.5668377586922025,Moyenne
14.674903700157179,-17.43491890312626,-101.76107329906912,-10.665019884855633,6.646730036748778,47.530469296068034,13.631431573019533,97.67858426279659,0.37102894083047117,Mauvaise
14.652664414526559,-17.489694679734257,-92.46813754130429,-6.789136594015471,4.683447976267868,52.64136262998951,13.968785864202,101.01214981560868,0.44930538665239195,Moyenne
14.685077890255418,-17.54643523254798,-84.48512261569205,-18.333835304354427,17.95820487934372,96.78436653674115,25.99354695211186,66.78444111515269,0.5499010109320566,Moyenne
14.65604076797509,-17.378011139206567,-91.9186275199323,-13.603413914203704,-0.8055768460578641,51.45248650430821,5.745931963063665,113.59567189841715,0.3226659248579027,Mauvaise
14.670109066432863,-17.433118064586672,-113.40258820479666,-16.784629614586322,25.774542441401824,72.89153708659315,18.4188478378443,69.47556862983976,0.45007827747981977,Moyenne
14.69714866910879,-17.515766329901638,-102.83647754413886,-9.265040489753826,22.272109786778778,63.98593613701175,23.606169220638616,77.72646237942445,0.5438515865856478,Moyenne
14.652693758218964,-17.376950675411805,-75.86821831955021,-17.519856153964113,1.6761892297030974,80.44470823760419,16.032118047126076,103.2460952000275,0.4254159504467533,Moyenne
14.747884353570992,-17.499282805905406,-72.62200746474655,-9.692691379876576,19.29069810385979,134.0003167739574,30.432646936388092,62.78739328761973,0.7584946159452723,Bonne
14.75342657179004,-17.50451085369275,-112.44849820064364,-14.993467808829298,16.09215224499722,45.10018658088009,14.593564006935475,73.08459807467324,0.36128413801781223,Mauvaise
14.703483794314387,-17.371073188600548,-67.61872861807015,-16.215164607678854,1.4587267757825444,101.41370973979868,18.307147419671892,85.11344124969706,0.5155854785745283,Moyenne
14.778006577318655,-17.514108424108105,-101.91475601832649,-5.891064190450205,4.5621227117581356,45.81410041008929,7.619566331744274,90.58152530614623,0.40648713771605877,Moyenne
14.738269208925,-17.374202841366188,-83.57274436981041,-18.740655925556617,9.314527630684204,90.20227468489054,15.432635919269178,78.37194006767719,0.462123073891032,Moyenne
14.746683827237497,-17.38940533975044,-78.64961697238255,-12.871118193546035,19.473495733591584,104.76455828133338,28.664526236145598,80.00924867050566,0.6524120143117447,Moyenne
14.674999055076597,-17.488044491834156,-75.34295709491641,-18.697222105534888,17.35531930859521,106.18439819530786,30.634514175626748,55.824776274888094,0.6074128225844516,Moyenne
14.758866890966821,-17.543120583769372,-67.98376637757384,-12.229697326539394,13.628219668684427,117.84621163247164,23.8145331092684,69.91692191219691,0.6871692525441115,Moyenne
14.772856031742796,-17.533485379289736,-102.78942485841476,-11.985336710878144,21.894369008991198,62.7889414607548,22.27761613054919,64.58135433112517,0.5192908392520245,Moyenne
14.680720321654594,-17.528094346446085,-72.7821449996645,-14.496725400473542,21.527820886215807,123.1680704201087,33.439153628543174,56.151752479539574,0.7189161977236106,Bonne
14.739240358270228,-17.371840232967905,-112.75722031100861,-17.14973511464967,16.625070392178955,49.58587951576861,12.20378095448482,89.4243892725392,0.33465770387903493,Mauvaise
14.747102336326233,-17.469192804392506,-81.2227501505524,-13.730574471717347,22.544652918468884,127.28771543659686,34.61971992487914,63.53303502967633,0.6889997863318427,Moyenne
14.689671992335242,-17.5434940485427,-79.19122487673079,-9.588318840944076,6.699218117272322,87.99509945826088,18.815377868119626,80.45688767865488,0.5580689466170009,Moyenne
14.711751170334399,-17.438690307588864,-82.72522173392738,-8.046458678977572,25.843733491291196,122.05641780189066,31.83300677165972,51.84672029034263,0.7725431397621756,Bonne
14.662680082165494,-17.508401549878602,-106.12268951256658,-11.569491566566008,16.521853003067925,67.95094061117271,16.938547270955304,83.15324161358879,0.45229548314146295,Moyenne
14.672502324514737,-17.502974791478398,-71.98262691416382,-10.74231847784342,23.782722983435068,123.4777195016312,29.141663400674048,68.75786367179158,0.7747363011346904,Bonne
14.658004168074136,-17.517831653016383,-110.71278451462828,-16.191370804254863,14.11976866765994,44.70714236148392,17.16061970229419,78.84226135586982,0.3367793609078056,Mauvaise
14.722821513770889,-17.397595707520257,-117.0500864663543,-14.977375334812908,2.6453385746038123,31.708830890836452,1.0176504337409504,120.26237598907628,0.17625537450178638,Mauvaise
14.731284176646044,-17.549877421238946,-80.53942551634483,-16.733461459266984,13.984354503740803,96.41870785061931,23.89068767568066,82.26062478291925,0.5438251686235931,Moyenne
14.769095545846385,-17.462203167220633,-93.84883566219965,-15.50986509993544,7.988908232180584,71.36624182887942,17.53812628459052,98.00233146355917,0.39740187038999486,Mauvaise
14.720484025381069,-17.532625766719505,-73.29960890227281,-15.851585076842555,19.41246626129831,127.9255004061177,35.31657354554693,64.27483028764193,0.6827877473802506,Moyenne
14.683879478205053,-17.43952507979909,-98.91315724179576,-11.727716990522673,11.652782710715751,49.3282883952772,13.29754601718199,93.56606316788519,0.4226255107466045,Moyenne
14.657731561056845,-17.48080153076773,-110.74467763207579,-11.122357418929788,24.263948172469068,68.74577858645675,19.884675792718536,63.7949272333724,0.5119365584967714,Moyenne
14.765043896857609,-17.544329683844715,-73.99567941415717,-5.770736108498937,18.732537931267082,118.84640063610878,34.361544646953405,57.72815136980872,0.7764574909503311,Bonne
14.712251550208647,-17.45780515376899,-89.80997025979606,-16.262010940578676,18.959055156096337,93.88083117326285,26.228990656165156,75.9983199097365,0.542587101033419,Moyenne
14.745851858627502,-17.43588290042704,-109.59423141853048,-10.016540057739057,2.600436672187274,18.857780094544243,8.475838751200246,104.04355323906707,0.26765210555714986,Mauvaise
14.651904415317427,-17.500469193667456,-80.37888007774549,-7.55837023417468,29.448741827195164,119.31803142692573,32.32811604449719,49.75522340893009,0.8201269023590883,Bonne
14.713458059946374,-17.39689762058579,-91.88874988307747,-11.156619507037265,24.458632324502105,94.8983098476057,26.822351578294686,43.08698106822254,0.6560465296978787,Moyenne
14.692343941011645,-17.475790246841143,-86.76278597678241,-15.42994886498494,22.61517095962431,102.95124578204491,27.96013828272188,59.898221961772684,0.6192650057229956,Moyenne
14.653943065439798,-17.4001306971712,-94.650591398638,-15.324296779719997,6.557532880600959,67.68893596431985,11.888881754868448,80.01978985415963,0.3910590129078629,Mauvaise
14.75083746491942,-17.434196854198248,-74.42100589000964,-18.450457257006,13.747107849653116,121.51699224409471,21.55191455623208,74.191776151482,0.5872459571033283,Moyenne
14.716677214876169,-17.376149386402624,-74.37405063743226,-14.723780828321257,-0.20138841739849767,90.33411985135359,15.296614708428969,88.22091834266452,0.467336579399063,Moyenne
14.693313431588846,-17.440615041803547,-80.98361479965877,-8.57554849395268,13.84665918319471,102.90265489322427,28.411260847109016,68.03089945004182,0.6435987133231643,Moyenne
14.754753802907961,-17.51287456133586,-114.20292424319457,-18.334751399100455,0.10612362691505428,4.032553942002615,3.2807834504039257,128.3860266927509,0.10095672022516011,Mauvaise
14.708100048740521,-17.385481761144263,-73.86303759527621,-15.929866044932371,14.356324539636041,105.87431576738656,31.320236760118686,77.4449083759377,0.6047061809939205,Moyenne
14.65045473432788,-17.393392949965044,-83.09428607068996,-9.112745020555053,17.705265805421696,101.82965370997444,26.847748681742257,77.05203373506859,0.6523169642060406,Moyenne
14.772778192164981,-17.355528837053136,-81.66367086976354,-8.042878120479727,8.656858853746582,79.42596492428575,18.183393204441483,98.24677065360576,0.5574918922215739,Moyenne
14.68323875626011,-17.531283616178495,-100.03594377778705,-12.625542259133002,12.449070741595264,65.45468228117613,20.534626236586377,90.00500992323569,0.4322074194621911,Moyenne
14.757974817868234,-17.431753767538833,-71.63962441136462,-9.226959261298916,25.647868568610505,141.27226450393547,36.51661787605343,46.163182913276444,0.841687843149693,Bonne
14.756133999930565,-17.451666203211303,-80.10456198708283,-13.568669638831512,-1.2002899354016723,71.7119852516796,17.00871684702203,86.62428799021572,0.422335708704403,Moyenne
14.671108611076896,-17.41582557690397,-113.8075243408943,-16.761214569662215,22.71065125498785,66.14958796691604,15.859837845816774,83.13769626645333,0.40600845173488714,Moyenne
14.71162034855792,-17.353964030375355,-97.57220810766106,-13.42590709067931,0.9764092848668744,34.843335077005364,12.64948253056895,82.06568641143244,0.3134150771185274,Mauvaise
14.655225867204804,-17.44354558457685,-71.2490800921922,-10.880450517156,-3.7152206018380065,84.90875227233484,18.668835373078718,92.64115783598318,0.4870696568415819,Moyenne
14.6960917174755,-17.412852273010714,-117.40418140664416,-5.727254054059536,1.4951110960766725,3.8379501998967083,3.8244157079978227,89.36973107803095,0.256297513091871,Mauvaise
14.745027249638051,-17.48055731125559,-67.12208591968728,-18.03748667075852,21.77651164896714,127.91798961332282,32.3300618249571,56.508570422421336,0.7184961950287718,Bonne
14.680819031114346,-17.490205902465664,-82.64605874242405,-11.896482686170552,9.1794125667901,88.11745434495036,20.36144175076682,87.1721108462803,0.5313984203544344,Moyenne
14.6652266309965,-17.482940686863266,-85.27432122961429,-14.395123105049858,25.538218089616368,121.8370785864803,32.864613674081184,60.85526350469259,0.6817738179951615,Moyenne
14.71592606162155,-17.542278421280614,-105.11924089316048,-11.883636280126277,13.364763941379305,57.93092625539387,16.267310506168947,92.09786375575598,0.4113591438608045,Moyenne
14.719808229968573,-17.493051870917483,-106.31645161934526,-18.664343736728558,-4.221237682578416,16.98598907213658,4.63762376974756,125.47075151759446,0.11824778069987245,Mauvaise
14.73785776107175,-17.51541072123856,-68.18679792812725,-14.617645034177862,20.084976336067438,132.73362680313062,36.23084188336138,57.41678469906678,0.7390411222694799,Bonne
14.748687907084337,-17.45851440403289,-103.59501501712325,-7.521845934621931,-1.1418481947568555,28.696193425915013,3.9971110475613014,126.67755049659611,0.28977632411050835,Mauvaise
14.740455239064405,-17.457835047220254,-77.34720868045503,-11.244815726035075,22.628287171167354,110.75871241647799,28.30305111877747,60.8280015159317,0.7227634505383297,Bonne
14.75990358707833,-17.3969540337547,-98.37830109861065,-12.691845100574357,0.8835892431813006,30.583105459165175,9.073490681596457,106.62653105544383,0.2954534297482979,Mauvaise
14.678977840356666,-17.449541670421596,-112.34102610684128,-15.002648995985247,7.090623503192971,28.570895588968124,7.654847838231026,91.73808712708788,0.25565106857194236,Mauvaise
14.724069677008144,-17.457383682335355,-119.41065862675526,-14.827404680921017,21.64450003688761,46.929735094445704,18.714958745925436,92.38700816744267,0.3616407929310697,Mauvaise
14.696812396464772,-17.503674737659903,-90.06584646416121,-13.636579929731818,28.398097511674756,109.77491506121733,28.13212682673948,65.10597598086892,0.6733827544600608,Moyenne
14.775074606410213,-17.379503997971067,-66.33216497980871,-7.302010060496155,8.000188272635633,114.64450898879576,28.445019670444935,86.42082107976802,0.6865300655223339,Moyenne
14.707236338043927,-17.531799818863057,-99.69750934049375,-5.459015104684243,24.02900770696275,82.8484358057714,28.987013454341408,67.65930378766596,0.642385138504343,Moyenne
14.774762811307362,-17.353540807004144,-100.35442163038253,-12.858824661094758,1.6777292916543551,43.25677526689725,9.051277826311033,88.76732821028972,0.31427224350325866,Mauvaise
14.749978535027683,-17.454785000829702,-101.07496101828069,-13.493060257531335,23.25129195708719,79.51845604448562,24.081876390306704,72.6151032353075,0.5354927294486914,Moyenne
14.743400302068931,-17.512802600080857,-91.37008894823279,-7.148289138521921,18.012292073968787,101.28230463223355,21.32643381620621,58.32317261656033,0.6427941748958389,Moyenne
14.713903282549838,-17.479134388846305,-95.76343141166386,-13.02332551109175,1.7460227524328955,47.3399219188488,9.077032235698477,93.95962585286706,0.3387584866367149,Mauvaise
14.707639157453228,-17.546925963458243,-71.6046955300142,-11.271745587860883,5.587638612299406,114.1730757157801,20.624693551167564,81.92806242434521,0.5970826694007587,Moyenne
14.718451264377393,-17.516695464148352,-92.19635645520803,-15.766816695617578,-0.38801889910373966,51.30624895666578,14.788482214818364,117.049381203675,0.2991020819401853,Mauvaise
14.688172298180504,-17.482932036137466,-92.07331889962872,-8.590964499092948,8.403845387250966,64.57363128042738,16.4414177987733,88.21599885821709,0.4845058005176752,Moyenne
14.767586292179,-17.439116944249605,-112.38956229036938,-11.552163544209055,2.1277024393147093,11.99756517492407,1.186526035970986,104.71281936828994,0.22459333742316492,Mauvaise
14.753262985184497,-17.52410383107103,-65.94932524992876,-7.673516296635217,17.539928377066573,117.4228952367927,32.96174905280755,60.61703724229239,0.7863879679735737,Bonne
14.754181461062256,-17.414807340763378,-106.25149100221437,-8.069741779598624,29.807678647719555,77.05628431650543,29.156223576495485,51.34569360606895,0.6332791299435765,Moyenne
14.706309967408426,-17.381144702002164,-115.96497628972185,-15.9899332442196,-4.579679292050755,0.5,0.2,115.28239705934996,0.08150775303076441,Mauvaise
14.659241563271749,-17.43553207790522,-83.52695630636352,-8.981102292191327,13.932193465055452,95.02712137259033,27.92574103749255,74.90512089588013,0.6136555253710868,Moyenne
14.738800051330417,-17.490619710554956,-87.254849641372,-7.799238288680801,15.07833091421534,83.61409446961676,25.348160267268227,66.4061510950862,0.610061378577363,Moyenne
14.698673765916283,-17.525721534902825,-97.16698903039898,-14.154498629046468,26.997307638828417,96.30615034641455,24.742282996876686,52.434949453892855,0.6120719365965792,Moyenne
14.763155940618606,-17.54689298740321,-96.7794271365627,-16.583472419368157,12.710186716842813,77.15117420054251,16.370032766803817,77.9039153457314,0.4295658681663474,Moyenne
14.751443996998482,-17.403639533400344,-76.82148434244628,-18.963149821885764,14.02954968757211,102.7601091799067,26.611844105718106,71.44776222008142,0.5541526932441952,Moyenne
14.668892658458669,-17.424304126337457,-109.2358047945193,-12.687348856695927,11.507848046493603,59.948081530038834,7.824394240383946,85.38469144139098,0.3708701342948284,Mauvaise
14.728223044970006,-17.454743318792925,-74.88606745803106,-14.065941758456217,4.411650659651849,78.1104987979373,20.887102063857263,75.11541583538921,0.5076457516904155,Moyenne
14.739987810370534,-17.529600889555972,-84.318908735774,-11.231262326444275,-3.0389803362880214,55.37522608960873,6.0763484253135385,100.51225941793598,0.3830364023613089,Mauvaise
14.723857885377166,-17.508594963747207,-96.95666244212616,-16.367424703757,9.303018877344265,55.46520821418623,18.64758172609036,90.91720626402864,0.3713481380566265,Mauvaise
14.716825482900184,-17.386965539262672,-94.80842608788723,-6.964682332669348,-3.1592985065762513,45.99913148589527,10.327362969011219,104.05719132253388,0.3587635291015414,Mauvaise
14.679622199750773,-17.45402970639593,-105.88440360476473,-15.391426981206465,14.267236431307122,36.61265369158524,17.44186832299254,79.1699889072987,0.36463784642653996,Mauvaise
14.680667889774755,-17.357433428076128,-78.63371170166639,-15.8299855287729,5.7552775134802605,72.28832282070518,17.479260070796013,88.08650991673558,0.46535081642114273,Moyenne
14.74984105802353,-17.350005570526406,-91.79188917321028,-12.270003209219016,13.676084053389975,76.44718193271477,20.95670610059,76.63553413538281,0.5114070774643216,Moyenne
14.652429672123263,-17.389858574726883,-102.35300014875861,-12.01608566758016,-0.2996062461684659,43.81170902284938,5.426593113072613,92.96562915281604,0.2932077286261222,Mauvaise
14.751258308151725,-17.498363278018584,-87.21724363314775,-15.9888067970087,27.64204880087759,114.82151809770247,28.7309530566624,64.83884615369905,0.66246242942976,Moyenne
14.718483835750089,-17.503777007563976,-65.23460513717723,-15.19394982583718,26.30824352424772,136.90527868118028,37.567429633647144,51.35209553191488,0.8105263660158352,Bonne
14.771708944810028,-17.499273135915235,-96.06057461888955,-16.624126651826572,1.649877822079958,36.41944605052584,12.628509968320916,95.96310718202245,0.285477463793449,Mauvaise
14.779651801203979,-17.35264298423669,-69.36197295717592,-8.941557503475664,7.020549915290346,115.50966342614124,23.76913698418695,64.81570031064487,0.6593089285226419,Moyenne
14.736252993464165,-17.482931904386344,-101.02407380414886,-8.218753562442853,16.472247014819285,62.23449017221559,23.524276851324668,72.44080515803829,0.5170068582879328,Moyenne
14.703593435274618,-17.408710651271065,-116.98970111912578,-12.527401035570044,-1.6509827442932807,0.5,3.1952583057415036,127.1052670446806,0.13023810419170626,Mauvaise
14.71176116811289,-17.358196458037728,-108.7666841497364,-9.002781682409756,7.409873739065279,47.73536490862555,12.094644606654807,82.50444813764442,0.36748843113165586,Mauvaise
14.676548005594697,-17.386080770646277,-96.97176711697736,-8.696904512875763,3.788930038665214,56.81463202316484,6.885352887786761,92.32199891137498,0.40659917058353884,Moyenne
14.662900462118893,-17.43047923817387,-107.9200789272987,-17.06414261251068,27.043085505084385,86.81451397989534,23.302656638538686,66.57302971133733,0.5037193205173881,Moyenne
14.725239241129277,-17.516206895065654,-119.98751289799594,-5.473507652316485,24.837872270122183,44.09663757152474,15.197763843484351,77.78517394121954,0.4929878610214638,Moyenne
14.754714362735658,-17.515012351064332,-69.674915423886,-7.505552740649966,15.294145944340233,105.94009053995939,28.770673123806347,53.96454013206106,0.7415688062207005,Bonne
14.684029647304797,-17.451515382886324,-73.5866323822989,-16.137231543258473,13.212121790505094,108.3923004460037,24.41333554777948,72.01042411656417,0.6003255946450853,Moyenne
14.704554865331895,-17.359611100825152,-79.17392726821791,-16.393689499555016,27.5754028090889,129.23613832679666,33.45909256331215,39.53385963820017,0.7327103950729437,Bonne
14.722120576031008,-17.36910126084987,-110.77019723946843,-17.24074396188584,27.634972404258534,75.87742393105938,26.758399846288572,67.93705776136295,0.47950793751454135,Moyenne
14.768026716596108,-17.516761588909116,-113.38000330845077,-17.062700124413144,28.926554387308116,82.93257463536195,24.991336700175413,61.30464199449484,0.48972770815548045,Moyenne
14.668022059596067,-17.492456051045032,-116.28173877901892,-8.525734813598254,-0.6117390562134322,0.5,4.8945173749388795,102.25626299391483,0.20244851793253246,Mauvaise
14.680794811934856,-17.432237736888805,-80.17839461748933,-12.42484040267727,0.6195233767109576,77.81333631407219,10.569178920528445,97.89148211981555,0.4483765866377661,Moyenne
14.769408958732152,-17.454513901549408,-68.91556216216631,-8.038921581641858,18.685784453796032,117.44211287873078,32.133526450746004,58.96705479074934,0.7772342667395428,Bonne
14.65513962711011,-17.5261274381247,-96.32052984978296,-8.552431479097123,13.950206681344572,77.00139518494484,21.953074173706966,83.60363551778052,0.5247949615824866,Moyenne
14.735295032427782,-17.476138562600337,-113.44726304021735,-10.535422010926897,-4.353693328736742,0.6326125379860001,4.764760350469675,117.20105431935178,0.15447245641765328,Mauvaise
14.733138364818334,-17.359057126468944,-91.81839485973414,-9.390867507898486,-2.830873740366822,37.73520689059422,4.2376850117587965,111.44112883503473,0.3387064690038608,Mauvaise
14.699823076372233,-17.3597115550511,-100.81424508977534,-18.743019858692016,26.08281337905818,81.90218844990466,24.918532675435845,55.18440962674925,0.5189396276041737,Moyenne
14.710861408270926,-17.438114823794685,-99.38462916075012,-14.635112944729693,25.41047784387852,76.30220450826933,29.105394306466714,72.50053944106567,0.5478438745351274,Moyenne
14.761139333692473,-17.422947739064554,-85.8268156714361,-10.070489490368256,7.50448226986158,75.42680941694952,17.636917165466137,84.2474848538444,0.5085156102488237,Moyenne
14.671447668235082,-17.505618743828208,-80.47050377057887,-18.869170651192583,26.186771592568714,115.39229964986967,30.434810772586324,52.52524982420754,0.664707828514489,Moyenne
14.680103772176262,-17.401609454715874,-113.91680206197616,-18.538322788443693,15.778627603926562,50.18907754969588,9.524161065568915,75.97847812886982,0.3157669023308238,Mauvaise
14.716605553487186,-17.539500762573024,-118.0425373056438,-7.073568245414634,23.206697645661567,56.86153051999201,15.083695690998264,81.48249197595644,0.48277182992085865,Moyenne
14.703266904990004,-17.505863562367214,-65.31183335228567,-9.423651936310995,9.9600874906075,128.39531470555167,22.046214564434074,64.06840635100696,0.7148151852124699,Bonne
14.724668424680873,-17.548823262467,-107.19994080964464,-15.284823736315184,-1.0310585429281942,24.62860340607633,4.9336611070767145,109.8259080202567,0.19505479423876165,Mauvaise
14.769709094192192,-17.472859748249746,-117.03932113003475,-9.368520238338075,10.180447192610568,31.55947060080265,11.851481196651214,109.8377146225979,0.3077960298032197,Mauvaise
14.769223262305918,-17.379947760259583,-109.55685689972441,-7.905606632050315,11.005492929891428,52.96512762487387,8.576020859294644,97.7327118259026,0.40083102490634026,Moyenne
14.679902384162949,-17.35349870457801,-117.85731845083447,-14.704880036458583,14.283046784421106,29.187350634210045,12.521260514935868,100.17100240589116,0.2853964368868513,Mauvaise
14.68927879967035,-17.41644880492389,-98.45040079605556,-18.495476715011375,-1.30460504834502,24.119042847431242,10.16494927587664,96.37708920810779,0.21449133892338404,Mauvaise
14.671068928568614,-17.401026662914713,-75.86790185517717,-5.941092254371718,29.6990652067364,138.02344973269877,37.22745501485842,54.66372891445473,0.8796389267431698,Bonne
14.77061274829031,-17.497450084357013,-101.23155526332536,-14.167482263861174,3.5447887282417216,29.614865755115087,5.218224882853592,87.43777600786687,0.2987143719969365,Mauvaise
14.701722336925766,-17.44593346130224,-95.56991262168984,-17.509255314014112,1.949334123798252,67.06132617412689,12.073699133054841,94.40952968584595,0.31291464733424,Mauvaise
14.708461668834879,-17.402684420234927,-82.84272745379087,-12.114003800495937,13.43810215995778,103.68755398510262,23.24777606885023,88.39606078001796,0.5792522852344087,Moyenne
14.75434330150107,-17.450544834806646,-92.01082614615659,-8.241450860702127,13.802286278821104,94.49797877558865,19.988297298217397,73.21893332400904,0.5747862007486333,Moyenne
14.716686551465338,-17.53229072157719,-72.62048726882716,-15.89693759535417,10.39372582416355,103.83219910462594,23.217925795543582,83.018852590528,0.5721133217266117,Moyenne
14.665568212688797,-17.40182716136714,-72.3680378724834,-15.227139298132913,22.016225121383908,131.4113746091588,33.342906608421664,65.86807573667778,0.7193011780493481,Bonne
14.70692033222755,-17.50608712162505,-119.45491174798654,-15.601990184819837,13.082904025501094,25.41665462380391,11.878267431396356,100.03657465265911,0.2531023817410789,Mauvaise
14.731968125626222,-17.53046046581247,-77.20745314342405,-5.116577260356506,16.339340930074446,114.48940996102202,34.58687445386124,57.73226080346642,0.741074722505251,Bonne
14.743497181408415,-17.454388410234923,-94.65965198670794,-16.236347727772404,20.331123489272496,76.01649290473304,24.437904452304583,74.33487823716253,0.5114144631677106,Moyenne
14.733895740861776,-17.535078184440078,-65.61377022829853,-10.942716962474265,-4.124121445264668,65.86360220556492,21.68171888844826,90.04717809876998,0.49631987554489576,Moyenne
14.665493493500207,-17.42411126660367,-93.42223582685106,-6.0462950168025,14.972546389076566,70.80160691659779,21.856265183236353,85.78641603760869,0.568563236666214,Moyenne
14.689564788271037,-17.42190534993735,-65.72072300364363,-16.94344803571109,25.946806492992923,134.52459607485315,37.86192651087651,36.00879306363478,0.7938803443490968,Bonne
14.745363403845218,-17.498659605373398,-78.49868513368449,-5.408041229852197,-4.391393997609813,75.59286116679303,12.897126988017435,100.41466301933659,0.48586531340674144,Moyenne
14.764424725263689,-17.357093115638484,-106.32673134626815,-5.735318718461256,9.181373633033639,58.13272361805396,8.547396462852166,92.80410764229411,0.4345210002068151,Moyenne
14.656134233958094,-17.385109682650704,-90.38827613921733,-6.615992181184325,27.41796075720405,95.95241949843377,31.474256693572883,42.36864530457065,0.739779182868629,Bonne
14.655489784049097,-17.528082608420057,-65.43253982867795,-15.996208701379969,7.3604040798888235,119.81921531119505,19.274698721420776,68.05671436230091,0.610218563130831,Moyenne
14.733642588814078,-17.400297574532182,-72.8358165736442,-10.123229215846234,11.05550884700843,111.90120938682787,22.658321318464836,58.65718736739327,0.6627825057958625,Moyenne
14.721246000041226,-17.479385062478034,-114.64482084148284,-8.347519378542637,29.35394875655095,57.25348860483005,23.7516061144681,60.6837987041127,0.5546038297969345,Moyenne
14.670194076567302,-17.39994229567021,-81.14954017545021,-5.195609005249985,1.9763350632700831,68.87631158082186,19.563042302418015,94.14416066769566,0.5257264837599935,Moyenne
14.721277905620605,-17.38984104152948,-100.99312277710528,-16.474066490860814,-2.716068380624792,24.238244740675277,10.043032352570979,106.81232558776094,0.20334403349311925,Mauvaise
14.77668335465511,-17.519724388787907,-119.61597559658085,-8.27563740672985,25.079790680145653,58.79638603512146,17.980622278375854,76.07068271100586,0.48290793831150775,Moyenne
14.73201702865156,-17.417631603032422,-97.80854670351502,-14.256783621020418,25.396286942432898,80.68780968165015,27.011561472064095,56.14105942572465,0.5756645052920444,Moyenne
14.708388350286464,-17.37745400790214,-107.08850680512658,-16.541229482047967,11.522724213800462,46.204005853609864,16.538016976612102,97.02161809507056,0.31991657388025846,Mauvaise
14.757579223432144,-17.485325275189865,-74.96219012137406,-13.10072282300603,12.997251106705018,99.07130297547718,21.872828515633834,71.38627657834058,0.6146099266046556,Moyenne
14.67766692313478,-17.533934339163807,-101.4468165134829,-7.886297229919371,24.25322293662426,85.83358726740873,25.685112791864476,67.9661858178534,0.611539277083546,Moyenne
14.7038624360075,-17.54454650401216,-74.48619683254006,-12.492102748143271,20.84958243405283,119.33829399928412,29.04086021035053,67.8525697185381,0.71365567569675,Bonne
14.71860982593541,-17.527999807920654,-119.96711336408626,-11.474676597157321,4.280215077595372,6.334371804720942,3.492185742856413,96.06213392366499,0.20264549653494332,Mauvaise
14.715590185966597,-17.549158815743397,-103.06994674856344,-5.067768257198303,-4.408732572496854,20.25725277739182,2.4623360857720518,110.38208379732453,0.2933568599718183,Mauvaise
14.769726420997449,-17.484610811521435,-106.73591321307309,-13.412469806196036,11.789505688674101,64.41630157784485,15.20115873864073,90.91355291455051,0.3799332742874841,Mauvaise
14.688046853942067,-17.49013428240751,-107.1537951412264,-10.384389434070643,25.06193141334745,70.6272139976549,24.69043471194124,64.76795863251466,0.5475025942649735,Moyenne
14.65734548369485,-17.527931746462517,-116.24973591289955,-13.886581177384794,26.354213684155674,52.755834570111816,23.433778041586322,76.63546904906508,0.4456585410497283,Moyenne
14.769129036586786,-17.419776424379442,-109.7081651274224,-13.501000951398131,28.467916897665383,81.0994216319604,25.574280519161267,69.33057601564511,0.5368020248168327,Moyenne
14.678218795427984,-17.35161872843208,-89.4447736562909,-9.261029451764287,25.78471331644734,104.36511406181648,30.25858985171801,59.34213580408523,0.6996836454587578,Moyenne
14.699273636616972,-17.369814717031083,-103.97514099392406,-5.869582334671632,15.301524435433443,48.523437734264206,22.881839158245793,80.30947211658012,0.49708822451152945,Moyenne
14.71901591118735,-17.49942988006459,-97.04328697189686,-11.4069746931075,10.56119597326353,80.00077477592212,11.854609530529036,89.07218603775509,0.46057327446084156,Moyenne
14.776864461171266,-17.39600367340569,-99.27232158090463,-8.242400994717082,22.119744628693468,78.65671100515587,28.82533826715652,76.01267055134176,0.5887566047109646,Moyenne
14.719584897411718,-17.362627347342997,-71.82522912500579,-17.751108176562507,20.893757202795875,122.6616692613911,31.61733412159989,59.573292361591506,0.6810450926525219,Moyenne
14.708206629851302,-17.368727152590893,-70.20855505442165,-16.043787475953025,13.835020052850904,115.59417932844977,29.824194527052967,77.18633738375325,0.6288430554149942,Moyenne
14.725873002337293,-17.373090095737744,-92.8873665589277,-11.970157027126547,-1.9435419604535809,58.045327082586475,8.151963290276997,105.78848139559713,0.3369247222210836,Mauvaise
14.776205060789227,-17.392709897564483,-101.84142273264176,-18.71983586919715,27.41284713754216,74.25731301744136,24.436870151200015,49.14294263931525,0.521368298932971,Moyenne
14.756332797838336,-17.49140170477779,-114.12596127987,-15.460030297324177,10.946088812558175,36.08593024470167,12.171907299218908,80.79298465802293,0.28887315973827793,Mauvaise
14.67196585772055,-17.53328738675784,-67.56284163398477,-11.756381942450474,7.71668236706925,123.27471125071341,27.88106801089713,85.0578051735695,0.6392006996649198,Moyenne
14.754423801937547,-17.45243612943081,-116.68751803048364,-18.790543224411792,17.03485883090701,42.730766455909006,15.502793735867845,82.68639569868066,0.29678898441595436,Mauvaise
14.759342877774506,-17.539041773128734,-103.62923473374457,-15.296351992835415,18.58432864084419,57.116286399894776,18.112450531731685,77.928502115383,0.4362923662107896,Moyenne
14.7397902335146,-17.350305263092995,-103.60635893564978,-11.803568527337827,2.3740770960605504,29.67016917783125,19.233678528211968,108.41347772783078,0.2871253757407495,Mauvaise
14.735440349691745,-17.478338063387053,-102.37792926228818,-10.97591052826256,24.292859568348465,82.19829962886135,27.768447468641817,68.0087750333671,0.5700335427555214,Moyenne
14.707314010110215,-17.358332016322223,-110.96422362001749,-6.039476297225724,5.147798278183226,38.30284772745561,10.566007440343894,99.02512391626615,0.34741603348867683,Mauvaise
14.733420400325528,-17.395375801619817,-76.92612129919667,-9.96516127449149,1.5339374070010852,75.57878185003935,16.090721037955312,81.51940835250315,0.5089879601540326,Moyenne
14.745884746379794,-17.46774180926184,-113.2626175918706,-13.193698764580088,9.22399484990741,38.51475417309426,7.93938287291336,97.01454118429156,0.2947180782092116,Mauvaise
14.66596663224966,-17.526337717456794,-85.08013374657605,-5.975083520137051,20.569602831411284,91.02002767726816,26.781157943157456,70.18071397371803,0.6934255836132713,Moyenne
14.683452894823846,-17.50256138193106,-113.18846853118004,-8.01163823257088,28.791036245393123,59.61192903101975,26.78198101903962,62.00430539945779,0.5627994344832367,Moyenne
14.675230644265618,-17.41539108477012,-116.12053993238739,-16.199875104421533,23.324844253000162,51.382365111462164,15.713388989537043,68.22328998892715,0.3998465805417398,Mauvaise
14.759357538797781,-17.38401295932425,-69.9813772972768,-17.168206941116523,27.912193218456714,150.0,34.84044170450987,69.42486331949698,0.7782764763961455,Bonne
14.73840033689913,-17.354111901633736,-109.54291785247119,-9.538637099601738,-0.07879685732156272,20.170443052266002,6.223463551593044,104.66136087507597,0.2509883189488617,Mauvaise
14.708601210144773,-17.52356756319726,-74.83124149921626,-11.161635681922228,-2.5088120397713127,76.08775493632268,16.010486381360753,87.71685681345282,0.4693204112575827,Moyenne
14.7573872475635,-17.518810530923012,-90.04530208910754,-7.9445694069014205,14.519666666733492,84.18695654657239,19.33697032185312,81.8455441690096,0.5787749924069546,Moyenne
14.743181574199026,-17.541512104661972,-115.71789142151768,-8.656729298898389,5.160411906541203,28.474072257196198,2.8374156018019803,100.44212218870214,0.28277961577237226,Mauvaise
14.768767100600888,-17.497927094899563,-67.45034947090629,-10.247038525994789,23.98192405392455,134.41648846700556,40.49341550303528,44.09183300031664,0.8338546125342905,Bonne
14.65998490949273,-17.38578651223774,-106.41713581544592,-5.19064959719551,18.519575499081412,67.63630097981063,19.7887185898496,81.82473399144824,0.5367285155814444,Moyenne
14.71619045960036,-17.51034862865382,-72.71950600560663,-11.529743778454279,28.97548573950281,133.6807499586333,33.740405324505545,41.333129914612506,0.8352758423336399,Bonne
14.741877227464913,-17.440427050020986,-110.71544968184897,-17.416519408975923,3.917732450595647,41.48538168941413,3.1111287185229317,112.9487909432432,0.2102327596572705,Mauvaise
14.67697411428463,-17.460718560398796,-73.03314148219809,-7.404170092576162,12.002444002433133,99.44541865075598,24.75557536558245,76.01752910160198,0.6749261995878784,Moyenne
14.692526410156278,-17.484834751531974,-119.27241529020883,-15.474052927160074,12.543416709887364,21.264613001790757,12.233571766340964,89.89676009054298,0.25345223105914594,Mauvaise
14.704466912671577,-17.42633071730911,-91.85207488867856,-8.117769925985144,3.371187820008167,60.991206837167184,14.996631669293059,93.48854689607083,0.44054800655609816,Moyenne
14.753262330375176,-17.44953484213396,-77.68065813181437,-5.60050065599928,15.65326898208027,105.8877265915347,30.16409355232481,76.26802455318963,0.7064692349622853,Bonne
14.714164906137436,-17.483047365303083,-68.58624653789693,-9.244862804499222,10.515009512773384,113.04821916120946,21.88427094829505,73.63048765265727,0.6819050055590292,Moyenne
14.714073104270213,-17.412229822976002,-69.99388250864321,-10.655577746702784,10.635254459645576,110.09941901853622,26.61835931306575,89.58476654325402,0.6465578731244119,Moyenne
14.706015390411778,-17.494006361792295,-74.92063217487953,-12.554593540549432,7.6957826790369275,85.30335307031913,26.442557611082094,88.02712885920829,0.5503849821048082,Moyenne
14.67971658160852,-17.421363332041103,-71.14947576862828,-13.898261876064353,-4.407472665106273,89.13781729575526,19.010857806834007,98.08858476752047,0.4499431179761038,Moyenne
14.769999299629658,-17.35855082633169,-109.0429172789608,-14.057933486394292,13.273333292017615,54.322044856914744,15.203042201014107,78.99075917863982,0.3710067282091566,Mauvaise
14.691314145685368,-17.404209604163697,-104.36986373585492,-10.090782120065732,6.733674249511589,52.91017975820674,18.228175193070516,92.36418990060257,0.3726195984378615,Mauvaise
14.723770535900087,-17.466320088072735,-104.10673112934178,-8.482176362871558,-4.953804585548461,14.884300796138653,4.922836244094032,113.61435518839126,0.23891888304948947,Mauvaise
14.6693413656179,-17.400488135759495,-99.26203379490656,-9.500761027218198,5.77802976816762,52.142790442715466,15.431148908024069,85.99578220620818,0.4020891209936615,Moyenne
14.706451640972876,-17.38815163663997,-98.36736312881462,-16.22225858329012,4.751991658141495,49.85841369517567,12.031160821940448,103.95994008627208,0.31189800319251243,Mauvaise
14.767494457101998,-17.484831906600405,-90.04945714399284,-12.084179477991123,8.770685362827253,79.48131459047873,15.279243875048723,76.45003747261431,0.4840137433270863,Moyenne
14.779410481006376,-17.408973556868343,-111.20661301484573,-7.917038989437119,-0.38518036248110654,25.460382204436996,1.1824315887309824,101.48442277978691,0.26406963708165665,Mauvaise
14.69702774137535,-17.46312076078532,-81.98143349177059,-12.340142905353213,12.768933862227954,93.71383721211083,23.789597625823124,70.51674418501858,0.577737432676779,Moyenne
14.670018771020864,-17.386295503643627,-110.78384033825215,-11.487274083703086,19.235412338134548,43.99468704649443,17.05593849775531,84.87374656389018,0.4259077488443493,Moyenne
14.690878698474952,-17.490924480964928,-102.93303348424989,-8.20409532560849,17.056494916910037,79.36412800729677,13.60722771260912,72.00128124687221,0.5291818964160745,Moyenne
14.692541429890312,-17.362448065995114,-92.31601781666153,-9.74228571228872,23.13142316492167,99.77351551103985,23.80400922483641,50.758403023254914,0.6572543995545703,Moyenne
14.733786143256701,-17.435042612547207,-76.19576911620875,-13.269171107646503,10.82029007954784,93.24027633041166,22.950473142848143,83.84400067702066,0.573280668864591,Moyenne
14.714500374184293,-17.479339337212856,-79.32919217187,-6.464222043280934,13.168210561890486,100.72913153773553,26.634368260980313,69.70755140985034,0.6661376263505048,Moyenne
14.749899764674531,-17.466125746257635,-84.49561039742127,-16.724061038711298,23.364067930064415,96.99684979689248,29.73316225346142,52.765268519533905,0.6229859535975767,Moyenne
14.741169426984673,-17.480440277337195,-111.43247066809064,-5.062769719735453,9.969540978673349,44.94670636136095,10.761121319738077,86.14838600487778,0.4118842457331471,Moyenne
14.682670134110282,-17.52075073282857,-89.91250599114323,-17.33606390133268,19.55597724648589,80.49100035379507,22.259069094630043,82.81636154440902,0.5177013880835104,Moyenne
14.75195323968515,-17.53630152062251,-115.1904424010063,-18.790700404540654,10.211082905129715,28.831737792252067,9.900601433424894,88.28383343508794,0.2288330056565258,Mauvaise
14.760170042698926,-17.48564426097235,-99.24502527618421,-6.539735383917295,9.620766807904692,58.48062624314063,18.956081001206776,86.20424300020112,0.4730437774744519,Moyenne
14.72779072466802,-17.458261911784362,-97.25659083405225,-15.570650882876615,21.60719685852061,92.18890699500915,24.551956347321813,65.94004337510653,0.5370885507789007,Moyenne
14.770596802202315,-17.477636612112796,-117.81037083048354,-8.784205215745907,1.119292041317391,8.813311082287765,0.2,97.5863576684032,0.21760518989394995,Mauvaise
14.751783255955491,-17.54721609926654,-104.93065452915155,-7.64578475095103,6.850509017955076,46.398608325252916,7.315058844451915,87.6863334150054,0.3933655803785233,Mauvaise
14.727401467893516,-17.434198750809504,-67.43927930034309,-6.974190525550364,2.846029686141562,96.81994929410345,23.15483965684847,71.95436686850424,0.6316448532406022,Moyenne
14.767801579650733,-17.521036704021814,-67.55020656936708,-5.117680700701666,7.568848003865899,106.0448572322535,23.98267487775979,83.44825595624864,0.6929745871835655,Moyenne
14.72804660243127,-17.50779894428768,-100.62201201611035,-14.883444059440013,3.0631187828108413,41.75263514102048,9.702738252018424,97.79857162822324,0.29547010688044045,Mauvaise
14.717754846553854,-17.525850293143762,-117.62949400784218,-9.056593213018372,15.279197088032912,35.07579099591511,10.686912533834,107.40381847767748,0.3567614686437126,Mauvaise
14.696313584253444,-17.445913453994297,-110.14977833695002,-17.384401984068404,22.935978091624584,51.12477106578264,22.01299888280444,67.78574512342837,0.4164239756427626,Moyenne
14.764772232977277,-17.530968141517196,-98.42802136115529,-13.304669921004109,22.531457142626564,77.5886900217161,23.419459383698193,61.87768764367773,0.5510075483582243,Moyenne
14.665954532213467,-17.498728550163218,-67.87211661169236,-7.1283962936237355,7.757533759207735,108.09066800743204,24.115193152167272,87.95198335921336,0.6703359651869183,Moyenne
14.711555352848269,-17.459658256476004,-112.23405150545483,-13.852787355172483,29.606614206299163,72.42237282541537,21.88904174251084,73.51987954518091,0.517545667533595,Moyenne
14.719863733143752,-17.51645822296563,-78.00662859824833,-10.724664672501403,15.784902764703027,103.71206425492863,29.51218582033351,72.08223917279568,0.6515326077322776,Moyenne
14.722117383880072,-17.460751727659634,-114.02246033439194,-11.947171787855122,8.979010562240317,27.53300920050462,8.71404790168178,85.82996024263375,0.2983039046100066,Mauvaise
14.734745677963081,-17.481452974856523,-66.03083324347978,-9.95667856443137,24.243874773449893,135.32654589112963,38.68356170555628,65.73242041855953,0.833436718935374,Bonne
14.715753431152995,-17.37788056452608,-99.01109254899758,-5.379478548572271,20.54559044249243,74.82752786387861,19.147256225493493,71.21433974939673,0.6067326132979677,Moyenne
14.683386359193191,-17.39101935747434,-77.36210036055192,-18.21970262898037,21.224636788843654,114.47904900964029,35.982160041133206,57.653052629906966,0.6417569722818608,Moyenne
14.761402771498135,-17.351429083306893,-101.15749044538775,-10.964538754977184,1.864877240685506,37.80316584854663,12.732414528133807,108.05372045881101,0.3134807095980847,Mauvaise
14.735478292618618,-17.444217653406913,-85.47821175626552,-6.917597090496013,11.391350757899428,86.61676828590517,15.327178406859884,78.33894325923045,0.5926430783588367,Moyenne
14.76156441578234,-17.43492058128849,-109.43911533929798,-12.260642035522014,25.163984578861097,68.8370707538297,19.90528641125733,60.6926628072235,0.5167359669806699,Moyenne
14.68588565382745,-17.360670830376854,-111.96884393866706,-17.90061939681798,12.641330267006506,32.69838379273965,14.092738981400734,89.01053819457972,0.280154810965305,Mauvaise
14.732817396337367,-17.470081557062496,-68.40647232375278,-11.152449066165207,18.92084601973676,116.36603276974353,28.343140932055245,54.04293770549117,0.7508733753920195,Bonne
14.74284258685993,-17.43886346309836,-69.52939971525616,-14.350965528466514,15.57768065619926,139.73487945546484,29.174304312509847,41.40474781172092,0.7136171011528334,Bonne
14.699842670847818,-17.474182900854906,-71.18920828829147,-16.830815005268896,24.482487570143373,124.90480080807475,36.501413756128734,46.705979594329385,0.7359564672585915,Bonne
14.755591735366897,-17.440827858820384,-85.60116024083736,-7.113516814031378,4.959629391656092,66.24828636377362,15.957156753927736,83.35515639311548,0.5110316460726764,Moyenne
14.650326140729499,-17.533846713496494,-75.5452483831047,-11.697606818124298,15.141634726022772,111.99234962087903,28.774823484740583,59.55191228162085,0.6656540484459262,Moyenne
14.72733956752785,-17.393241181331256,-116.20296846987438,-5.9341302266930676,-0.6867866196568606,9.968265238425282,0.2,113.85480933587539,0.23173800234772202,Mauvaise
14.729763901145777,-17.352944010514193,-101.58660269601265,-7.715768935557033,19.157377184481376,75.78445532623384,14.122308459028169,68.67406109630151,0.558404169196204,Moyenne
14.719399602095022,-17.536851919512088,-102.7463281383564,-9.298394887168657,20.618874342344924,69.02725429322655,24.418343127711882,77.19683318965313,0.5352097568324684,Moyenne
14.731906303299528,-17.389792053953705,-85.03950729260627,-18.929642952885633,-3.5006937583850557,56.3399146509156,13.713130777525855,89.30219165246537,0.301103738663219,Mauvaise
14.671739491413025,-17.501653039900994,-100.42232245911478,-13.0104716070645,18.65268372697948,73.07816858739075,28.419975675060456,82.35003925749069,0.4918762820410554,Moyenne
14.739021592634309,-17.510490589344606,-111.83212700959756,-16.235192056871547,9.514155395802522,32.4166439349589,3.8971047698996752,82.79277938686344,0.27580348066769494,Mauvaise
14.693652565168767,-17.41132592034531,-87.19431085225509,-6.248829245315852,-0.656609336161118,58.41973081301484,14.274860994438384,77.42444967901176,0.459592303141305,Moyenne
14.708766986534869,-17.541173550288683,-75.20888436320053,-16.555824214530958,9.696764169446366,105.98134929545749,17.558578977242107,86.16662880752114,0.545011968302162,Moyenne
14.693304217319515,-17.45735213054953,-98.98320780470148,-14.995159276770003,1.7981525393453595,41.147250023215605,14.884063890922192,91.1778795271828,0.296177932000653,Mauvaise
14.711611706454933,-17.549711106816936,-112.7252206695835,-11.764285251717013,9.544583624316079,33.331914881191594,11.690981803755054,107.41936469286534,0.3035929944126623,Mauvaise
14.730803999446527,-17.439121194270708,-109.18214914779473,-15.312909334026891,8.451865978548469,45.83936668485377,7.846767440227013,97.81608995620432,0.29444135047850134,Mauvaise
14.758984651216421,-17.457583666453676,-106.93841821568388,-16.061894518092302,20.843707292762012,73.58298649741194,22.502816153248354,81.26320453424096,0.44364970103141854,Moyenne
14.71284655749323,-17.36690347866387,-103.50563238530052,-10.612609448561466,22.097544535822557,86.90700554434211,20.582174817069802,80.00475222696224,0.5456693481733819,Moyenne
14.692019097588469,-17.40594561944312,-84.646271122153,-17.754986681429667,16.246002903459132,80.54350302342155,25.64725543832165,72.24785271011861,0.5206648137638528,Moyenne
14.7134324442603,-17.52479876562421,-86.94799835042545,-18.185651377907053,-4.205960523614336,57.01743522240318,10.24191035944831,102.00738733345983,0.28482737215761866,Mauvaise
14.739544476329167,-17.479092008049612,-81.71560761381285,-13.788565867395,27.585779767484787,127.06766695470517,38.94208758084673,64.40265194529155,0.7281000021271646,Bonne
14.695071093174354,-17.36368404606424,-100.06239085076677,-8.910697636889928,19.01816480337567,66.8450459784217,26.735656294854135,75.2935131237039,0.5393696181271866,Moyenne
14.703856669714042,-17.404933170545185,-74.68012914660119,-11.232705384164728,-3.8031592527583906,73.45016528925196,12.40794720193819,89.10506629545941,0.4547257320403881,Moyenne
14.723169176211135,-17.43114497700274,-108.77517863643318,-13.079729441465096,23.659151472494123,76.80947324511583,24.664410361982384,76.51208680620095,0.49610905375529546,Moyenne
14.688221204297555,-17.438185681842622,-94.20275888650153,-11.079478100855846,2.0093154151298647,43.24066934332394,12.500075647026263,78.66905260266427,0.3764494395794135,Mauvaise
14.677181005740778,-17.470380306719225,-75.94837031522133,-13.883679214854169,15.272741634988737,110.97375316628367,22.870943333143913,79.35139876534708,0.6269385166878045,Moyenne
14.668250996902223,-17.432959707466207,-110.09127437470595,-5.89395130395042,11.332202948256551,48.48006886536113,10.311910891515963,100.39950242877924,0.41600692286583385,Moyenne
14.69583929780639,-17.395667117026484,-113.95752874425693,-18.23133152724916,9.694357382427683,23.092759399366678,16.90935340600832,103.2941209445015,0.22137631456840637,Mauvaise
14.656284577836947,-17.524492464728727,-71.39738177716056,-9.572519293582307,26.139980204353915,135.76612584797368,37.38246572435551,60.81102521264833,0.8282534705710662,Bonne
14.725852728472235,-17.356033872070377,-101.13886854824423,-6.5220426924114925,10.307645204691514,57.086960890507115,17.816086389951145,86.4083849574128,0.4672610569396043,Moyenne
14.672868217579678,-17.502127026182205,-82.38714313000324,-7.745614077706453,-2.362955884939724,54.84689286477141,11.874297847940086,95.5288935714729,0.4395079428720656,Moyenne
14.699061323002905,-17.460451463712527,-118.60582676548339,-16.423425512499747,28.132355452523342,53.60157981097656,19.560783704689126,60.150203692767995,0.4327037986826822,Moyenne
14.684998966001789,-17.545456875070446,-82.04742113748027,-14.857031114275962,27.218733093386966,119.87649343815528,33.4183092901562,68.79944319481275,0.7015737862167132,Bonne
14.731950695624427,-17.439930815408303,-102.61442786491662,-8.961328858100535,18.955144135355955,75.87887863558319,19.5552389762897,71.75914536550391,0.5357568395365504,Moyenne
14.760544935990692,-17.473626630547678,-116.9342530526907,-17.820212171469283,11.376238484620874,35.114118789204426,5.556619577698069,95.41276247325665,0.24123620886665484,Mauvaise
14.732329135588484,-17.500048825545402,-86.46029811485357,-7.633936202343824,-1.7499184469767561,48.62635447730467,8.503976374555425,99.38938224108978,0.41494769163895723,Moyenne
14.72052564072754,-17.35289514924353,-106.75579011597547,-8.935302775532936,22.676184150211665,75.08486818419051,23.63245590779344,61.570094289059384,0.5513397607440642,Moyenne
14.736980886111866,-17.464371771465547,-98.7256016871466,-8.785506910705204,-2.3582729951589867,26.762412932200746,5.653176245580169,89.7707027594529,0.31504182208730624,Mauvaise
14.653898782908826,-17.467140727281222,-115.56805532424175,-17.596620816253722,-2.5989655286699023,0.5,0.8090194125301755,111.68886960298543,0.08583149829264616,Mauvaise
14.665969805925076,-17.457379347103807,-111.906021189778,-8.951352372572767,13.808434485377884,40.439484379755314,14.20356587483385,83.39585231497901,0.3978704592858313,Mauvaise
14.662340540676237,-17.52676924418677,-103.6112520477286,-9.482546246920421,0.6044884064624076,40.053603304472084,8.098353814274835,101.06328477848382,0.31208244160595683,Mauvaise
14.662765631547343,-17.471380778037013,-115.06322746919136,-7.367085128494093,-4.729440643087786,6.181316433330102,2.856999119567685,122.92299430308489,0.17811795755803625,Mauvaise
14.683862882975552,-17.482719148178887,-69.90455544225267,-18.417656612409427,9.808970084852518,106.76762145888993,22.10359720940273,75.52404503451638,0.5628395602456465,Moyenne
14.719166793849816,-17.45697510824749,-119.66741262488118,-18.67645064145091,-0.1973968936476922,0.5,2.6889859263690763,116.19487165842114,0.06948263493610142,Mauvaise
14.664908605225378,-17.378675766631744,-93.38768796246288,-13.77790060170015,0.6180395348241934,45.35891244453005,13.01202026807387,100.72182953175904,0.3274747813153089,Mauvaise
14.77156511135462,-17.51144292108818,-113.22138980270967,-16.91696402611186,-2.308127644263287,9.777661293753363,4.714379555071833,107.6503305672693,0.12037644588664596,Mauvaise
14.761053384345074,-17.428452134856077,-103.07765007871284,-11.182617314016893,2.1782813803263483,26.577057740074245,4.208866640434334,91.32092326541938,0.30328596682579545,Mauvaise
14.776313765998287,-17.542472582049616,-69.0667242099954,-6.157115378905516,20.041946292103628,125.88560266560471,33.62046658601514,61.13904403046061,0.8151916970824398,Bonne
14.655525005861504,-17.486641499579996,-111.10679956993073,-13.51928377532378,23.312455752622697,62.018796545485,25.579567016555682,74.03176270756579,0.46257280577141024,Moyenne
14.76068231812161,-17.455468476181462,-66.87922241549171,-7.170694718183542,10.838677541025522,103.17408130810314,26.881984875825893,78.24275222957351,0.7032645922035681,Bonne
14.754485429807394,-17.53514416984049,-108.6813092655818,-18.99662775674987,12.72938355584962,39.99295535302957,15.322594352033976,85.87825163354242,0.29648137663626645,Mauvaise
14.76727376239832,-17.4412064130753,-79.21386403432437,-16.640794991571422,-3.857073789202909,66.9063378951338,14.916382719299985,94.66740975940587,0.36133827082605047,Mauvaise
14.718632741795775,-17.487934875785584,-89.93275043064786,-18.5740704448428,-2.57393085200391,48.042557283418766,6.645376219675732,98.23724581634421,0.271912648901224,Mauvaise
14.752425579200837,-17.35143799728154,-71.35366998217825,-14.40593947278904,4.014870397733091,90.2584074962161,26.3380989716507,75.13851985511033,0.5320020739772856,Moyenne
14.656667294314545,-17.423806099562867,-89.5303709473278,-6.285345660248961,14.036444724960162,74.57983933915935,22.988383866814093,88.21292386991695,0.5813671656452404,Moyenne
14.659864112632919,-17.501164960796856,-90.59924294640302,-17.64267026961417,20.884290205724753,106.3646660072781,27.467776555346546,76.6486830747928,0.5520414728646549,Moyenne
14.665409191323446,-17.529465350910495,-109.249809979738,-10.510263125586794,16.175107146831156,45.921703610673156,11.099059375841904,72.8130258536541,0.4284794713984037,Moyenne
14.768922552228766,-17.541856044125694,-110.85738508715878,-12.679056852327781,8.724474924537589,37.004137658999156,12.69068206131068,100.10314353064922,0.3055002646180171,Mauvaise
14.657952015420499,-17.531845347124957,-69.59309668864671,-5.861445026878625,-0.8586574448901638,82.07146803492991,19.560586971687947,73.75897342127833,0.5841130181778786,Moyenne
14.663019438470885,-17.413988094594213,-101.96889906324813,-17.284732004480688,22.32706322105163,77.59723237568812,27.812403565765486,78.51042993387756,0.4762182472548342,Moyenne
14.770953352341838,-17.379001544801135,-99.53547597704073,-16.031610092968794,7.732511805966999,55.91559238648773,12.64154602929958,84.39464405245312,0.3522171658954392,Mauvaise
14.663961035638197,-17.518653377057785,-78.20969878643864,-18.586412439439094,20.761890506897636,103.60524036318651,27.196953790779496,65.0069222056667,0.6134618893911526,Moyenne
14.763068318834298,-17.46957310928945,-101.3647084667456,-12.924906505160767,12.954259467001965,59.53558458730851,14.543616679217417,68.0420780398994,0.4348051839732264,Moyenne
14.752605202448096,-17.479152931360822,-67.63656543485484,-15.110339406094841,20.853171874663882,142.25001170191328,32.409487705043624,47.65237996773163,0.7593740433850386,Bonne
14.65523665850918,-17.421096381762386,-79.41397270506599,-6.821316925535507,26.755134650840017,138.5985308510039,30.57716425442079,58.02872294409895,0.8239638047738977,Bonne
14.652840161595652,-17.513464423655268,-87.1413916584619,-10.53082861523143,27.23603306188307,111.29158851833986,35.43621613415446,51.47591449260932,0.7232530617577635,Bonne
14.719470489856766,-17.3593361379105,-71.55076617003861,-10.402729668340177,13.72873730002112,112.15462176871186,31.550441539296266,62.257909593510206,0.6875635415663337,Moyenne
14.77963280248968,-17.40428872362187,-117.27167504077845,-11.553250243661765,12.902792766797358,50.134402193083616,10.399493569065525,101.87523747445078,0.3303384636768482,Mauvaise
14.764247920812867,-17.358985624223074,-105.86155192959352,-17.714095278791184,4.298746292599304,43.71224855768322,7.7792994632092,115.30712724886106,0.23744072828376978,Mauvaise
14.690303306338267,-17.494526151009328,-94.42300161784995,-12.769738427845027,27.752994103525197,96.04860890266373,23.932599566262216,67.13227047765308,0.6382974142014254,Moyenne
14.700220200435002,-17.43245687242829,-107.51618032906634,-5.0069273440807684,11.027170851986732,40.32496753747169,15.176240247128305,80.20919738141792,0.4422472597408131,Moyenne
14.700427779510953,-17.403546412577935,-79.08521469838163,-7.306789928155792,-0.5343066249417996,78.13891745716577,19.906480544584696,106.44453055173184,0.4939092186931055,Moyenne
14.745443246067651,-17.407808755446453,-69.44355829204511,-6.491573241660378,10.144672011929247,100.14699788701596,23.884440854356015,60.55560233753229,0.6993693381578111,Moyenne
14.69434725784611,-17.54573078011433,-96.69264340379921,-7.474830970549007,-0.5531362416698613,49.218047740912446,8.420025862172178,97.85014863744485,0.37271558025360235,Mauvaise
14.669213617978784,-17.350342167302024,-101.18270699384578,-17.55741629196624,12.588608948997628,61.841015718465485,17.700953200399507,84.34638775453291,0.3744656298741152,Mauvaise
14.747123963115861,-17.364388005446244,-67.11470973243385,-15.815724443092805,14.644643019967425,125.33604560701389,34.934356789455066,81.09142190235083,0.6622402098799668,Moyenne
14.709542030371864,-17.52604958374548,-95.53311619448525,-18.956296881010264,6.821451652275487,55.18273534608563,14.937754154028289,96.74114307474649,0.3259393459627206,Mauvaise
14.659981234079241,-17.441286645140966,-93.10233797528943,-14.75085825170644,-2.492228501898037,37.70297000424061,9.255911505399629,97.67511043314133,0.28632245285142677,Mauvaise
14.752706794903968,-17.487088708936117,-100.6592570211952,-17.479496367149103,28.022623747163365,102.62045320524145,27.92305216907544,54.50534224727113,0.5711206911182445,Moyenne
14.726090464313529,-17.374221196815142,-69.97483398433239,-12.380893165777838,22.067358971920036,129.2036019260472,29.68086186511667,64.61191396268757,0.7619184703614967,Bonne
14.713618012284941,-17.41049607388237,-88.7074484194982,-9.520215159965373,24.360837817679236,100.63153270962063,24.664607564061495,57.54630718626042,0.6861874203409571,Moyenne
14.737534611729146,-17.505296568653524,-78.08039770500955,-6.7569258694669205,7.840393800018029,88.30301495848136,18.73615095591466,81.89354835014886,0.603596004754456,Moyenne
14.715697798766648,-17.543227770926542,-75.35063049070125,-8.510959688727425,21.62908605068077,122.70627732891295,34.806311285843215,48.66885133578956,0.7744342757131224,Bonne
14.734294619238504,-17.491651639477045,-101.1983026945508,-5.859801659100928,11.988051330921799,49.69238706735164,14.966158776914499,89.31002719105095,0.4791067894326958,Moyenne
14.76277351089749,-17.542372545438432,-96.1468117773791,-18.245423934486958,2.0379220942116083,42.10729221322345,9.186349197458561,100.32253553390417,0.2737436913342834,Mauvaise
14.729756867854446,-17.52173785740033,-73.33405240765543,-18.82948230416842,-0.6451818082475356,75.09749069924223,15.239930579116018,79.97061762172613,0.41547926632461607,Moyenne
14.735748064721056,-17.42277239167726,-100.02095565783044,-9.741266406293022,7.0767804262719896,56.880178671087016,12.533441182731705,99.35492235221604,0.4023361471444017,Moyenne
14.729801289024687,-17.400982986376395,-76.33356766014818,-14.949066256888553,-0.18567609837011112,68.77388223700876,21.25960185239398,95.04801845072708,0.42825757161462497,Moyenne
14.719053371092329,-17.45639661999885,-68.24542225840597,-15.450985774519175,29.939414167142402,135.81546763293022,39.61809996946623,50.71545420452411,0.8218087068793318,Bonne
14.672356413426812,-17.429942425861174,-85.72342948125961,-14.36758077228688,-3.278385341879228,37.976642694850966,8.3430377261191,96.1358532031967,0.32523894603679765,Mauvaise
14.693638093662653,-17.5188229927468,-79.21049919014611,-15.222855189506902,10.44002597791768,80.45916225518124,22.660080355236133,78.46033955677254,0.5234529439474771,Moyenne
14.740104165756556,-17.48664096589346,-75.71964783773758,-11.83989031177778,10.823273283663445,109.81545086595789,29.339665372640862,75.42828988077568,0.6134026355534679,Moyenne
14.705311893871231,-17.40742323054445,-73.52281931068467,-12.837921738862146,5.522117500358643,92.18509496842576,19.624021334704565,80.16894095127216,0.5484628746613596,Moyenne
14.702796771548433,-17.477021776782983,-98.27206641787622,-11.826000280726811,14.997304799743088,72.94208938355422,15.559875088270648,80.59022939373075,0.48600102356335456,Moyenne
14.748705006936973,-17.48023775528244,-117.1805097453201,-9.582009438993893,0.24919584530406347,11.5834269405346,0.6582848716595602,118.43389899233941,0.1939066810023033,Mauvaise
14.650723951881076,-17.51120147259479,-97.89680508197932,-13.580172874403925,22.43693332055318,84.89876934888008,24.828262754739765,77.24146074774765,0.5472106340765791,Moyenne
14.738269282431894,-17.431035024786954,-82.94340736187506,-15.481692380009804,6.63567013866734,77.66929738893661,20.679499372886884,74.57970969895865,0.4675068284038061,Moyenne
14.713599446363702,-17.38809227879616,-95.23072878205639,-16.673192484677564,15.69699064295246,83.8579537949542,23.67778911239372,84.76125558704746,0.4647884232653981,Moyenne
14.698979135562025,-17.456110994278873,-78.80702670267809,-14.107362326543242,20.047373262343577,113.29076844463553,26.313550115816188,72.92598643090841,0.6564752781654645,Moyenne
14.694269759504566,-17.526892148705784,-100.3659663792235,-8.61470934655359,26.11647411915564,98.80358522773865,23.30090764730351,63.39219971701375,0.6416204541843028,Moyenne
14.672473814390973,-17.38232651361811,-85.08907223927838,-8.406131258439427,24.252560275827005,114.8203373071997,29.225830131169,64.40407495189967,0.7265494971228558,Bonne
14.693452770757318,-17.535720579079694,-109.7469107330314,-9.663324586421055,16.290815983624586,47.06951353324757,18.04563150606691,86.53098079121384,0.4278366508956635,Moyenne
14.70088440137435,-17.455654525359762,-78.78468098452737,-15.723605545703755,8.593761313436042,85.27649276221607,17.660970881863882,72.62210767083245,0.5132947657196788,Moyenne
14.70686835952523,-17.497784532768552,-89.98672171528358,-10.766792558034233,12.612163452623737,72.42718153763116,18.51118108523427,75.78134563797775,0.5247894129902476,Moyenne
14.737399083028079,-17.362736368735984,-108.77645862993697,-11.010344737924129,21.90571776825809,74.63184004122905,18.48401072906688,80.28788341872317,0.4985497882428951,Moyenne
14.708964232524991,-17.402491360410295,-103.9448854576206,-12.220273226463842,25.714093989581556,77.48147507764367,27.444402448632992,62.80888897586348,0.559085826960711,Moyenne
14.753516959549035,-17.436718203406418,-78.82652102799922,-11.300294190625902,-1.3676325138164849,62.871866850371305,16.038157162522044,101.19061645604118,0.43362549486480806,Moyenne
14.73316593965919,-17.41644891186213,-93.45693203861636,-12.114931143268647,8.469969187256872,66.62137823788049,18.930207300713842,96.63744208201582,0.43620226118979244,Moyenne
14.674647620334232,-17.443454547437504,-108.11827077838103,-11.083610874962485,22.16408094447252,65.74976471471726,24.68949581139657,82.7728832638537,0.49303070909190283,Moyenne
14.686032512460168,-17.520479810956118,-66.80008452963364,-8.982916635304198,10.107811690788635,115.01202778180141,25.77848831291303,87.7475384965867,0.6835164478665238,Moyenne
14.66030239423738,-17.408180264000695,-80.66812391007116,-17.465205278351842,6.627971742319934,97.23864406866964,15.843518386538001,82.29563706195522,0.4730249503528337,Moyenne
14.772943828140031,-17.451465209546104,-67.35758421031122,-8.505239469913668,9.396294388814436,117.58926206753067,22.45936074502012,74.57370934205233,0.6908545774707691,Moyenne
14.765251562559804,-17.423138145735454,-96.50922250518113,-17.09759389821368,16.099566137522277,74.34953845065189,14.977145724275676,79.45506191690144,0.4507473573358649,Moyenne
14.661023509308622,-17.540959667204547,-93.86948126195537,-18.067208022254754,29.99318004468305,95.14085487039391,29.764607100595175,55.76763110539775,0.6104282793426749,Moyenne
14.724629882060169,-17.52159304148735,-70.61246310982395,-5.334884392899454,12.25473501865861,106.46858277294743,25.711284580127426,74.95641116611186,0.7201938885156249,Bonne
14.774852236451906,-17.432125904813603,-91.12228628650385,-5.6021152358138195,2.297306623399119,61.37509538010412,15.07797465651818,80.09916732407204,0.4715875603878491,Moyenne
14.747128562693,-17.45811421938341,-81.09965984518831,-18.153888370832103,0.6996301347683156,60.16151021542197,15.155602800051723,93.15460785119926,0.36816156621113566,Mauvaise
14.713935585216188,-17.50462526620927,-106.13049173774586,-12.794451819350531,-3.5177588383255,35.67040873982387,1.9209113719332815,97.66409045657817,0.22540581881493263,Mauvaise
14.681343388557863,-17.50184781589329,-95.43004422135476,-16.392570863803154,14.558603222141251,73.0014637690638,19.44251059954295,70.86048916775125,0.45536098948848447,Moyenne
14.686274819760568,-17.423668337488813,-113.21025738043046,-12.205171440118146,14.0600232021092,42.05339600316249,10.101505707181486,93.12370182648013,0.3531792498787619,Mauvaise
14.745710934107276,-17.538206594614184,-108.67109802676711,-7.377518598005777,2.1831874373108207,20.292346685453726,9.569566609002944,100.25260179221789,0.30134805407109444,Mauvaise
14.7514747855217,-17.463148331155285,-119.94811216028029,-5.691435153599537,19.336529225839847,44.735169833408946,12.195984513561266,88.4864253536768,0.43721783232511746,Moyenne
14.718730132165685,-17.44537929905468,-117.8404221593237,-10.120462851678477,20.938746457038828,38.28476079104952,12.993180948356198,77.94773210303227,0.4155691320569276,Moyenne
14.665723331197173,-17.488371479451533,-66.24938972526888,-14.045320659034562,4.068437188373894,118.83205255660233,25.114265528140024,88.96766384377679,0.5835207353102358,Moyenne
14.771402888571457,-17.385890034301536,-106.67054676747807,-10.553442080975623,7.0434917410407785,49.28586441458493,12.318245475202772,92.22821196293762,0.35423526236926595,Mauvaise
14.759819155493675,-17.53864608348623,-83.51791097727988,-14.631981714481695,29.666508532153983,131.22693996450852,29.364230994782794,36.410600078255385,0.7498881170506502,Bonne
14.668270041273566,-17.376843442950612,-73.84951656602136,-6.2624690283511555,8.099256374775697,85.5309025409966,25.387153568366177,79.69646418611379,0.6328827225368335,Moyenne
14.657374585871752,-17.405347401422446,-89.71367474198897,-6.814393516518283,21.628058511463564,98.3861761252079,24.515076881046184,48.74099295222564,0.6898908895873995,Moyenne
14.719662798757465,-17.46074912421336,-111.5770524953824,-11.184755496084746,10.8453899320479,47.68248180605775,10.417490996357927,79.40436049779576,0.3602419820303119,Mauvaise
14.686938540304839,-17.3651065219575,-79.95359594651086,-14.452815184674952,22.76706897513416,120.35786803606177,31.514250024396922,53.041649378753505,0.6901549853164227,Moyenne
14.686822462223894,-17.409552340701058,-86.98617244452294,-14.892544541838303,21.915813357392675,93.93826072202617,29.65578364244231,56.399963077524085,0.6111291313391262,Moyenne
14.661338807057554,-17.36379093006819,-79.78121758589437,-18.532148074129168,18.371460881948746,101.91410182540783,29.273033986363668,61.821096243593935,0.5854147212325441,Moyenne
14.77394015858528,-17.455482044116888,-77.6639357428602,-7.578508085645867,24.917242120345275,120.19030437378026,33.11023698152261,47.72808952755486,0.7981021964216712,Bonne
14.757921639755779,-17.459405379800923,-66.35242977733901,-12.694635017453889,27.872647320718983,144.11866134405278,38.0135727156869,35.589265842110606,0.8623386248405595,Bonne
14.66479849694387,-17.443851473710765,-88.45401959853095,-14.448139002396298,15.299416215822937,98.45722979982573,23.98734657228656,86.71981207591301,0.5354779411528949,Moyenne
14.763957839794607,-17.53691465920284,-101.2097388020169,-12.404455030031446,3.3114117527961007,25.198162431577416,9.539416134218671,91.4832496358579,0.30860888856467283,Mauvaise
14.738784287275207,-17.368301149732673,-84.33444937048696,-7.537668133634872,8.952013657542626,85.78281650252809,25.16541565798717,63.57154187098027,0.5803405427200327,Moyenne
14.692307347137719,-17.416456589671633,-116.23576099165557,-17.255401092094704,21.540699972965264,41.14217926068845,19.15520066390594,75.26176550001958,0.357683726910246,Mauvaise
14.763262572073966,-17.426482864418126,-70.64314749231275,-6.992816164614418,17.78092197933543,113.77848132213063,27.951296888254273,53.898277136250705,0.770978935834541,Bonne
14.727742884411654,-17.364707292705887,-113.43404437639917,-6.4348763084830445,1.2229418497837061,0.5,2.7213439089879303,98.25346036133995,0.2587778233297268,Mauvaise
14.760327079763469,-17.351272564478325,-101.96864391628,-5.746089189525566,-3.2066160598751354,21.8476377733028,5.210919919168893,112.05789209697107,0.30287327734007813,Mauvaise
14.711004830183343,-17.517321321868305,-75.13400406556335,-13.43516810608321,18.90365577397227,128.16535784880057,33.833951264044785,59.75992279566058,0.6975607004322101,Moyenne
14.715084635221038,-17.400200603018998,-87.14781919181084,-15.960034343472593,3.7877658410270865,67.54283299569397,19.38301439892157,80.69287364913387,0.40083606520993936,Moyenne
